English,Japanese
abbreviation,略語
abdomen,腹部
abdominal,a〉1_腹の、腹部の 2_腹式の
abdominalgia,腹痛
abdominocentesis,腹部穿刺
abdominogenital,a〉腹部性器の
abdominoperineal,a〉腹部会陰の
abdominoplasty,腹部形成
abduction,外転
abductor,《解》外転筋
aberrant,a〉1_常軌をはずれた、異常の 2_迷入(性)の
aberratio,1_収差 2_迷入 3_異常
aberration,1_常軌をはずれること、異常、逸脱、異常な性行為 2_《理化》収差 3_《生物》異常型 4_〔動物学〕異常
aberrationist,異常行動者
ability,能力、〜能
abiogenesis,偶然発生
abiotic,a〉非生物の
ablactation,離乳
ablatio,1_完全切除、切除 2_切断、剥離、離断
ablation,1_完全切除、切除 2_切断、剥離、離断
ablepharia,無眼瞼(症)
ablepsia,視覚消失(症)
abnormal,a〉異常な
abnormality,異常
abortifacient,妊娠中絶薬
abortion,1_流産 2_中断、不発
abortive,a〉流産の、早産の、妊娠中絶の n〉妊娠中絶薬
abrachia,無腕(症)
abrasion,1_剥離、剥脱、擦過傷 2_《歯》磨耗(症) 3_《理化》摩耗
abrasive,a〉研磨の、研磨用の n〉研磨材
abscess,膿瘍
abscission,切除
absence,1_不在、欠席 2_欠如 3_放心、意識喪失
absolute,a〉絶対の、絶対的な
absorbability,吸収性
absorbance,吸収度、吸光度
absorbed,a〉吸収の、吸着の
absorbent,吸収剤
absorption,吸収、吸着
absorptive,a〉吸収(性)の
abstinence,禁欲、禁酒
abstinency,禁欲、禁酒
abstinent,a〉禁欲の、禁酒の
abstract,抄録
abulia,無為
abuse,1_乱用 2_虐待
abutment,《歯》支台、橋脚
acantholysis,棘細胞層離開、棘細胞層融解
acanthoma,棘細胞腫
acanthosis,棘細胞症、表皮腫
acarbose,アカルボース
acardia,無心症
acatamathesia,感覚性忘失
acceleration,加速
accelerator,促進因子、促進物質、促進神経、加速器
acceleromyograph,加速度感知型筋弛緩モニター
accelometry,加速度計測
accessional,a〉《歯》加生の
accessory,a〉副の、付属の、補助的な
accident,1_事故 2_発作
accidental,a〉事故の、偶発的な
accommodation,1_収容 2_調和、順応 3_適応
account,1_計数 2_銀行口座 3_アカウント<インターネットの> 4_説明
accretion,添加
accumulation,蓄積、累積、集積
accurate,a〉正確な、的確な、精密な、綿密な
acellular,a〉無細胞(性)の
acetabular,a〉寛骨臼の、股臼の
acetabulum,1_《解》寛骨臼、股臼 2_〔動〕吸盤 3_〔虫〕関節陥
acetate,酢酸塩
acetic,a〉酢酸の
acetone,アセトン
acetyl,アセチル基
acetylation,アセチル化
achalasia,1_アカラジア、無弛緩症 2_アカラジア、非閉塞型巨大尿管(症) 3_痙攣
acheilia,無口唇(症)、口唇欠損(症)
acheiropodia,無手足(症)
acheiropody,無手足(症)
achillobursitis,アキレス腱滑液包炎
achillodynia,アキレス腱痛
achillorrhaphy,アキレス腱縫合(術)
achillotenotomy,アキレス腱切開(術)
achloropsia,緑色盲
acholia,無胆汁症
acholic,a〉無胆汁(症)の、胆汁欠乏(症)の
acholous,a〉無胆汁(症)の、胆汁欠乏(症)の
acholuria,無胆汁尿(症)
acholuric,a〉無胆汁尿(症)の
achondrogenesis,軟骨無形成(症)、軟骨無発生(症)
achondroplasia,軟骨無形成(症)
achromatic,a〉1_無色の 2_色収差を補正した、色消しの 3_《生物》非染色性の、無色の
achromatism,色盲
achromatopsia,色盲
achylia,無乳糜(症)
acicular,a〉針状の
acid,酸
acid base,酸塩基
acid citrate dextrose,クエン酸−クエン酸塩−ブドウ糖
acid extracted,a〉酸抽出の
acid fast,a〉抗酸性の
acidic,a〉1_酸の 2_酸性の
acidification,酸性化
acidimetric,a〉酸滴定の
acidity,酸度、酸性度
acidogenic,a〉酸産生の
acidophilic,a〉好酸性の
aciduric,a〉耐酸(性)の
acinar,a〉腺房の
acinic,a〉腺房の
acinous,a〉腺房の
acinus,〔組織〕腺房
acne,面皰 にきび
acoustic,a〉聴覚の
acquired,a〉後天(性)の、獲得(性)の
acquisition,習得、獲得
acrania,無頭蓋(症)
acranius,無頭蓋体、無頭体
acridine,アクリジン
acroagnosis,先端失認症
acroanesthesia,先端知覚麻痺
acroasphyxia,先端仮死
acroataxia,先端運動失調症
acrocephalic,a〉尖頭の
acrocephalosyndactyly,尖頭合指(症)
acrocontracture,先端拘縮
acrocyanosis,肢端チアノーゼ、肢端青色症
acrodynia,先端疼痛(症)
acrokeratosis,先端角化症
acromegaly,先端肥大(症)、末端肥大症、肢端肥大(症)
acromegalia,先端肥大(症)、末端肥大症、肢端肥大(症)
acromegalic,a〉先端肥大(性)の、先端肥大症の
acromelalgia,先端疼痛(症)
acromelic,a〉肢端の
acromial,a〉肩峰の
acromioclavicular,a〉肩鎖の
acromioplasty,肩峰形成(術)
acromyotonia,四肢強直(症)
acroneuropathy,先端神経障害
acroneurosis,先端神経症、肢端神経症
acroosteolysis,先端骨溶解症
acroparesthesia,先端異常感覚
acrophobia,高所恐怖(症)
acropigmentation,先端色素沈着(症)、肢端色素沈着(症)
acrosclerosis,先端硬化症
acrosomal,a〉先体の
acrosome,精子先体、先体
acrosyndactylism,先端合指症
acrotism,脈波微弱
acrotrophoneurosis,先端栄養神経症
act,行い、行為、動作
actin,アクチン
actinic,a〉日光の、日射(性)の、放射線の、紫外線の
actinograph,日射計
actinography,1_光量計測 2_放射線計測
actinology,化学線学
actinometer,日射計
actinomyces,放線菌属
actinomycetaceae,放線菌科
actinomycete,放線菌
actinomycoma,放線菌腫
actinomycosis,放線菌症
actinoneuritis,放射線神経症
actinophage,放線菌ファージ
action,活動、行為、作用
activated,a〉活性化した
activation,活性化
activator,賦活体、活性化物質、活性薬
active,a〉1_能動の 2_活動性の
activity,1_活動 2_活性 3_作用
acuity,1_鋭敏さ<感覚の> 2_鋭さ<針の> 3_激しさ<病気の>
acupuncture,鍼、はり、刺鍼術、鍼治療
acuta,急性の
acute,a〉急性の
acyanotic,a〉非チアノーゼ性
adamantinoma,エナメル上皮腫 《ameloblastomaの旧称》
adaptable,《歯》調節できる、調節性の
adaptation,適合、適応、順応、順化
adaptive,a〉適合の、適応の、順応の
added,a〉加えられた
addict,常用者、常習者、中毒者
addicted,a〉依存の
addiction,嗜癖、依存、依存症
addition,1_相加 2_〔生化〕付加、添加 3_<[数]>加算、足し算、加法
additional,a〉余分の、添加の
additive,a〉相加的な
additivity,《理化》加算性
adduction,内転
adenalgia,腺痛
adendritic,a〉樹状突起のない
adenectomy,腺摘
adeniform,a〉腺形の、腺様の
adenitis,腺炎
adenoblast,腺芽細胞
adenocarcinoma,腺癌
adenocellulitis,腺蜂巣炎
adenocystic,a〉腺様嚢胞の
adenohypophysis,腺下垂体
adenoid,a〉腺様の
adenoidectomy,咽頭扁桃切除(術)、アデノイド切除(術)
adenolymphoma,腺リンパ腫
adenoma,腺腫
adenomatoid,a〉腺腫様の
adenomatosis,腺腫症
adenomatous,a〉腺腫の、腺腫様の
adenomyoepithelioma,腺筋上皮腫
adenomyoma,腺筋腫
adenomyosis,腺筋症
adenosarcoma,腺肉腫
adenosis,腺症
adenosquamous,a〉腺扁平上皮の
adenotomy,咽頭扁桃切除(術)
adhesion,1_接着 2_付着 3_粘着、癒着、癒合
adhesive,a〉接着(性)の、付着(性)の n〉接着材
adipocere,死蝋
adipocyte,脂肪細胞
adiponectin,アディポネクチン
adipose,a〉脂肪の、脂肪質の
adiposity,1a_肥満(症)(obesity) 1b_脂肪症、脂肪過多(症)(adiposis) 2_脂肪化
adjunctive,a〉随伴の、付属の、補助の
adjustable,a〉調整･調節できる、調節性の
adjustment,調整
adjuvant,a〉補助の、補助的な
administration,1_投与 2_管理
admission,1_入場、入会、入学、入院 2_入場料、入会金 3_自認
adnerval,a〉神経側の、向神経の
adneural,a〉神経側の、向神経の
adnexal,a〉付属器の<子宮の>
adnexitis,付属器炎<子宮の>
adolescentology,思春期学
adrenal,a〉副腎の n〉副腎
adrenalectomy,副腎摘出(術)
adrenalism,副腎不全(症)
adrenalitis,副腎炎
adrenalopathy,副腎疾患
adrenopathy,副腎疾患
adrenergic,a〉アドレナリン作動(性)の、アドレナリン作用(性)の、アドレナリン様の
adrenocortical,a〉副腎皮質の
adrenogenital,a〉副腎性器の
adrenolytic,抗アドレナリンの
adrenomedullary,a〉副腎髄質の
adrenomegaly,副腎肥大
adsorption,吸着
adult,成人
advanced,a〉進行の
adventitia,外膜、周膜
adventitial,a〉外膜の、周膜の
adventitious,a〉外膜の、周膜の
adviser,顧問
advisor,顧問
aeration,《理化》空気混和
aerobic,a〉好気性の
aerocele,気瘤
aerocolpos,膣気腫
aerodermectasis,皮下気腫
aerodontalgia,気圧歯痛
aerodontodynia,気圧歯痛
aerological,a〉高層気象の
aerology,高層気象学
aeromedicine,航空医学
aerometeorograph,《理化》高層自記気象計
aerophagia,空気嚥下(症)、呑気(症)
aerophagy,空気嚥下(症)、呑気(症)
aerospace,宇宙
afebrile,a〉無熱の、発熱症状のない
afferent,a〉求心性の
affinity,親和性、親和力、結合性
afibrinogenemia,無線維素原血(症)、無ヒトフィブリノゲン血(症)
afterbirth,後産、あと産
afterbrain,後脳
aftercontraction,後収縮
afterdepolarization,後脱分極
afterdrop,残効低下
aftereffect,余効、残効、後効果、後続作用
afterhyperpolarization,後過分極
afterinhibition,後抑制
afterload,後負荷
afterpotential,後電位
agalactia,無乳(症)
agammaglobulinemia,無ガンマグロブリン血(症)
aganglionosis,神経節細胞欠損(症)
agar,寒天
age,年齢
age specific,a〉年齢特異的な
aged,a〉老齢の、老いた
agenesia,無発生
agenesis,無発生
agent,1_薬剤 2_病原体 3_代理人
ageusia,味覚消失(症)
ageusis,味覚消失(症)
agglutination,凝集、凝集反応
agglutinin,凝集素
aggravation,悪化、増悪
aggregate,1_凝集物 2_(細胞の)集合体
aggregation,1_凝集 2_(細胞の)集合
aggregometry,凝集測定(法)
aggressive,a〉侵襲性の
aggressor,攻撃性の人
aging,加齢、老化
agitation,興奮
aglossia,無舌(症)
agnathia,無顎(症)
agnathous,a〉無顎(症)の
agnathus,無顎体、無顎胎児
agnogenic,a〉原因不明の、起源不明の、病因不明の
agnosia,失認(症)、認知不能
agonadism,無性腺(症)、性腺欠損(症)
agoraphobia,広場恐怖(症)、空間恐怖(症)
agranulocyte,無顆粒球
agranulocytosis,無顆粒球症
agricultural,a〉農業の
agromania,耕作狂、田園狂
agrypnia,不眠症
agrypnotic,a〉覚醒作用の
aichmophobia,尖端恐怖(症)
aid,1_助け、救助、援助 2_処置、手当て 3_補助具
air,空気
airborne,a〉空気で運ばれる、空気媒介の、空気伝送の、風媒の
airflow,気流、気流量
airway,気道、エアウェイ
akinesia,無動(症)、運動不能
akinetic,a〉無動の、運動不能の; 無糸分裂の
ala,《解》翼 [L]
alar,a〉翼の
alba,白色の
albicant,a〉白色の
albumin,アルブミン
albuminuria,アルブミン尿(症)、蛋白尿(症)
alcohol,アルコール
alcoholic,a〉アルコール(性)の
alcoholism,アルコール依存症、アルコール中毒
aldosterone,アルドステロン
aldosteronism,アルドステロン症
alertness,1_警戒 2_覚醒
alexia,失読(症)、読字障害
alexic,a〉失読(症)の、読字障害の
algal,a〉藻類の
algesia,痛覚過敏(症)
algesimeter,痛覚計、疼痛計、圧痛計
algesthesis,痛覚認識
algetic,a〉痛覚の、疼痛の
algoid,a〉藻類の
algology,1_疼痛学 2_藻類学*
algomenorrhea,月経痛
algometer,疼痛計、圧痛計
algophilia,疼痛愛好(症)、嗜痛愛
algophobia,疼痛恐怖(症)
algorithm,アルゴリズム
alignment,配列、アライメント
alimentary,a〉食事(性)の
alimentation,栄養法、栄養補給
aliphatic,a〉1_脂肪にかかわる 2_脂肪族の
aliquorrhea,髄液欠乏症、無髄液
alkalemia,アルカリ血(症)
alkali,アルカリ
alkaline,a〉アルカリ(性)の
alkalinity,アルカリ度
alkalinuria,アルカリ尿(症)
alkaluria,アルカリ尿(症)
alkalization,アルカリ化
alkaloid,アルカロイド、植物塩基
alkalometry,アルカロイド定量
alkalosis,アルカリ血症、アルカローシス
alkaluria,アルカリ尿
all cause,a〉全原因の
allantoic,a〉尿膜の
allantois,尿膜
allele,対立遺伝子
allelic,a〉対立遺伝子の、対立形質の
allelomorph,対立形質
allergen,アレルゲン
allergic,a〉アレルギー(性)の
allergization,アレルギー化
allergology,アレルギー学
allergy,アレルギー
alleviation,緩和
alloantibody,アロ抗体、同種異系抗体
allochroic,a〉変色(性)の、変色した
allochrous,a〉変色(性)の、変色した
allocortex,《解》不等皮質
allodynia,異疼痛、異痛、アロディニア
allogeneic,a〉同種異系の、同種の
allogenic,a〉同種異系の、同種の
allograft,同種異系移植片、同種移植片
alloimmune,a〉同種免疫の
allomnesia,異記憶
allopathic,a〉逆症療法の
alloplastic,a〉異物使用形成(術)の、異物形成(術)の
alloplasty,異物使用形成(術)、異物形成(術)
allorhythmia,周期性不整脈
allosteric,a〉アロステリックな
allotherm,変温動物、異温動物
allotopia,異所症
allotransplantation,他家移植
allowance,許容量
alloy,合金
alopecia,脱毛症
alteration,変更、改変、変容
alternative,a〉代替の
altimeter,高度計
altimetry,高度測定(法)、測高法
alveolar,a〉1_腺房の 2_肺胞の 3_胞巣状の 4_歯槽(骨)の
alveolitis,肺胞炎
alveolobronchography,肺胞気管支造影(法)
alveolus,《解》胞
amalgam,《歯》アマルガム
amaurosis,黒内障
amaurotic,a〉黒内障(性)の
ambiopia,二重視、複視
ambipolar,a〉両極(性)の
ambisexual,a〉両性の、両性具有の、両性愛の
ambisexuality,両性具有
ambivalence,両面感情
amblyaphia,触覚鈍麻
amblychromatic,a〉弱染性の、微染性の
amblyopia,弱視
amblyopic,a〉弱視の
amblyoscope,弱視鏡
ambulant,a〉1_歩行の、移動性の 2_外来の、通院の
ambulatory,a〉1_歩行の、移動性の 2_外来の、通院の
amebiasis,アメーバ症
amebic,a〉アメーバ(性)の
ameboid,a〉アメーバ様の
amelanotic,a〉無メラニンの
amelia,無肢症
amelioration,回復、改善、軽減
ameliorative,a〉回復の、改善の、軽減の
ameloblast,エナメル芽細胞
ameloblastic,a〉エナメル芽細胞の
ameloblastoma,エナメル上皮腫
amelogenesis,エナメル質形成
amelogenin,アメロゲニン
amelus,無肢体
amenorrhea,無月経
amenorrheic,a〉無月経の
amentia,精神遅滞
amino,アミノ
aminobenzoic,a〉アミノ安息香酸の
amitosis,無糸分裂
amitotic,a〉無糸分裂の
ammism,砂浴療法
ammonemia,アンモニア血(症)
ammoniacal,a〉アンモニア(性)の
ammonium,アンモニウム
ammonolytic,a〉加安分解の、アンモノリシスの
ammotherapy,砂浴療法
amnalgesia,痛覚忘却法
amnesia,健忘(症)、記憶喪失(症)
amnesiac,健忘症患者、記憶喪失症患者
amnestic,a〉健忘(症)の、記憶喪失(症)の
amniocentesis,羊水穿刺
amniogenesis,羊膜発生
amniography,羊膜造影(法)
amnion,羊膜
amnionic,a〉羊膜の
amnioniogenous,a〉羊膜原性の
amnionitis,羊膜炎
amniorrhea,羊水漏
amniorrhexis,羊膜破裂、破水
amnioscope,羊膜鏡、羊水鏡
amnioscopy,羊膜鏡検査(法)、羊水鏡検査(法)
amniote,a〉羊膜類の n〉羊膜動物
amniotic,a〉羊膜の
amoeboid,a〉アメーバ様の
amorphous,a〉無定形の、無構造の
amorphus,無形体
amount,1_量 2_総計
amphiarthrosis,《解》半関節
amphibian,両生動物、両生類
amphoric,a〉空壷音性の、空洞音性の
amphoteric,a〉両性の
amplification,拡大、増幅
amplifier,《理化》増幅器
amplitude,《理化》振幅
ampulla,膨大部 [L]
ampullar,a〉膨大(部)の
amputating,a〉切断の
amputation,切断(術)
amyelotrophy,脊髄萎縮
amyesthesia,筋感覚消失
amygdaloid,a〉杏仁状の 杏仁=きょうにん 、扁桃の
amylaceous,a〉澱粉性の、澱粉状の、澱粉質の
amylogenesis,澱粉形成
amyloid,a〉アミロイドの、類澱粉の
amyloidosis,アミロイドーシス、類澱粉沈着(症)
amylolysis,澱粉分解
amylorrhexis,澱粉破壊、澱粉分解
amyluria,澱粉尿症
amyoplasia,筋無形成
amyotrophic,a〉筋萎縮(性)の
anabolistic,a〉同化(性)の、同化的な
anacidity,無酸症、(胃)酸欠乏症
anaclisis,褥創
anaerobic,a〉嫌気性の、嫌気的な
anaerobiosis,嫌気生活
anaerophyte,嫌気性植物、嫌気性細菌
anal,a〉肛門の
analeptic,a〉体力回復の、気力回復の、意識回復の
analgesic,a〉無痛の、無痛覚の、痛覚欠如の、痛覚消失の、痛覚脱失の
analgia,無痛覚
analog,類似体
analogue,類似体
analogy,1_類似、類似性 2_《生物》相似、相似性
analysis,分析、解析
analyst,分析者、アナリスト
analytic(al),a〉分析の、解析の
analyzer,分析装置、アナライザ
anaphase,後期
anaphoretic,a〉汗腺分泌減少の
anaphylactic,a〉過敏症(性)の、アナフィラキシーの
anaphylactoid,a〉アナフィラキシー様の
anaphylaxis,アナフィラキシー
anaplasia,退行形成、退形成
anaplastic,a〉退行性の
anapophysis,椎骨副棘突起
anastomosis,吻合
anastomotic,a〉吻合の
anatomic(al),a〉解剖の、解剖学の、解剖学的な
anatomy,解剖学
anchorage,《歯》固定<矯正の>
ancillary,a〉補助の、補助的な、副の
anconitis,肘関節炎
androgenic,a〉男性ホルモンの、アンドロゲンの
androgenetic,a〉男性ホルモンの、アンドロゲンの
anechoic,a〉無反響の、無響の、無エコーの
anemia,貧血(症)
anemic,a〉貧血(症)の
anencephalous,a〉無脳(症)の
anencephalus,無脳体
anencephaly,無脳(症)
anencephalia,無脳(症)
anepia,会話不能(症)
anergy,アネルギー、無力、無気力
anergia,アネルギー、無力、無気力
anerythrocyte,無色素性赤血球
anesthesia,1_麻酔 2_知覚麻痺、感覚消失
anesthesiologic(al),a〉麻酔学の、麻酔学的な
anesthesiologist,麻酔医、麻酔科医
anesthesiology,麻酔学
anesthetic,a〉麻酔の n〉麻酔薬
anesthetist,麻酔医
anetoderma,斑状皮膚萎縮症
aneuploid,a〉異数性の、異数倍性の n〉異数体
aneuploidy,異数性、異数倍性 〈染色体の〉
aneurysm,動脈瘤
aneurysmal,a〉動脈瘤の
aneurysmectomy,動脈瘤切除(術)
aneurysmotomy,動脈瘤切開(術)
angialgia,血管痛
angiectasia,脈管拡張(症)、血管拡張(症)
angiectasis,脈管拡張(症)、血管拡張(症)
angiitis,脈管炎、血管炎
anginiform,a〉アンギナ様の
anginoid,a〉狭心症様の
anginophobia,狭心症恐怖(症)
anginosis,アンギナ症
angioarchitecture,血管構築
angioblast,血管芽細胞
angioblastic,a〉血管芽細胞の
angiocarditis,血管心臓炎
angiocavernous,a〉海綿状血管腫の
angiocholecystitis,胆嚢胆管炎
angiocholitis,胆管炎
angioclast,動脈鉗子
angiodynia,血管痛
angioedema,血管性水腫、血管性浮腫
angiofibroma,血管線維腫
angiogenesis,血管新生、血管形成、血管発生
angiogenic,a〉血管新生の、血管形成の、血管発生の
angioglioma,血管神経膠腫
angiogliomatosis,血管神経膠腫症
angiogram,血管造影図、血管図
angiographic,a〉血管造影の
angiography,血管造影(法)、血管撮影(法)
angioleiomyoma,血管平滑筋腫
angioleiomyosarcoma,血管平滑筋肉腫
angiolipoma,血管脂肪腫
angiologist,血管学者、脈管学者
angiology,血管学、脈管学
angioma,血管腫、管腫
angiomyolipoma,血管筋脂肪腫
angiomyoma,血管筋腫、血管平滑筋腫
angiomyxoma,血管粘液腫
angioneurotic,a〉血管神経性の
angionoma,血管潰瘍
angiopathy,脈管障害
angioplasty,血管形成(術)
angioplegic,a〉血管麻痺性の
angiopoiesis,血管新生、血管化
angiorrhaphy,血管縫合(術)、脈管縫合(術)
angiorrhexis,血管破裂
angiosarcoma,血管肉腫、管肉腫
angiostaxis,出血性素因
angiostenosis,血管狭窄
angiostrongyliasis,広東住血線虫症
angiostrophy,血管捻転法
angiotitis,血管性耳炎
angle,角度、〜角
angular,a〉1_角度の 2_眼角の 3_《歯》口角の
anhedonia,無快感(症)、快感消失(症)、性的冷感症
anhidrosis,無発汗(症)、無汗(症)
anhidrotic,a〉無発汗(症)の、無汗(症)の、制汗(性)の
anhydremia,乏水血症
anhydride,無水物
anhydromyelia,無髄液(症)
anhydrous,a〉無水の
animal,動物
animalia,動物界
anion,陰イオン
anionic,a〉陰イオンの
anisocoria,瞳孔不同(症)
anisopiesis,血圧不同
anisospore,異形胞子
anisosthenia,(筋の)不同力
anisosthenic,a〉不同力の
anisotonic,a〉非等張の、不等浸透圧の
anisotrophic,a〉異方性の
anisotrophous,a〉異方性の
anisotrophy,異方性
ankyloblepharon,眼瞼癒着
ankylocheilia,口唇硬直
ankylocolpos,膣閉鎖(症)、鎖膣
ankyloglossia,舌癒着症、舌小帯短小(症)
ankylosis,強直、硬直
ankylotic,a〉強直の、硬直の、関節硬直の
announcement,告知
annual,a〉1_一年の、年次の、年々の、年間の 2_<[植物]>一年生の
annular,a〉輪状の、環状の
annulment,無効にすること、破棄
annulus,輪 [L]
anococcygeal,a〉後尾の
anodal,a〉陽極の
anodic,a〉陽極の
anodontia,無歯症
anomaly,異常
anonychia,無爪(症)、爪甲欠損(症)
anophthalmia,無眼球(症)
anophthalmic,a〉無眼球(症)の
anopia,無眼球症
anopsia,視力喪失
anopsy,視力喪失
anorectal,a〉肛門直腸の
anorectic,a〉食欲減退の、食欲不振の、無食欲の; 拒食症の
anorexia,食欲減退
anorexic,a〉食欲減退の、食欲不振の、無食欲の; 拒食症の
anorexigenic,a〉食欲抑制の
anosmatic,a〉無嗅覚(症)の、嗅覚消失の
anosmia,無嗅覚(症)、嗅覚消失
anosmic,a〉無嗅覚(症)の、嗅覚消失の
anosognosia,病態失認
anosphrasia,無嗅覚(症)、嗅覚消失
anovaginal,a〉肛門膣の
anovulant,a〉排卵抑制の
anovulation,無排卵(症)
anovulatory,a〉無排卵(性)の
anoxemia,無酸素血(症)、低酸素血(症)
anoxia,無酸素症、低酸素(症)、酸素欠乏(症)
anoxic,a〉無酸素(性)、無酸素症の
ansa,《解》ワナ
anserine,a〉鵞足の
antacid,制酸薬
antagonism,拮抗
antagonist,拮抗薬
antatrophic,a〉萎縮抑制の
antebrachial,a〉前腕の
antecubital,a〉肘前の
anteflexion,前屈
antemetic,鎮吐剤
antemortem,a〉生前の
antenatal,a〉出生前の
anteorbital,a〉眼前の
antepartum,分娩前
anterior,a〉前の、前方の
anterolateral,a〉前外側の
anteromedial,a〉前内側の
anteroseptal,a〉前中隔の
anteroventral,a〉前腹方の
anthelmintic,a〉寄生虫を駆除する、駆虫の
anthracic,a〉炭疽[病]の
anthracopneumoconiosis,黒塵肺(症)
anthrax,炭疽
anthracotic,a〉炭粉沈着(症)の
anthropogenetic,a〉人類発生[論]の
anthropography,人類分布学
anthropologist,人類学者
anthropology,人類学
anthropometer,人体計測器
anthropometric,a〉人体計測(法)の
anthropophagy,食人症
anthropophobia,対人恐怖(症)
anti immune,a〉抗免疫(性)の
anti inflammation,抗炎症、抗炎症作用
anti inflammatory,a〉消炎の
anti insulin,a〉抗インスリンの
antiabortion,a〉中絶反対の
antiallergic,a〉抗アレルギーの
antiarrhythmic,a〉抗不整脈の
antibacterial,a〉抗菌(性)の
antibilious,a〉抗胆汁症の
antibiotic,抗生物質
antibody,抗体
anticancer,a〉抗癌の、抗腫瘍の
anticoagulant,抗凝血薬、抗凝固薬
anticoagulation,抗凝固、抗凝固療法
anticonvulsant,a〉抗痙攣(性)の n〉抗痙攣薬
antidepressant,a〉抗鬱(性)の n〉抗鬱薬
antidiabetic,a〉抗糖尿病(性)の n〉抗糖尿病薬
antidiuresis,抗利尿
antidiuretic,a〉抗利尿(性)の
antidotal,a〉解毒の
antidote,解毒薬
antidromic,a〉逆流(性)の、逆行(性)の、逆方向(性)の
antidrug,a〉反麻薬の
antiedemic,a〉抗浮腫(性)の
antiemetic,制吐薬
antiepileptic,a〉抗癲癇(性)の n〉抗癲癇薬
antiepithelial,a〉抗上皮[細胞](性)の
antifibrillatory,a〉抗心房細動(性)の n〉抗心房細動薬
antifibrinolytic,a〉抗線維素溶解の
antiflatulent,a〉抗膨満(性)の n〉抗膨満薬
antifungal,a〉抗真菌の n〉抗真菌薬
antigen,抗原
antigenemia,抗原血(症)
antigen presenting,a〉抗原提示の
antigen responsive,a〉抗原反応性の
antigen sensitive,a〉抗原感受性の
antigen specific,a〉抗原特異(性)の
antigenic,a〉抗原の
antigenicity,抗原性
antiglaucoma,a〉抗緑内障の
antihemolytic,a〉抗溶血性の
antihidrotic,a〉制汗(性)の
antihistamine,a〉抗ヒスタミン(性)の
antihuman,a〉人間に反抗する; 抗人の
antihypertensive,a〉抗高血圧の
antiluetic,a〉駆梅薬の n〉駆梅薬
antimanic,a〉抗躁の n〉抗躁薬
antimatter,《理化》反物質
antimetabolite,代謝拮抗物質
antimetastatic,a〉抗転移の
antimicrobial,a〉抗菌(性)の、抗微生物の
antinausea,a〉制吐(性)の
antineoplastic,a〉抗腫瘍(性)の、抗新生物(性)の
antinuclear,a〉抗核の
antioxidant,抗酸化剤、酸化防止剤
antioxidation,抗酸化
antioxidative,a〉抗酸化の
antiparallel,a〉逆平行(性)の
antiperistalsis,逆蠕動
antiplatelet,a〉抗血小板の
antiproliferative,a〉抗増殖の、抗癌の
antiproton,反陽子
antiprotozoal,a〉抗原虫の
antipsychotic,a〉抗精神病性の
antipyretic,a〉下熱の、解熱の n〉下熱薬、解熱薬
antirheumatic,a〉抗リウマチ(性)の
antisecretory,a〉抗分泌性の
antisepsis,消毒
antiseptic,a〉防腐(性)の n〉防腐剤、消毒剤
antiserum,抗血清
antisocial,a〉反社会の
antispastic,a〉鎮痙(性)の n〉鎮痙薬
antisudorific,a〉制汗(性)の
antitheses,正反対(のもの)
antithrombotic,a〉抗血栓(症)の
antithyroid,a〉抗甲状腺(性)の n〉抗甲状腺薬
antitoxin,抗毒素
antitumor,a〉抗腫瘍の
antitussive,a〉鎮咳(性)の
antitwilight,《理化》反対薄明
antiulcer,a〉抗潰瘍の
antivenin,抗蛇毒
antivivisection,動物実験反対
antral,a〉洞の
antrostomy,開洞術
antrum,洞
anuria,無尿(症)
anus,《解》肛門
anxiety,心配、不安; 心配事
aorta,大動脈
aortalgia,大動脈痛
aortectasia,大動脈拡張症
aortectasis,大動脈拡張症
aortic,a〉大動脈の
aortitis,大動脈炎
aortocaval,a〉大動静脈の 大静脈
aortopexy,大動脈固定(術)
aortosclerosis,大動脈硬化(症)
apatite,アパタイト、燐灰石
aperient,軟下薬
apertognathia,開咬
apertometer,開口角測定器
apertura,《解》口、開口
aperture,1_《解》口、開口(apertura[L]) 2_《理化》口径
apex,1_《解》尖 2_《歯》根尖
aphagia,嚥下不能(症)
aphakia,無水晶体(症)
aphasia,失語(症)
aphasic,a〉無相の
apheresis,自己血輸血、アフェレシス
aphonia,失声(症)
aphtha,アフタ
aphthoid,a〉アフタ様の
aphthous,a〉アフタ(性)の
apical,a〉1_心尖の 2_《歯》根尖(性)の
apicocurettage,《歯》根尖掻爬(法)、根尖掻爬(術)
apicoectomy,《歯》根尖切除(法)、根尖切除(術)
apicolysis,肺尖剥離(術)
apituitarism,無下垂体(症)
aplanatic,a〉無収差の
aplasia,無形成
aplastic,a〉無形成の、再生不良性の
apnea,無呼吸(症)
apnoea,無呼吸(症)
apneic,a〉無呼吸の
apneusis,持続性吸息
apneutic,a〉持続性吸息の
apodal,a〉無足の、無脚の
apodous,a〉無足の、無脚の
apodia,無足(症)
apodous,a〉無足の、無脚の
apoferritin,アポフェリチン
apogee,最悪期
apolar,a〉無極の
apolipoprotein,アポリポ蛋白質
aponeurorrhaphy,腱膜縫合(術)
aponeurosis,腱膜
aponeurositis,腱膜炎
aponeurotic,a〉腱膜の
aponeurotome,腱膜切開器
aponeurotomy,腱膜切開(術)
apophysis,骨突起、突起
apophysitis,骨端症
apoplasmia,低血漿症、血漿欠乏(症)
apoplectic,a〉卒中(性)の、卒中に関する
apoplexy,1_卒中、脳卒中(cerebral apoplexy) 2_溢血
apoplexia,1_卒中、脳卒中(cerebral apoplexy) 2_溢血
apoptosis,プログラム細胞死、アポトーシス
apoptotic,a〉プログラム細胞死の、アポトーシスの
apotripsos,角膜混濁除去
apparatus,装置
appearance,1_出現、出席、出演 2_外観
appendalgia,虫垂痛
appendectomy,虫垂切除(術)、虫垂摘除(術)
appendicectomy,虫垂切除(術)、虫垂摘除(術)
appendical,a〉虫垂の
appendiceal,a〉虫垂の
appendicial,a〉虫垂の
appendicalgia,虫垂痛
appendicitis,虫垂炎
appendicocecostomy,虫垂盲腸吻合術
appendix,垂 [L]
appliance,装置
applicable,a〉応用できる
application,応用
applied,a〉応用の
appositional,a〉添加性の
approximal,a〉隣接の
apractic,a〉失行(症)の、行動不能(症)の
apraxic,a〉失行(症)の、行動不能(症)の
apraxia,失行(症)、行動不能(症)
apraxis,失行(症)、行動不能(症)
apraxic,a〉失行症の、行動不能症の
aproctia,鎖肛
aprosopia,無顔症
aprosopus,無顔体
apus,無足体
aquaculture,海洋牧場
aquarium,水族館
aqueduct,水管、水道
aqueductal,a〉水管の、水道の
aqueductus,水管、水道
aqueous,a〉水の; 水性の、水様の
arabinose,アラビノース
arachnephobia,クモ恐怖(症)
arachnophobia,クモ恐怖(症)
arachnoid,a〉クモ膜の n〉クモ膜
arachnoidal,a〉クモ膜の
arbor,1_木、樹木 2_小脳の正中断面像
arborescent,a〉樹状の、樹枝状の、樹木状の
arch,《解》弓
archaebacterium,古細菌
archaeopteryx,始祖鳥
arcuate,a〉弓状の
area,1_部位 2_面積 3_《解》野、区 [3]
areata,限局性の
argyrophilic,a〉好銀性の
armwrestling,腕相撲
arrangement,配列
arrest,捕獲
arrhythmia,不整脈
arrhythmic,a〉1_不整脈の 2_周期的でない
arsenate,砒酸塩、砒酸エステル 砒=ひ
arsenic,砒素
arsenium,砒素
arsenide,砒化物 砒=ひ
arsenite,亜砒酸塩、亜砒酸エステル 砒=ひ
arsenotherapy,砒素療法 砒=ひ
artefact,人工産物
arterial,a〉動脈(性)の、動脈血の
arteriochalasis,動脈弛緩(症)
arteriodialysis,動脈離開
arteriogenesis,動脈形成
arteriogram,動脈造影図、動脈撮影図
arteriography,動脈造影(法)、動脈撮影(法)
arteriolar,a〉細動脈の、小動脈の
arteriole,細動脈、小動脈
arteriolith,動脈結石
arteriolitis,細動脈炎
arteriology,動脈学
arteriomalacia,動脈軟化(症)
arteriometer,動脈計
arteriomyomatosis,動脈筋腫症
arteriopathy,動脈症、動脈疾患
arteriorrhexis,動脈破裂
arteriosclerosis,動脈硬化(症)
arteriosclerotic,a〉動脈硬化(症)の
arteriotomy,動脈切開(術)
arteriotony,動脈緊張
arteriovenous,a〉動静脈の
arteritis,動脈炎
artery,《解》動脈
arteries,《解》動脈
arthralgia,関節痛
arthralgic,a〉関節痛の
arthrectasia,関節腔拡張(症)
arthrectomy,関節切除(術)
arthredema,関節浮腫
arthritic,a〉関節炎の
arthritis,関節炎
arthrocele,関節瘤
arthrocentesis,関節穿刺(術)
arthrochalasis,関節弛緩(症)
arthrochondritis,関節軟骨炎
arthroclisis,関節強直
arthrodesis,関節固定(術)
arthrodial,a〉滑走関節の
arthrogram,関節腔造影像
arthrography,関節腔造影(法)
arthrogryposis,関節拘縮(症)
arthrolith,関節結石
arthrolithiasis,関節結石症
arthrology,関節学
arthrolues,関節梅毒
arthrometer,関節計
arthropathy,関節障害、関節症
arthroplasty,関節形成(術)
arthropod,節足動物
arthrosis,1_関節 2_関節症
arthrospore,分節胞子
arthrosynovitis,関節滑液膜炎
arthrotomy,関節切開(術)
articular,a〉関節の
articulation,1_調音、構音 2_結合、連結 3_《解》関節 4_《歯》咬合
articulator,1_調音器官 2_《歯》咬合器
articulatory,a〉1_調音の、構音の 2_結合の、連結の 3_関節の 4_《歯》咬合の
artifact,人工産物
artificial,人工の、人造の
arylsulfatase,アリールスルファターゼ
arytenoid,a〉1_披裂軟骨の 2_披裂筋の
asbestos,アスベスト、石綿
asbestos insulated,a〉石綿絶縁の
asbestosis,石綿症
ascending,a〉上行(性)の
ascites,腹水
ascitic,a〉腹水(症)の
ascorbic,a〉アスコルビン酸の
aseptic,a〉無菌性の
ash,灰
asomatognosia,身体失認
aspergillosis,アスペルギルス症
aspermia,無精液(症)、射精不能(症)
aspermism,無精液(症)、射精不能(症)
asphyxia,1_仮死、仮死状態 2_窒息*
asphyxial,a〉1_仮死の、仮死状態の 2_窒息の
aspiration,吸引
aspirator,吸引器
aspiratory,a〉呼吸の、呼吸吸引の、吸引の
aspirin,アスピリン
assessment,評価、アセスメント
assimilation,〔言語〕同化
assistant,1_助手 2_助剤
association,1_協会 2_<[心]>連想
astasia,起立不能(症)
astatine,アスタチン
asteatosis,1_皮脂分泌欠如 2_乾燥症
asternia,無胸骨(症)
asthenia,無力症
asthenic,a〉無力症の
asthenopia,眼精疲労
asthma,喘息
asthmatic,a〉喘息の、喘息用の
astigmatic,a〉乱視(性)の
astigmatism,乱視
astigmia,乱視
astomia,無口症
astringent,a〉収斂性の n〉収斂薬
astrobiology,宇宙生物学
astrochemistry,《理化》宇宙化学
astrocyte,星状膠細胞、アストロサイト
astrocytic,a〉星状膠細胞の、アストロサイトの
astrocytoma,星状膠細胞腫、アストロチトーム
astrocytosis,星状細胞増加(症)、星状細胞増多(症)
astromedicine,宇宙医学
astronaut,宇宙飛行士
astrospectroscopy,天体分光学
asymmetrical,a〉非対称(性)の
asymmetry,非対称
asymptomatic,a〉無症状の、無症候(性)の
asynchronous,a〉非同時性の、非同期の
asynchrony,非同時性、非同期、異期
asynchronism,非同時性、非同期、異期
asyndesis,統合障害
asynechia,構成隔離、構造不連続性
asynergia,協調障害、共同運動不能(症)、協同運動不能(症)、共同運動消失、協同運動消失
asynergy,協調障害、共同運動不能(症)、協同運動不能(症)、共同運動消失、協同運動消失
atactic,a〉運動失調(性)の、失調(性)の
ataxic,a〉運動失調(性)の、失調(性)の
ataxia,運動失調
ataxiophobia,失調恐怖(症)
atelectasis,無気肺
atelectatic,a〉無気肺(性)の、無拡張の
atelencephalia,脳発育不全
atelia,発育不全
atelocheilia,唇発育不全
atelocheiria,手発育不全
ateloglossia,舌発育不全
atelomyelia,脊髄発育不全
atherectomy,粥腫切除(術)、アテローム切除(術)
athermic,a〉熱をもたない、熱を伝えない
atheroembolism,粥腫塞栓症、アテローム塞栓症
atherogenesis,粥腫発生、アテローム発生
atherogenic,a〉粉瘤発生(性)の、アテローム発生(性)の
atheroma,粉瘤、粥腫、アテローム
atheromatosis,粥腫症、アテローム症
atheromatous,a〉粥腫の、粉瘤の、アテローム(性)の
atherosclerosis,粥状動脈硬化(症)、アテローム性動脈硬化(症)
atherosclerotic,a〉粥状動脈硬化(症)の、アテローム性動脈硬化(症)の
athlete,運動家、競技者
athletic,a〉1_運動家の、競技者の 2_運動の、競技の 3_<[心]>筋骨型の、闘士型の
athymia,無胸腺(症)
athymic,a〉無胸腺(症)の
atmosphere,大気
atmospheric,a〉大気(性)の
atom,原子
atomic,a〉原子の
atopic,a〉1_アトピー(性)の 2_転位の
atopy,アトピー
atoxic,a〉無毒の
atraumatic,a〉非外傷性の、非外力性の
atresia,閉鎖(症)
atretic,a〉閉鎖(症)の
atrial,a〉心房の
atriolized,a〉心房化の
atrioseptostomy,心房裂開(術)
atrioventricular,a〉房室の、房室間の、心房心室の
atrium,《解》心房 [L]
atrophic,a〉萎縮(性)の
atrophy,萎縮
attachment,付着、アタッチメント
attack,1_攻撃 2_発作
attenuated,a〉弱毒[化]の
attenuation,1_減弱 2_弱毒化
attitude,態度
attrition,[[歯]]咬耗(症)
attribution,〔言語〕属性付与
atypia,異型(性)
atypism,異型(性)
atypical,a〉異型(性)の
audibility,1_聞き取れること、可聴性、聴力 2_<[通信]>聴度
audible,a〉可聴の
audiologist,聴覚学者、聴覚専門医
audiology,聴覚学
audiometer,聴力計
audiovisual,a〉視聴覚の
auditory,a〉聴覚(性)の
auric,a〉1_金の 2_第２金の
auricle,《解》耳介
auricula,《解》耳介
auricular,a〉1_耳の、耳介の 2_心耳の
auriculocervical,a〉耳頚の
auriculopalpebral,a〉耳介眼瞼の
auriculotemporal,a〉耳介側頭の
auriculoventricular,a〉房室の
auriform,a〉耳形の、耳状の
aurinasal,a〉耳鼻の
auris,《解》耳
auriscope,耳鏡
aurometer,聴力計
auscultation,聴診(法)
auscultator,1_聴診器 2_聴診者
auscultatory,a〉聴診の
auscultoscope,(増幅器付き)聴診器
authentic,a〉1_本物の、真正な 2_(情報が)信頼できる、認証された
author,著者
autism,自閉症
autobiography,自伝
autoclavable,a〉加圧滅菌できる、オートクレーブできる
autodigestion,自己消化
autoeczematization,自己湿疹化
autofluorescence,自己蛍光、自家蛍光
autofluorescent,a〉自己蛍光の、自家蛍光の
autogamous,a〉自己生殖･自家生殖の、自己受精･自家受精の
autogamy,自己生殖
autogenous,a〉自原(性)の
autoimmune,a〉自己免疫(性)の
autoimmunity,自己免疫
autointoxication,自己中毒、自家中毒
autologous,a〉自家の、自己の
autolysis,自己溶解
autolytic,a〉自己溶解の
automacity,自動
automatic,a〉自動の
autonomic,a〉1_自動的な 2_自律神経の 3_(薬剤の)自律神経に影響を与える 4_〔植〕内因の、自発的な
autonomous,a〉1a_自律の、自主的な 1b_自律神経の 2_《生物》自律の、自主栄養の
autophagia,自咬症
autophagy,1_オートファジー 2_自咬症
autophobia,孤独恐怖(症)
autopsy,死体解剖、剖検、検死
autoreceptor,自己受容体
autoregulation,自己調節、自動調節
autosomal,a〉常染色体の
autotherapy,自然治癒
autoxidation,自動酸化
auxiliary,a〉補助の、予備の
avascular,a〉無血管の
avascularization,無血管化
average,a〉平均の
aviation,航空
avitaminosis,無ビタミン(症)
avirulent,a〉無毒(性)の
avulsion,1_裂離 2_捻除、抜去、引抜き
awakening,a〉覚醒の
axanthopsia,黄色盲
axial,a〉軸(性)の、軸面の
axilla,腋窩
axillary,a〉腋窩の
axis,軸
axodendritic,a〉軸索樹状突起間の
axon,軸索
axone,軸索
axonal,a〉軸索の
azole,アゾール
azoospermia,無精子(症)、精子欠如(症)
azoospermic,a〉無精子(症)の、精子欠如(症)の
azotaemia,高窒素血(症)
azote,窒素
azotemia,高窒素血(症)
azotic,a〉窒素の、含窒素の
azotometer,窒素計
azygogram,奇静脈造影図
azygography,奇静脈造影(法)
azygos,奇静脈
azygous,a〉単一の、奇数の、不対の
azymia,無酵素
azymic,a〉1_非発酵(性)の 2_無酵素の、酵素のない
babble,喃語
bacillary,a〉1_桿菌の、細菌性の 2_桿状の、桿状体の
bacillar,a〉1_桿菌の、細菌性の 2_桿状の、桿状体の
bacillus,桿菌
back,背、背部
backgrounding,背景化<言語の>
bacteremia,菌血症
bacteraemia,菌血症
bacteremic,a〉菌血症の
bacterial,a〉細菌(性)の
bactericidal,a〉殺菌の
bactericide,殺菌薬、殺菌剤
bactericidin,殺菌素
bacteriologic(al),a〉細菌学の、細菌学的な
bacteriologist,細菌学者
bacteriology,細菌学
bacteriophobia,細菌恐怖(症)
bacteriostasis,制菌
bacteriostatic,a〉制菌(性)の
bacteriotropic,a〉向細菌性の
bacterium,細菌
bacteriuria,細菌尿(症)
bacteroid,仮細菌、バクテロイド
balanic,陰茎亀頭の、陰核亀頭の
balanitis,亀頭炎
balanus,陰茎亀頭
ball valve,球状弁
ballistophobia,弾丸恐怖(症)
ballottement,浮球感、バロットマン
band,帯、バンド
bandage,1_包帯、帯具 2_包帯法
bar,《歯》バー
barbiturate,バルビタール酸塩
bariatric,a〉肥満
bariatrics,肥満病学
barite,重晶石
barium,<[元素]>バリウム
baroceptor,圧受容器
barognosis,重量感覚
barometer,気圧計
barometric(al),a〉気圧の、気圧計の
barophilic,a〉好圧(性)の
barophobia,重力恐怖(症)
barophobic,a〉嫌圧(性)の
baroreceptor,圧受容器
baroreflex,圧反射
baroscope,気圧計
barotitis,気圧性中耳炎
barotrauma,気圧障害、気圧性外傷
basal,a〉基底(部)の
base,1_底、底部 2_《理化》塩基
basedow,〔人名〕バセドウ
basement,基底
basicranium,《解》頭蓋底
basilar,a〉底部の、脳底の、頭蓋底の
basilic,a〉尺側皮の
basis,底、基底、根底 主薬、基礎薬
basivertebral,a〉椎体底の
basolateral,a〉基底外側の
basophilic,a〉塩基好性の
bath,浴
bathmotropic,a〉変閾の
battle,戦闘
beam,ビーム
becquerel,ベクレル
bed,病床
bedsore,褥創
behavior,行動
behavioral,a〉行動の
belly,腹、腹部
bellyache,腹痛
bellyband,腹帯
belly button,臍 へそ
belonephobia,恐尖症
beneficial,a〉有益な、有利な
benign,a〉良性
benumbness,昏蒙
benzamide,ベンズアミド
benzene,ベンゼン
benzoic,a〉安息香酸の
benzoin,ベンゾイン
beverage,飲み物、飲料
biblioclast,書籍破壊者、書籍破壊主義者
bibliographic,a〉1_図書目録の、出版目録の、参考書目の、引用文献の 2_書誌学の
bibliography,1_図書目録、出版目録、参考書目、引用文献 2_書誌学
bibliomania,書籍狂、蔵書癖
bibliomaniac,a〉蔵書癖の、書籍狂の
bibliophobe,本を嫌う人、本嫌い
bibliophobia,書籍恐怖(症)
bibliotherapy,読書療法
bicarbonate,重炭酸、重炭酸塩
bicephalus,二頭体
biciliate,a〉二重睫毛の
bicipital,a〉二頭筋の
biconcave,a〉二凹の
biconvex,a〉二凸の
bicornate,a〉二角の、双角の
bicuspid,《歯》1_小臼歯 2_双頭歯
bicyclic,a〉二環式の
bidactyly,二指症
bidirectional,a〉二方向性の
bifid,a〉二分の、二裂の
bifida,二分の、二裂の
bifocal,a〉二重焦点の
bifurcate,a〉分岐の、二分の
bifurcation,《解》分岐
bifurcatio,《解》分岐
bigeminal,a〉1_二段脈の、二連脈の 2_２重の
bilateral,a〉1_両者の 2_両側(性)の
bile,胆汁
bilestone,胆石
biliary,a〉1_胆汁の(choleic) 2_胆管の、胆道の、胆嚢の
bilious,a〉1_胆汁の(choleic) 2_胆管の、胆道の、胆嚢の
bilirubin,ビリルビン
bilirubinemia,ビリルビン血(症)
bilirubinuria,ビリルビン尿(症)
biliuria,胆汁尿、黄疸尿
bilocular,a〉二房(性)の
bimanual,a〉両手の
bimaxillary,a〉1_上顎両側の 2_《歯》上下顎の
bimolecular,a〉二分子の、双分子の
binding,結合
binominal,a〉1_二つの名前をもつ 2_<[数]>二項[式]の
binuclear,a〉二核の、双核の
bioavailability,生物学的利用率、生物学的利用能
biochemical,a〉生化学の、生化学的な
biochemistry,生化学
biochemical,生化学
biochemic,生化学
biochemical,a〉生化学的な
biocolloid,生体コロイド
biodegradable,a〉生物分解性の 〈微生物による〉
biodiversity,生物多様性
biodynamics,生体力学
bioelectric(al),a〉生物電気の
bioelectricity,生体電気
bioenvironmental,a〉生物環境の
biofilm,バイオフィルム
biogenetic,a〉生物発生の
biohazardous,a〉バイオハザードの、生物学的危険な
biologist,生物学者
biology,生物学
biological,a〉生物学的な
biologic,a〉生物学的な
biomarker,生物指標
biomechanics,生体力学、生物力学、バイオメカニクス
biomedical,a〉生物医学の、生物医学的な
biomembrane,生体膜
biometry,生体計測
biomolecular,a〉生体高分子の、生体分子の
bioorganic,a〉生物有機化学の
biophysics,生物物理学
biopsy,生検、バイオプシー
biostimulation,生体刺激
biosynthesis,生合成
biosynthetic,a〉生合成の
biotechnological,a〉生物工学の、生物工学的な、バイオテクノロジーの
biotechnology,生物工学、バイオテクノロジー
biotic,a〉生物の
biphasic,a〉二相(性)の
biphenotypic,a〉二表現型の
bipolar,a〉1_二極(性)の、双極(性)の 2_<[心]>躁鬱の、両極性の
bipyramid,《理化》両錐
bipyramidal,a〉両錐の、複錐の
birefringence,複屈折
birefringent,複屈折
birefringent,a〉複屈折の
birotation,倍旋光
birth,1_出生 2_出産、分娩
birthing,a〉出生の、分娩の
bisacromial,a〉両肩峰の
bite,《歯》咬合
bivalence,二価
bivalency,二価
bivalent,a〉二価の
blackout,1_失神 2_〔眼〕一過性黒内症
bladder,膀胱
blast,芽細胞、芽球
blastogenesis,胚子発生
blastoma,芽細胞腫、芽球腫、芽腫
blastomycosis,醸母菌症
bleaching,漂白
blebectomy,水疱切除(術)
bleeding,a〉出血の n〉出血
blepharadenitis,眼瞼腺炎
blepharal,a〉眼瞼の
blepharectomy,眼瞼切除(術)
blepharedema,眼瞼浮腫
blepharism,眼瞼痙攣
blepharitis,眼瞼炎
blepharoadenitis,眼瞼腺炎
blepharoadenoma,眼瞼腺腫
blepharoatheroma,眼瞼アテローム、眼瞼粉瘤
blepharochalasis,眼瞼皮膚弛緩(症)
blepharochromidrosis,眼瞼色汗症
blepharoclonus,間代性眼瞼痙攣
blepharoconjunctivitis,眼瞼結膜炎
blepharoncus,眼瞼腫
blepharon,眼瞼
blepharophimosis,眼瞼縮小、眼裂狭小
blepharoplasty,眼瞼形成(術)
blepharoplegia,眼瞼麻痺
blepharoptosis,眼瞼下垂(症)
blepharorrhaphy,眼瞼板縫合(術)
blepharospasm,眼瞼痙攣
blepharosynechia,眼瞼癒着
blepharotomy,眼瞼切開(術)
blind,a〉盲目の
bloating,腹部膨満
block,遮断、ブロック
blood,血、血液
blood forming,a〉造血の
bloodborne,a〉血液媒介の
bloodstream,血流
bloody,a〉血性の
body,1_体、身体 2_小体 3_死体
bone,骨
bonelike,a〉骨様の
bonesetter,接骨医
borate,ホウ酸塩
borax,ホウ砂
borborygmus,腹鳴
border,《解》縁
borer,1_穿孔器 2_穿孔者
boundary,境界、境界線
bovine,a〉牛の、牛型の
brachial,a〉上腕の
brachialgia,腕痛
brachiocephalic,a〉腕頭の
brachiocubital,a〉腕肘の
brachiogram,上腕動脈波図
brachioradial,a〉腕橈骨の
brachydactyly,短指症
brachydactylia,短指症
brachydactylism,短指症
brachygnathia,短顎(症)
brachymetacarpia,中手骨短縮症
brachypodia,短脚症
brachyuranic,a〉短口蓋の
bradyacusia,難聴
bradyarrhythmia,徐脈性不整脈
bradyarthria,構音緩慢
bradycardia,徐脈
bradycardiac,a〉徐脈の
bradydiastalsis,蠕動緩慢
bradyesthesia,感覚遅延
bradyglossia,言語緩慢
bradykinesia,運動緩慢
bradykinesis,運動緩慢
bradylalia,発語緩慢、言語緩慢
bradypepsia,消化緩徐
bradypnea,徐呼吸、呼吸緩慢
bradypragia,動作緩慢、行動緩慢
bradypsychia,精神反応緩慢
bradyspermatism,射精遅延
dyspermia,射精困難
bradysphygmia,徐脈
bradytachyarrhythmia,徐脈頻脈不整脈
bradytachycardia,徐脈頻脈
bradytocia,分娩緩慢
bradytrophia,代謝緩慢
bradyuria,排尿緩慢
brain,脳
braincase,#NAME?
brainedness,利き脳
brainless,a〉1_脳のない 2_頭の悪い
branchia,鰓
branchial,a〉鰓の
branchioma,鰓腫
brass,真鍮
breakdown,崩壊
breaking,解除
breast,乳房
breastbone,胸骨
breastfeeding,a〉哺乳の
breath,息、呼吸
breathing,a〉呼吸の n〉呼吸()
breech,臀部、尻 しり
breeding,育種
brevicollis,短頚(症)
brevity,1_簡潔さ(文章の) 2_短さ(時間の)
bridge,《歯》1_橋 2_ブリッジ、架工義歯、橋義歯
brittle,a〉不安定型の 〈糖尿病の〉
bromhidrosis,臭汗症
bromide,臭化塩
bromidrosis,臭汗症
bromine,臭素
bromopnea,悪臭呼気、口臭
bronchial,a〉気管支の
bronchiectasis,気管支拡張症
bronchiogenic,a〉気管支(性)の、気管支原性の
bronchiolar,a〉細気管支の
bronchiole,細気管支
bronchiolitis,細気管支炎
bronchitis,気管支炎
bronchoalveolar,a〉気管支肺胞の
bronchoconstriction,気管支収縮、気管支狭窄
bronchodilatation,気管支拡張
bronchodilation,気管支拡張
bronchodilator,a〉気管支拡張性の
bronchoesophageal,a〉気管支食道の
bronchogenic,a〉気管支(性)の、気管支原性の
bronchogram,気管支造影像
bronchography,気管支造影(法)
broncholith,気管支結石
bronchomycosis,気管支真菌感染症
bronchopericardial,a〉気管支心膜の
bronchopneumonia,気管支肺炎
bronchoscope,気管支鏡
bronchoscopy,気管支鏡検査(法)、気管支鏡法
bronchospasm,気管支痙攣
bronchus,気管支
brood,一腹の子<動物の>
broth,ブイヨン
brown,褐色
bruise,打身 うちみ
bruit,ブルイ、雑音 [F]
bruxism,ブラキシズム、歯軋り
bucca,《解》頬
buccal,a〉頬部の、頬側の
buccalis,頬部の
buccinator,頬筋
buccolingual,a〉頬舌の
buccopalatal,a〉頬口蓋の
buccopharyngeal,a〉頬咽頭の
buckwheat,蕎麦 そば
bud,芽、胚
buffer,1_緩衝 2_緩衝液
buffered,a〉緩衝の、緩衝した
bulb,球
bulbar,a〉1_球状の 2_延髄(性)の 3_眼球の
bulbocavernous,a〉球海綿体の
bulbonuclear,a〉延髄核の
bulbopontine,延髄橋
bulbospinal,a〉球脊髄の
bulbo urethral,a〉尿道球腺の
bulbus,球
bulging,a〉膨隆の、膨隆している
bulimic,a〉過食症の、病的飢餓の
bullosa,水疱の
bullous,a〉水疱(性)の
bundle,束
bunion,腱膜瘤、バニオン
buried,a〉埋没の
burner,燃焼器、バーナー
burning,a〉灼熱の
bursa,《解》1_包、嚢 2_滑液包、滑液嚢 [L]
bursal,a〉1_包の、嚢の 2_滑液包の、滑液嚢の
bursectomy,滑液包切除(術)
bursitis,滑液包炎、滑液嚢炎
bursting,破裂
bypass,バイパス
c reactive,a〉Ｃ反応性の
cacodylate,カコジル酸塩
cacosmia,不快臭幻覚、悪臭幻覚、悪臭症
cadmium,カドミウム
caecum,盲腸 [L]
cafe au lait,カフェオーレ
calcaneal,a〉踵骨の、踵部の
calcanean,a〉踵骨の、踵部の
calcaneitis,踵骨炎
calcaneocuboid,a〉踵立方[骨]の
calcaneodynia,踵骨痛
calcanodynia,踵骨痛
calcaneofibular,a〉踵腓[骨]の
calcaneonavicular,a〉踵舟の
calcaneovalgus,踵骨外反
calcaneum,《解》踵骨
calcaneus,《解》踵骨 [L]
calcemia,カルシウム血症
calcific,a〉石灰化の
calcified,a〉石灰化の
calcifying,a〉石灰化の
calcification,石灰化
calcination,焼鉱法
calcinosis,石灰症
calcitonin,カルシトニン
calcium,<[元素]>カルシウム
calcospherite,石灰小球
calculus,結石
calendar,暦 こよみ
caliber,1_口径、内径 2_質、水準
calibration,較正、目盛定め
callosal,a〉脳梁の
callosomarginal,a〉脳梁縁の
callosum,脳梁 [L]
callus,仮骨
calmative,a〉鎮静(性)の、鎮静作用の
calmodulin,カルモジュリン
caloric,a〉熱の、熱量の、カロリーの
calorie,カロリー
calorific,a〉熱の、発熱の
calorigenic,a〉熱産生の
calorimeter,熱量計
calvaria,頭蓋冠、頭頂部
calvariae,頭蓋冠、頭頂部
calx,踵 かかと
calyceal,a〉腎杯の
camera,《解》房
campimeter,視野計
campimetry,視野検査
camptodactyly,屈指症、屈趾症
camptodactylia,屈指症、屈趾症
camptodactylism,屈指症、屈趾症
campus,校庭、構内、キャンパス
canal,《解》〜道、〜管 《歯》根管
canalicular,a〉細管[状]の
cancellous,a〉海綿状の
cancer,癌
canceremia,癌細胞血症
cancerous,a〉癌の、がんの
cancroid,類癌
candida,カンジダ菌
candidal,a〉カンジダ(性)の
candidemia,カンジダ血症、カンジダ性敗血症
candidiasis,カンジダ症
candidid,カンジダ疹
candidosis,カンジダ症
candlepower,燭光
canine,a〉1_犬の 2_犬歯の n〉《歯》犬歯
caninization,《歯》犬歯化
canker,1_潰瘍、下疳 2_《歯》アフタ性口内炎
cannibalism,1_食人習慣、人食い、共食い、カニバリズム 2_残酷な行為
canonist,〔宗教〕教会法学者
canthal,a〉眼角(部)の
canthitis,眼角炎
canthoplasty,眼角形成(術)
canthotomy,眼角切開(術)
canthus,眼角
capacity,1_容量 2_能力
capillary,《解》毛細血管、毛細管
capitate,a〉有頭の n〉《解》有頭骨
capitatum,有頭骨
capitulum,《解》小頭
capsid,カプシド
capsula,被膜、包、嚢、包嚢
capsular,a〉1_被膜の 2_関節包の
capsule,1_カプセル 2_《解》包、被膜
capsuloligamentous,a〉関節包靭帯の
capsuloplasty,関節包形成(術)
capsulorrhexis,関節包破裂
capsulotomy,包切開(術)、嚢切開(術)
capture,捕獲
carbide,炭化物
carbohydrate,炭水化合物
carbolic,a〉フェノールの、石炭酸の
carbon,炭素
carbonate,炭酸塩
carbonic,a〉炭素の、炭酸の
carbonization,1_炭化 2_乾留
carbuncle,癰、カルブンケル a〉よう
carbuncular,a〉癰の、カルブンケルの よう
carcinoembryonic,a〉癌胎児性の、癌胚性の
carcinogen,発癌(性)物質
carcinogenic,a〉発癌(性)の
carcinogenicity,発癌性
carcinogesis,発癌、発癌現象、癌誘発、癌発生
carcinoid,カルチノイド
carcinoma,癌腫
carcinomatous,a〉癌性の
carcinosarcoma,癌肉腫
card,カード
cardia,《解》噴門 [L]
cardiac,a〉心性の、心臓(性)の 噴門の
cardial,a〉噴門の
cardialgia,心臓痛
cardiectomy,噴門切除(術)
cardinal,a〉主要の
cardioangiological,心臓血管学の|的な
cardioangiologic,心臓血管学の|的な
cardioangiology,心臓血管学
cardiocirculatory,a〉心循環器系の
cardiocirrhosis,心臓性肝硬変
cardiodynia,心臓痛
cardiogenic,a〉心原性の、心臓性の
cardiogenous,a〉心原性の、心臓性の
cardioinhibitory,a〉心臓抑制の
cardiological,a〉心臓[病]学の
cardiologist,心臓病学者
cardiology,心臓病学
cardiomalacia,心臓軟化(症)
cardiomegaly,心臓肥大(症)
cardiometer,心臓計
cardiometry,心臓計検査(法)
cardiomyocyte,心筋細胞
cardiomyopathy,心筋症
cardiopathy,心臓病、心臓疾患
cardiopericarditis,心臓心膜炎
cardiophobia,心臓恐怖(症)
cardiophrenic,a〉心横隔膜の
cardioplasty,噴門形成術
cardioplegia,1_心筋保護 2_心筋麻痺
cardioplegic,a〉心筋麻痺の
cardiopneumatic,a〉心臓呼吸の
cardiopneumograph,心臓呼吸描写器
cardioprotective,a〉心臓保護の
cardioptosis,心臓下垂症
cardiopulmonary,a〉心肺の
cardiopuncture,心臓穿刺(術)
cardiorespiratory,a〉心呼吸系の
cardiorrhexis,心破裂
cardioselective,a〉心選択性の
cardiospasm,噴門痙攣
cardiostimulatory,a〉心刺激性の、心臓刺激性の
cardiosurgery,心臓外科
cardiotachometer,心拍タコメータ、心拍動計
cardiotherapy,心臓病治療(法)
cardiothoracic,a〉心胸郭の
cardiotomy,心臓切開(術)、開心術 噴門切開(術)
cardiotonic,a〉強心(性)の
cardiotoxic,a〉心毒性の
cardiotoxicity,心毒性
cardiovalvulitis,心弁膜炎
cardiovalvulotome,心弁膜切開刀
cardiovalvulotomy,心弁膜切開(術)
cardiovascular,a〉心血管の
cardioversion,心臓除細動、心除細動
cardioverter,心臓除細動器、心除細動器
carditic,a〉心臓炎の
carditis,心臓炎
care,介護、ケア
caries,《歯》ウ蝕、齲蝕
carina,1_隆起状構造 2_竜骨<鳥類の>
cariogenesis,《歯》齲蝕誘発、齲蝕発生
cariogenetic,a〉《歯》齲蝕誘発の、齲蝕発生の
cariogenic,《歯》ウ蝕誘発性の
cariogenicity,《歯》ウ蝕誘発性
cariology,齲蝕学
carnification,肉様変化、肉変
carnivore,肉食類、肉食動物
carnivorous,a〉1_肉食(性)の 2_肉食類の
caroticotympanic,a〉頚鼓の
carotid,a〉頚動脈の
carpal,a〉手根[骨]の、手首の
carpopedal,a〉手根と足の、手根足の
carpoptosis,下垂手
carrier,1_担体、保菌者 2_《歯》運搬器
carsickness,乗物酔い
cart,カート
cartilage,《解》軟骨
cartilaginous,a〉軟骨の
cartilago,軟骨
caruncle,カルンクル
caruncular,a〉小丘の
case,1_事案 2_症例
caseation,乾酪化
caseous,a〉乾酪性の
casework,ケースワーク
cast,《歯》鋳造物、鋳造体
castability,《歯》鋳造性
casting,a〉鋳造の
castration,去勢(術)、除雄
cat,ネコ
catabolic,a〉異化の、異化作用の
catabolism,異化、異化作用
cataract,白内障
catarrhal,a〉カタル(性)の
catatonia,緊張病、カタトニー
catatony,緊張病、カタトニー
cathartic,a〉1_瀉下性の、通利性の 2_カタルシスの n〉下剤、瀉下薬、便通薬()
catheter,カテーテル
catheterization,カテーテル挿入
cathodal,a〉陰極(性)の
cathode,陰極
cathodic,a〉陰極(性)の
cation,陽イオン、カチオン
cationic,a〉陽イオンの、カチオンの
caudal,a〉尾側の
caudate,a〉1_尾のある、有尾の、尾状器官のもつ 2_尾状の<葉が>
causal,a〉原因の、原因となる、原因に関する
causalgia,灼熱痛
causality,1_因果性 2_《理化》因果率
causative,a〉原因の、原因となる、原因に関する
caustic,a〉腐食性の
cauter,焼き鏝 やきごて
cauterant,a〉腐食(性)の n〉焼灼器
cauterization,1_焼灼(法)、焼灼(術) 2_腐食
cautery,1_焼灼(法)、焼灼(術) 2_焼灼器 3_焼灼薬
cavernosometry,陰茎海綿体圧測定
cavernous,a〉1_海綿状の 2_空洞性の
cavitary,a〉腔の
cavitas,腔
cavity,1_空洞 2_《解》腔 3_《歯》窩洞
cecal,a〉盲腸の
cecitis,盲腸炎
cecocolostomy,盲腸結腸吻合術
cecopexy,盲腸固定(術)
cecoptosis,盲腸下垂(症)
cecum,盲腸 [L]
celiac,a〉腹腔の; セリアック病の
celialgia,腹部疝痛
celiomyomectomy,腹式筋腫切除(術)
celiotomy,開腹(術)
cell,細胞
cell associated,a〉細胞関連の
cellular,a〉細胞(性)の
cellularity,細胞性、細胞充実性
cellulitis,蜂窩織炎
cellulose,セルロース
cement,《歯》セメント
cemental,a〉セメント質の
cementation,《歯》セメント合着
cementifying,a〉セメント質形成(性)の
cementing,a〉合着用の
cemento osseous,a〉セメント質骨の
cementoblast,《歯》セメント芽細胞
cementoblastoma,《歯》セメント芽細胞腫
cementocyte,《歯》セメント細胞
cementogenesis,《歯》セメント質形成
cementoid,《歯》類セメント質
cementoma,《歯》セメント腫
cementomatosis,《歯》セメント質腫症
cementum,《歯》セメント質
centigrade,a〉百分度の、摂氏の(Celsius) n〉センチグラード
centimeter,センチメートル
central,a〉中心(性)の、中心部の、中枢の
centric,a〉中心(性)の
centrifugal,a〉遠心(性)の、遠心分離の
centrifuge,遠心分離機
centrilobular,a〉小葉中心(性)の
centripetal,a〉1_求心(性)の、求心的な 2_《理化》向心の
centronuclear,a〉中心核の
centrosomal,a〉中心体の
centrosome,中心体
cephalalgia,頭痛
cephaledema,頭部水腫
cephalic,a〉頭の、頭部の、頭蓋の、頭側の
cephalography,頭部Ｘ線撮影法
cephalometer,頭蓋計測器
cephalometry,頭蓋計測法
cephalomotor,a〉頭運動の
cephalopagus,頭部結合体
cephalopathy,頭部疾患
cephaloplegia,頭麻痺
cephalothoracic,a〉頭胸の
cephalothoracopagus,頭胸結合体
cephalotome,胎児開頭器
cephalotomy,胎児開頭術
cephalotribe,胎児砕頭器
cephalotrypesis,頭蓋穿孔術
cerebellar,a〉小脳(性)の
cerebellomedullary,a〉小脳延髄の
cerebellopontine,a〉橋小脳の
cerebellum,《解》小脳
cerebral,a〉脳の、大脳の、脳性の
cerebrosclerosis,脳硬化症
cerebrospinal,a〉脳脊髄の
cerebrovascular,a〉脳血管の
cerebroventricular,a〉脳室の
cerebrum,《解》大脳
certificate,証明書、証書
certification,証明、認可; 認定
cerulean,a〉青色の、空色の
cerumen,耳垢
ceruminosis,耳垢症
ceruminous,a〉耳垢の
cervical,a〉1_頚の、頚部の 2_子宮頚部の、頚管の 3_《歯》歯頚(部)の
cervicalgia,頚痛、頚部痛
cervicectomy,子宮頚部切除(術)
cervico omo brachial,a〉頚肩腕の
cervicobrachial,a〉頚腕の
cervicodynia,頚痛、頚部痛、頚筋痛
cervicothoracic,a〉頚胸の
cervix,《解》頚
chalazion,霰粒腫
chamber,室
chancre,下疳 げかん
change,変化
chapter,章
character,1_特性、性質 2_遺伝の形質
characteristic,a〉特有の、特徴的な、独特な n〉特性、特質、特徴、特色
characterization,特性記述
characterology,性格学
charge,荷電
charged,a〉荷電の
chart,1_カルテ 2_図表、(１枚の)表、チャート 3_海図
checkup,1_検査、照合 2_健康診断
cheilectropion,口唇外反
cheilitis,口唇炎
cheilognathopalatoschisis,唇顎口蓋裂
cheilognathoschisis,唇顎裂、唇顎披裂
cheiloplasty,口唇形成術
cheiloschisis,口唇裂
cheiloscopy,口唇観察法
cheilosis,口唇症
cheirology,指話法
cheiromegaly,巨指(症)
cheirospasm,書痙
chemical,a〉化学の･的な n〉化学物質
chemical induced,a〉化学誘発の
chemist,化学者
chemistry,化学
chemolysis,化学分解
chemoreceptor,化学受容器、化学受容体
chemosensory,a〉化学感覚の
chemosis,結膜水腫、結膜浮腫
chemotic,a〉結膜水腫の、結膜浮腫の
chemotactic,a〉化学走性の、走化性の
chemotaxis,化学走性、走化性
chemotaxonomy,化学分類
chemotherapeutic,a〉化学療法の
chemotherapeutics,化学療法
chemotherapy,化学療法
chest,胸部
chested,a〉胸の
chiasm,交叉
chiasma,交叉
chiasmatic,a〉交叉の
chick,ニワトリ
chickenpox,水痘
chief,a〉主な
chilblain,凍傷、霜焼
child,子供、児童
childbearing,a〉出産の n〉出産
childcare,育児
chimera,キメラ
chimeric,a〉1_キメラの 2_空想的な
chirology,1_指話法(dactylology) 2_手話 3_手の研究
chiropractice,カイロプラクティック、脊椎指圧療法、指圧療法
chiroscope,手誘導鏡
chisel,鑿=のみ、骨鑿、チゼル
chlamydial,a〉クラミジア属の
chlamydospore,厚壁胞子
chloral,〔薬物〕クロラール
chlorephidrosis,緑汗症
chlorhydria,胃酸過多(症)、過酸症
chloroplast,葉緑素
choice,選択、選択肢
cholagogic,胆汁排出促進(性)の、胆汁分泌促進(性)の
cholagogue,胆汁促進薬、胆汁排出促進薬、胆汁分泌促進薬
cholangiectasis,胆管拡張(症)
cholangiocarcinoma,胆管癌、胆管細胞癌
cholangiocellular,a〉胆管細胞の
cholangioenterostomy,胆管腸管吻合(術)
cholangiogram,胆管撮影図、胆管造影図
cholangiography,胆管撮影(法)、胆管造影(法)
cholangiohepatitis,肝胆管炎
cholangiohepatoma,胆管肝癌、肝胆管細胞癌
cholangiole,細胆管
cholangiolitic,a〉胆細管炎性の
cholangiolitis,胆細管炎
cholangioma,胆管腫
cholangiopancreatography,胆管膵管撮影(法)、胆管膵管造影(法)
cholangiopathy,胆管症、胆管病
cholangiosarcoma,胆管肉腫
cholangioscopy,胆管内視検査(法)
cholangiostomy,胆管造瘻術
cholangiotomy,胆管切開(術)
cholangitis,胆管炎
cholanopoiesis,胆汁生成
cholechromopoiesis,胆汁色素形成
cholecystalgia,胆嚢痛、胆嚢疝痛
cholecystatony,胆嚢弛緩
cholecystectasia,胆嚢拡張(症)
cholecystectomy,胆嚢切除(術)
cholecystitis,胆嚢炎
cholecystocholedocholithiasis,胆嚢総胆管結石症
cholecystoduodenostomy,胆嚢十二指腸吻合術
cholecystogram,胆嚢撮影図、胆嚢造影図
cholecystography,胆嚢撮影(法)、胆嚢造影(法)
cholecystolithiasis,胆嚢結石症
cholecystopathy,胆嚢疾患
cholecystopexy,胆嚢固定術
cholecystostomy,胆嚢瘻造設術
cholecystotomy,胆嚢切開(術)
choledochal,a〉総胆管の
choledochocele,総胆管瘤、総胆管嚢胞
choledochojejunostomy,総胆管空腸吻合(術)
choledocholith,総胆管結石
choledocholithiasis,総胆管結石症
choledocholithotomy,総胆管結石切開(術)
choledocholithotripsy,総胆管砕石(術)
choledocholithotrity,総胆管砕石(術)
choledochoplasty,総胆管形成(術)
choleic,a〉胆汁の
cholelith,胆石
chololith,胆石
cholelithiasis,胆石症
cholelithotomy,胆石除去
cholemesis,胆汁嘔吐(症)
cholemia,胆血症
cholemic,a〉胆血症の
choleperitoneum,胆汁性腹膜炎
cholepoiesis,胆汁生成
choleresis,胆汁分泌
choleretic,a〉胆汁分泌の、胆汁分泌促進の n〉胆汁分泌促進、胆汁排出促進薬、催胆薬
choleric,a〉怒りっぽい、興奮しやすい
cholescintigram,胆管シンチグラム
cholescintigraphy,胆管シンチグラフィー
cholestasis,胆汁うっ滞、胆汁鬱滞
cholestatic,a〉胆汁うっ滞の、胆汁鬱滞の
cholesteatoma,コレステリン腫
cholesteremia,高コレステロール血症
cholesterinemia,#NAME?
cholesterol,コレステロール
cholesterolemia,高コレステロール血症
cholesterol free,a〉コレステロールを含まない
cholesterol rich,a〉高コレステロールの
cholesterolemia,高コレステロール血(症)
cholesterolemic,a〉高コレステロール血(症)の
cholinergic,a〉コリン作用性の、コリン作動性の
chololith,胆石
cholorrhea,胆汁過剰分泌
choluria,胆汁尿、黄疸尿
chondral,a〉軟骨の
chondralgia,軟骨痛
chondritis,軟骨炎
chondroblast,軟骨芽細胞
chondroblastoma,軟骨芽細胞腫
chondroclast,軟骨吸収細胞
chondrocyte,軟骨細胞
chondrocytic,a〉軟骨細胞の
chondrodynia,軟骨痛
chondrodystrophia,軟骨異栄養症
chondrodystrophy,軟骨ジストロフィー
chondrogenesis,軟骨形成、軟骨発生
chondroglossal,a〉小角舌の
chondroglossus,《解》小角舌筋
chondroid,a〉軟骨様の
chondrology,軟骨学
chondroma,軟骨腫
chondromyxoid,a〉軟骨粘液の
chondromyxoma,軟骨粘液腫
chondromyxosarcoma,軟骨粘液肉腫
chondron,軟骨単位
chondronecrosis,軟骨壊死
chondroplasty,軟骨形成(術)
chondrorrhexis,軟骨亀裂
chondrosarcoma,軟骨肉腫
chondrosis,軟骨症
chondrosteoma,軟骨骨腫
chondrotome,軟骨刀
chondrotomy,軟骨切離(術)
chordoma,脊索腫
chorea,舞踏病
choreal,a〉舞踏病の
choreatic,a〉舞踏病の
choreic,a〉舞踏病の
chorioadenoma,絨毛腺腫
chorioamnionitis,絨毛羊膜炎
choriocarcinoma,絨毛癌
chorioepithelial,a〉絨毛上皮の
chorioepithelialoma,絨毛上皮腫
chorioepithelium,絨毛上皮
chorionic,a〉絨毛膜の、絨毛性の
choristoblastoma,分離芽腫
choristoma,分離腫
choroid,《解》脈絡膜
choroidal,a〉脈絡膜の
choroidea,脈絡膜
choroiditis,脈絡膜炎
choroidopathy,脈絡膜疾患
chromaffin,a〉クロム親和(性)の
chromate,クロム酸塩
chromatid,染色分体
chromatin,染色質
chromatography,クロマトグラフィー
chromatology,色彩学
chromatolysis,染色質融解、虎斑融解
chromatometer,比色計
chromatophil,a〉好染性の
chromatophile,a〉好染性の
chromatophilic,a〉好染性の
chromatophobia,色恐怖(症)
chromatophoral,a〉色素体の
chromic,a〉クロムの、クロム酸の
chromium,クロム
chromogen,色素原
chromogenic,a〉色素原の
chromometer,比色計
chromophil,a〉好染性の
chromophile,a〉好染性の
chromophobia,色恐怖(症)
chromophobe,a〉嫌色素性の、色素嫌性の
chromophobic,a〉嫌色素性の、色素嫌性の
chromophore,発色団
chromoplasm,染色質
chromoprotein,色素タンパク質
chromosomal,a〉染色体の
chromosome,染色体
chronic,a〉慢性の
chronicity,慢性
chronotropism,1_周期変動 2_変時性
chyle,乳糜
chylemia,乳糜血症
chylogy,乳糜学
chylothorax,乳糜胸 糜=び
chylous,a〉乳糜の
cibophobia,拒食(症)
cilia,1_線毛 2_《解》睫毛 []a〉〈単〉睫毛=しょうもう
ciliary,a〉睫毛の、毛様の
ciliate,a〉睫毛のある
ciliated,a〉線毛のある
cilium,1_線毛 2_《解》睫毛 しょうもう
cilia,1_線毛 2_《解》睫毛 しょうもう
cineangiography,血管映画撮影(法)、血管映画造影(法)
cingular,a〉帯状の
cingulate,a〉帯の
cingulectomy,帯状回切除(術)
cingulum,1_《解》帯 2_《解》帯状束
cinnamic,a〉桂皮酸の
circadian,a〉概日の、日内の
circinate,a〉輪状の
circle,環
circuit,回路
circular,a〉1_輪状の 2_円の、円環の 3_循環性の
circulation,循環
circulatory,a〉循環の 循環(器)系の
circulus,《解》輪
circumanal,a〉肛門周囲の
circumference,1_円周、周囲、周辺 2_周長 3_《解》環状面
circumferential,a〉周囲の、周辺の
circumlental,a〉水晶体周囲の
circumpolar,a〉極地付近の
circumscripta,限局性の [Ｌ属格]
circumvaginal,a〉膣周囲の
circumzygomatic,a〉頬骨周囲の
cirrhosis,硬変(症)、肝硬変
cirrhotic,a〉硬変(症)の、硬化性の
cirsoid,a〉静脈瘤状の
cistern,槽、大槽
cisterna,1_槽(cistern) 2_乳糜腔
cisternae,1_槽(cistern) 2_乳糜腔
cisternal,a〉槽の
citrate,クエン酸塩
citric,a〉クエン酸の
cladogram,分岐図<生物進化の>
clamp,鉗子、クランプ
clasp,鈎、クラスプ
class,階級
classification,分類
clastic,a〉分解性の
clastogenic,a〉染色体異常誘発(性)の、分裂誘発(性)の
claudication,跛行 はこう
claustrophobia,閉所恐怖(症)、密室恐怖(症)
claustrum,《解》前障
clavicle,《解》鎖骨
clavicula,《解》鎖骨
clavicular,a〉鎖骨の
cleaner,洗浄器
cleaning,洗浄、清掃
cleanliness,清潔
cleansible,a〉可浄の
clear,a〉透明な
cleft,裂
cleidocranial,a〉鎖骨頭蓋の
climacophobia,階段恐怖(症)
climacteric,a〉更年期の、月経閉止期の n〉1_更年期 2_男の更年期
climacterium,更年期、更年期変化
climate,気候
climatology,気候学
climax,頂点、絶頂、最高潮
clinic,診療科、診療所
clinical,a〉診療の、臨床の、臨床的な
clinician,臨床医、臨床家
clinicopathologic(al),a〉臨床病理学の
clinicopathology,臨床病理学
clinodactyly,彎曲指症
clinodactylia,彎曲指症
clinodactylism,彎曲指症
clinometer,傾斜計
clinotherapy,絶対安静、臥床安静療法
clitoral,a〉陰核の
clitoridean,a〉陰核の
clitoralgia,陰核痛
clitorectomy,陰核切除(術)
clitoridectomy,陰核切除(術)
clitoriditis,陰核炎
clitoridotomy,陰核切開(術)
clitoris,《解》陰核 [L]
clitorism,1_陰核肥大 2_持続性陰核勃起
clitoriplasty,陰核形成(術)
clitoritis,陰核炎
clitorotomy,陰核切開(術)
clitorrahagia,陰核出血
clivus,《解》斜台
clonal,a〉クローンの、栄養系の
clonic,a〉間代(性)の
clonicotonic,a〉間代緊張性の
closure,閉鎖
clot,血餅
clotting,a〉凝血の
clouding,混濁
cloudy,a〉混濁の
club like,棍棒状
clubbing,棍棒状肥大
coactivation,共活性化
coagulable,a〉凝固性の
coagulation,凝固
coagulative,a〉凝固(性)の
coagulopathy,血液凝固障害、凝固障害
coarctation,縮窄、狭窄、絞窄、絞扼 絞扼=こうやく
coating,1_コーティング、被膜形成 2_被膜剤、被膜物質 3_剤皮
coaxial,a〉同軸の
cobalt,<[元素]>コバルト
cobblestone,丸石、玉石、くり石
coccoid,a〉球状の
coccus,球菌
coccygeal,a〉尾骨の
cochlea,《解》蝸牛 [L]
cochlear,《解》蝸牛の
cochleopalpebral,a〉蝸牛眼瞼の
cochleotoxic,a〉蝸牛毒性の
cochleovestibular,a〉蝸牛前庭の
coding,<[数]>符号づけ
codocyte,帽子状赤血球
codon,コドン
coefficient,係数
coeliac,a〉腹腔の
coelomate,a〉体腔のある n〉体腔動物
coelomic,a〉体腔の
coenzyme,補酵素
coexpression,共発現
cognition,認知
cognitive,a〉認識の、認知の
cohesive,a〉粘着(性)の
cohort,コホート
coil,螺旋 らせん 、コイル
coital,a〉性交の
cold,a〉寒性の、寒冷の
cold insoluble,a〉寒冷不溶性の
colic,仙痛=疝痛=
colicystitis,大腸菌性膀胱炎
colicystopyelitis,大腸菌性膀胱腎盂炎
coliemia,大腸菌血症
colitis,結腸炎、大腸炎
collagen,コラーゲン
collagen coated,a〉コラーゲン被覆の
collagenase,コラゲナーゼ、コラーゲン分解酵素
collagenization,コラーゲン化、膠原化
collagenolysis,コラーゲン分解
collagenous,a〉コラーゲン(性)の、膠原(性)の
collapse,1_虚脱(状態) 2_圧潰
collapsotherapy,肺虚脱療法
collateral,a〉傍側の、副〜
collectomania,収集癖
collectionism,収集癖
colliculectomy,精丘切除(術)
colliculitis,精丘炎
colliculus,《解》小丘
colliquative,a〉融解の、液化する
collision,衝突
colloid,コロイド、膠質
colloidal,a〉膠質の
collum,《解》頚
coloboma,欠損、欠裂、コロボーム
colocentesis,結腸穿刺(術)
coloclysis,浣腸
colofixation,結腸固定術
colon,結腸
colonalgia,結腸痛
colonectomy,結腸切除(術)
colonic,a〉結腸の、結腸洗浄の
colonocyte,大腸上皮細胞
colonopathy,結腸疾患
colonorrhea,粘液性結腸炎
colonoscope,結腸内視鏡、大腸内視鏡
colonoscopic,結腸内視鏡、大腸内視鏡
colonoscopical,a〉結腸内視鏡の、大腸内視鏡の
colonoscopic,a〉結腸内視鏡の、大腸内視鏡の
colonoscopy,結腸内視術、結腸内視鏡検査
colony,集落、コロニー
colony forming,a〉コロニー形成の
coloproctectomy,結腸直腸切除(術)
coloproctitis,結腸直腸炎
coloproctostomy,結腸直腸吻合(術)
colopuncture,結腸穿刺術
color,色、色彩
color blind,a〉色盲の
color blindness,色盲
colorant,着色剤
coloration,着色
colorectal,a〉結腸直腸の
colorectostomy,結腸直腸吻合(術)
colorfast,a〉変色しない
colorful,a〉多彩な
colorimeter,比色計
colorimetric,a〉比色分析(法)の
colorimetry,1_比色分析(法) 2_《理化》比色定量
colorless,a〉無色の
colostomy,人工肛門形成(術)
colovaginal,a〉結腸膣の
colovesical,a〉結腸膀胱の
colpalgia,膣痛
colpatresia,膣閉鎖(症)、鎖膣
colpitis,膣炎
colpocele,膣ヘルニア
colpocleisis,膣閉鎖術
colpocystitis,膣膀胱炎
colpokeratosis,膣粘膜角化症
colpopathy,膣疾患
colpopoiesis,造膣(術)
colporrhagia,膣出血
colposcope,膣鏡
colposcopic,a〉膣鏡(検査)の
colposcopy,膣鏡検査(法)、コルポスコピー
colpospasm,膣痙攣
colpostenosis,膣狭窄(症)
colpotomy,膣切開(術)
column,a〉円柱状の
columnar,a〉円柱状の
coma,昏睡
comatous,a〉昏睡の
combination,1_併用 2_《理化》連結
combustibility,燃焼性、可燃性、燃焼力
combustible,a〉燃えやすい、可燃性の
combustion,燃焼
comigration,共遊走
comitance,《眼》共同運動
commensalism,偏共生
comminuted,a〉粉砕された
commissural,a〉交連の、連合の
committee,委員会
common,a〉1_共通の、共同の、共有の 2_公衆の、公共の 3_普通の、常用の
communicable,a〉感染性の、伝染性の
community,地域
comorbid,a〉共存症の
compact,a〉緻密の
comparative,a〉比較による、比較的な
comparison,比較
compensation,補償、代償
compensatory,a〉補償の、代償(性)の
competitive,a〉競合の、競合的な
complaint,訴え、愁訴
complement,補体
complement dependent,a〉補体依存性(性)の
complementary,a〉相補の、相補的な
complementation,相補性、補足性
complete,a〉完全(性)の、全部の
complex,a〉複合の、複雑な n〉1_複合体 2_《理化》錯体
complexion,顔色、顔貌
complexity,複雑であること
complication,合併症、併発症
component,成分、構成成分、構成要素
comportment,行動、態度
composite,a〉複合の、コンポジットの
composition,構成、組成
composure,沈着、冷静
compound,化合物
compression,1_圧縮、圧搾 2_圧迫(症)
compressional,a〉圧縮の
compressive,a〉圧縮の
compromised,a〉免疫不全の
compulsive,a〉強迫性の
concentration,1_集中 2_濃度
concentric,a〉1_同心の、同心円状の、同軸の 2_集中的な
concept,1_概念 2_視点、コンセプト
conception,1_受胎、妊娠 2_概念
concha,甲介
conchal,a〉甲介の
conchiform,a〉甲介状の
conchitis,甲介炎
conchotomy,鼻甲介切除(術)
concise,a〉簡潔な、簡明な
concision,1_切断 2_簡潔
conclusion,結論
concrescent,a〉癒着の<歯の>
concretion,1_結石(形成) 2_癒着
concurrent,a〉併用の n〉<[数]>共点
condensation,縮合、凝縮
condensing,a〉濃縮の
condition,条件
conditional,a〉条件の
conditioned,a〉条件の
conductible,a〉伝導性の
conduction,伝導
conductive,a〉伝導(性)の、伝音の
conductivity,伝導性、伝導度、伝導力、伝導率
conductor,導体
condylar,a〉1_顆の、顆状の 2_《歯》下顎頭の
condyle,《解》顆、顆頭、顆状突起
condylectomy,関節顆切除(術)
condyloid,a〉顆の、顆頭の、顆状の
condyloma,コンジローム
condylomatous,a〉コンジローム様の
condylotomy,顆状突起切離(術)
condylus,《解》顆、顆突起、顆状突起
confidentiality,守秘、秘密、機密
confluent,a〉融合性の
confocal,a〉共焦点の
confounder,交絡因子
confusion,1_混乱、精神錯乱、意識不鮮明 2_混同、困惑
congelation,1_凍結、凝固 2_凍結物、凝固物 3_凍傷*
congenial,a〉同性質の
congeniality,同性質
congenital,a〉先天性の
congestion,鬱血、うっ血
congestive,a〉うっ血(性)の
conglobate,a〉球状の、球形の
congress,議会 学術大会
congruence,一致、適合(性)、適応性 <
congruity,一致、適合、調和
conical,a〉円錐の、円錐形の
conid,円錐小体
coniosis,塵埃症 塵肺(症)*
conjoint,a〉結合した、共同の 連帯の
conjugate,複合体、コンジュゲート
conjugated,a〉抱合の
conjunctiva,《解》結膜
conjunctival,a〉結膜の
conjunctivitis,結膜炎
conjunctivoplasty,結膜形成(術)
connection,1_連結、連結物、連結点、連絡 2_関係、関連 3_《解》結合
connectionism,結合説
connective,a〉結合(性)の
conoid,a〉円錐の
consanguine,a〉血縁の
consanguineous,a〉血のつながりの、血縁の、血族の、同族の
consciousness,意識
consistency,軟度
consonant,<[文法]>子音
constancy,定常性、恒常性
constant,定数
constipation,便秘
constituent,成分
constriction,収縮
constrictor,収縮筋、括約筋
construction,《歯》築造
consumer,消費者
consumption,1_消費 2_肺癆
contact,接触
contagion,接触伝染
contagiosity,接触伝染性、伝播性
contagious,a〉接触伝染の
contamination,汚染
context,<[言語]>文脈
context free,a〉文脈自由の
contextualization,〔言語〕文脈づけ
continuous,a〉持続の、連続の
contraceptive,a〉避妊の
contractile,a〉収縮性の
contraction,収縮
contracture,拘縮
contraindication,禁忌
contralateral,a〉対側(性)の、反対側(性)の
contrast,1_対照、対比、コントラスト 2_対置物
control,制御、コントロール
controversial,a〉論争上の、議論の余地のある
controversy,論争、議論、問題点
contusion,挫傷、打撲傷
convection,1_伝達、伝導 2_対流
convective,a〉伝達性の、伝導性の
conventional,a〉通法の
convergence,収束
convergent,a〉収束(性)の
conversion,転換、変換、転化
convertible,a〉変換できる、変換可能な
convolution,1_旋回 2_脳回
convulsant,a〉痙攣(性)の n〉痙攣薬
convulsion,痙攣
convulsive,a〉痙攣(性)の
coordination,協調[運動]; 調整[作用]; 協同[作用]
copolymer,共重合体、コポリマー
copper,<[元素]>銅
coproantibody,糞便抗体
coprophagic,a〉食糞(性)の、糞食(性)の
coprophagous,a〉食糞(性)の、糞食(性)の
copulation,1_交尾、交接 2_交合??
copulatory,a〉交合の
copurification,共精製
cor,《解》心臓
coracoacromial,a〉烏口肩峰の
coracobrachial,a〉烏口腕の
coracoclavicular,a〉烏口鎖骨の
coracohumeral,a〉烏口上腕の
coracoid,a〉烏口の
cordate,a〉心臓形の
cordiform,a〉心臓形の
cornea,角膜
corneal,a〉角膜の
corneocyte,〔組織〕角質細胞
corneoscleral,a〉角膜強膜の
corner,角、隅、コーナー
corneum,角質層の [L]
corniculate,a〉小角の
cornual,a〉角の
cornus,1_角 2_角状突起
coronal,a〉1_冠状の 2_《歯》歯冠の
coronarism,冠不全(症)
coronary,a〉1_冠状の、冠性の 2_《歯》冠側の
coronoid,a〉烏口の
corpus,《解》体
corpuscle,小体
corpuscular,a〉1_小体の、血球の 2_粒子の
correction,1_矯正 2_補正、修正
correlation,相関
correlative,a〉相関的な n〉相関物
corroborant,強壮薬
corrosion,腐食、腐食状態
corrosive,a〉腐食性の
corrugator,皺筋
cortex,皮質 [L]
cortical,a〉皮質(性)の
corticocancellous,a〉皮質海綿骨の
corticosteroid,コルチコステロイド
corticotropin,副腎皮質刺激ホルモン
cosmetic,a〉1_化粧の、化粧用の 2_美容整形の
cosmetology,化粧学、化粧法
cosmic,a〉宇宙の
cosmochemistry,《理化》宇宙化学
cosmology,宇宙学、宇宙論
cosmonaut,宇宙飛行士
costa,肋骨 [L]
costal,a〉肋骨の
costalgia,肋骨痛
costectomy,肋骨切除(術)
costicervical,a〉肋頚の
costimulation,共刺激
costoabdominal,a〉肋骨腹壁の
costocervical,a〉肋頚の
costochondral,a〉肋軟骨の
costochondritis,肋軟骨炎
costoclavicular,a〉肋鎖骨の
costodiaphragmatic,a〉肋骨横隔の
costomediastinal,a〉肋骨縦隔の
costopectoral,a〉肋骨胸筋の
costophrenic,a〉肋骨横隔膜の
costopleural,a〉肋骨胸膜の
costoscapular,a.肋肩甲骨の
costosternal,a〉肋胸骨の
costotome,肋骨刀
costoxiphoid,a〉肋剣状突起の
cotransduction,同時形質導入
cough,咳 せき
count,計数、算定
counterstain,対比染色
counting,計算、集計
couplet,二連発
course,経過
covalent,a〉共有結合の
covariance,共分散
coxal,a〉寛骨部の、股関節の
coxalgia,1_股関節痛 2_股関節疾患
coxalgic,a〉1_股関節痛の 2_股関節疾患の
coxarthritis,股関節炎
coxarthropathy,股関節疾患
coxitis,股関節炎
coxodynia,股関節痛
coxofemoral,a〉股大腿の
coxotuberculosis,股関節結核(症)
cramp,痙攣
cranial,a〉頭蓋の、頭蓋骨の、頭側の
craniectomy,頭蓋骨切除(術)
craniobasal,a〉頭蓋基底の
craniocaudal,a〉頭尾の
craniocerebral,a〉頭蓋脳の、頭蓋大脳の
craniocervical,a〉頭蓋頚部の
craniocervicomandibular,a〉頭蓋頚部下顎の
cranioclasis,砕頭術
cranioclasty,砕頭術
craniodidymus,二頭体
craniofacial,a〉頭蓋顔面の
craniology,頭蓋学
craniomalacia,頭蓋骨軟化(症)
craniomandibular,a〉頭蓋下顎の
craniometer,頭蓋計測器、頭蓋測定器
craniometric,a〉頭蓋計測の
craniometry,頭蓋計測法
craniopagus,頭蓋結合体
craniopathy,頭蓋疾患、頭蓋障害
craniopharyngeal,a〉頭蓋咽頭の
craniopharyngioma,頭蓋咽頭腫、頭蓋咽頭管腫瘍
cranioplasty,頭蓋形成(術)
craniopuncture,頭蓋穿刺
craniosacral,a〉頭蓋仙骨の
cranioschisis,頭蓋[披]裂、二分頭蓋
craniosclerosis,頭蓋骨硬化症
craniospinal,a〉頭蓋脊柱の
craniostenosis,狭頭(症)
craniostosis,頭蓋縫合早期骨化(症)
craniosynostosis,頭蓋骨縫合早期癒合(症)、頭蓋骨癒合(症)、狭頭(症)
craniotome,開頭器、穿頭器
craniotomy,開頭術
craniotopography,頭蓋局所解剖学
craniotrypesis,開頭(術)、穿頭(術)
craniovertebral,a〉頭蓋脊椎の
cranium,《解》頭蓋、頭蓋骨
crank,クランク、Ｌ字型ハンドル
crease,皮線
creatinine,クレアチニン
creeping,四つ這い
cremasteric,a〉精巣挙筋の、挙睾筋の
crenation,コンペイトウ状化
crepitation,捻髪音
crescent,半月
crest,《解》稜 りょう
crestal,a〉稜の りょう
cretinism,クレチン病
crevicular,a〉歯肉溝の
cribriform,a〉篩状の
crico arytenoid,a〉輪状披裂筋の n〉輪状披裂筋
cricopharyngeal,a〉輪状咽頭の
cricoid,a〉輪状の、環状の
cricoidectomy,輪状軟骨切除(術)
cricopharyngeal,a〉輪状咽頭の
cricothyroid,a〉輪状甲状の n〉《解》輪状甲状筋
cricothyroideus,《解》輪状甲状筋
cricotracheal,a〉輪状気管の
crime,犯罪
criminal,a〉犯罪の n〉犯罪者
crisis,発症
crista,《解》稜
critical,a〉1_危篤の 2_臨界の
cross,交差=交叉
cross arm,a〉腕交差の
cross covariance,相互共分散
cross immunity,交差免疫
cross immunization,交差免疫化
cross journal,a〉雑誌間の、ジャーナル間の
cross leg,a〉脚交差の
cross legged,a〉交叉脚の、Ｘ脚の
cross section,a〉断面の
cross sectional,a〉横断的な、断面の
crossbreeding,雑種形成、交雑
croup,喉頭炎
crown,《歯》歯冠 鋳造冠
cruciate,a〉十字状の
crucible,坩堝 るつぼ
crural,a〉脚の、下腿の、すねの
crus,《解》脚
crust,痂、痂皮 痂=かさぶた痂皮=かひ
cryoanalgesia,寒冷鎮痛
cryoanesthesia,冷凍麻酔(法)
cryobiology,低温生物学
cryocautery,低温焼灼法
cryogenics,冷凍学
cryoglobulin,寒冷グロブリン
cryoglobulinemia,寒冷グロブリン血症
cryometer,低温計
cryopathy,寒冷症
cryopexy,冷凍固定(法)
cryoscope,氷点計
cryosection,凍結切片
cryosurgery,凍結外科、冷凍外科
cryotherapy,低温療法、凍結療法
cryptococcal,a〉クリプトコクス症の
cryptococcosis,クリプトコッカス症
cryptococcus,クリプトコッカス菌
cryptogenetic,a〉原因不明の、特発性の
cryptogenic,a〉原因不明の、特発性の
cryptogram,暗号文
cryptography,暗号術
cryptolith,1_皮膚結石 2_粉瘤結石 3_(扁桃腺の)窩内結石、窩石
cryptorchidectomy,潜伏精巣摘出(術)
cryptorchidism,停留精巣、停留睾丸
cryptosporidium,クリプトスポリジウム
cryptosporidiosis,クリプトスポリジウム症
cryptotoxic,a〉潜伏毒性の、潜在毒の
crystal,結晶
crystalline,a〉結晶の
crystallization,《理化》晶出
crystallizer,《理化》結晶器
crystallogram,結晶図、クリスタログラム
crystallography,結晶学
crystalloid,晶質
cub,幼獣
cubital,a〉肘の ひじ
cuboidal,a〉立方状の
culture,培養
cumulant,<[数]>累積率
cuneiform,a〉楔状の n〉《解》楔軟骨
cuneocuboid,a〉楔立方の
cuneus,楔部 [L]楔=けつ
cupric,a〉第二銅の
cuprous,a〉第一銅の
cupula,《解》頂 [L]
curable,a〉治せる、治療できる
curative,a〉治癒できる n〉治療薬、薬剤
cure,1_治癒、全快、完治 2_治療(法)、医療
curettage,掻爬
curette,鋭匙、掻爬器、キューレット
curium,<[元素]>キュリウム
current,電流
curvatura,《解》彎
curvature,1_彎、彎曲 2_《理化》曲率
cusp,《歯》咬頭
cuspid,《歯》犬歯
cuspless,a〉《歯》無咬頭の
cutaneous,a〉皮膚の
cuticle,小皮
cyanocobalamin,シアノコバラミン
cyanosis,チアノーゼ
cyanotic,a〉チアノーゼの
cycle,1_周期 2_回路
cyclic,a〉周期(性)の、周期的な、循環期の 《理化》環状の、環式の
cycloplegic,a〉毛様体筋麻痺の
cylindoid,1_類円柱<尿沈渣の> 2_類円柱体
cylindroma,円柱腫
cymba,《解》舟
cynodont,犬歯
cyst,嚢胞、嚢腫
cystadenocarcinoma,嚢胞腺癌
cystadenofibroma,嚢胞性線維腺腫
cystadenolymphoma,嚢腺リンパ腫
cystadenoma,嚢胞腺腫、嚢腺腫
cystalgia,膀胱痛
cystatrophia,膀胱萎縮
cystectasia,膀胱拡張(術)
cystectomy,膀胱切除(術)
cystic,a〉胆嚢の 嚢胞(性)の
cysticoduodenal,a〉胆嚢十二指腸の
cystitis,膀胱炎
cystocele,膀胱瘤
cystodynia,膀胱痛
cystoenterostomy,胆嚢小腸吻合(術)
cystogram,膀胱撮影図、膀胱造影図
cystography,膀胱撮影(法)、膀胱造影(法)
cystolith,膀胱結石
cystolithiasis,膀胱結石症
cystolithic,a〉膀胱結石の
cystotome,嚢切開刀
cystoma,嚢腫
cystomatits,嚢腫炎
cystometer,膀胱内圧計
cystomyxoma,粘液嚢腫
cystoneuralgia,膀胱神経痛
cystoparalysis,膀胱麻痺
cystopexy,膀胱固定(術)
cystoplegia,膀胱麻痺
cystoptosis,膀胱下垂(症)
cystopyelitis,膀胱腎盂炎
cystosarcoma,嚢胞肉腫
cystoschisis,膀胱裂
cystoscope,膀胱鏡
cystoscopy,膀胱鏡検査(法)
cystotomy,膀胱切開(術) 胆嚢切開(術)
cytochemical,a〉細胞化学の、細胞化学的な
cytochemistry,細胞化学
cytokeratin,サイトケラチン
cytological,a〉細胞学の、細胞学的な
cytologist,細胞学者
cytology,細胞学
cytolysis,細胞融解
cytolytic,a〉細胞融解の
cytomegalic,a〉巨大細胞性の
cytomegalovirus,サイトメガロウイルス
cytometric,a〉血球計算の、サイトメトリーの
cytometry,サイトメトリー
cytomorphosis,細胞変態
cytomusculature,細胞筋系
cytopathogenic,a〉細胞変性の
cytopathology,細胞病理学
cytopathy,細胞変性
cytophagous,a〉細胞食作用の
cytophagy,細胞食作用
cytopigment,細胞色素
cytoplasm,細胞質
cytoplasmic,a〉細胞質の
cytoreduction,細胞減少(法)
cytoscopic,a〉細胞検査(法)の
cytoscopy,細胞検査(法)
cytoskeletal,a〉細胞骨格の
cytoskeleton,細胞骨格
cytosolic,a〉細胞質ゾルの
cytostatic,a〉細胞増殖抑制(性)の
cytotaxis,細胞走性
cytotechnologist,細胞検査技師
cytotechnology,細胞検査
cytothesis,細胞整復、細胞復位
cytotonic,a〉細胞緊張性の
cytotoxic,a〉細胞傷害の、細胞毒性の
cytotoxicity,細胞毒性
cytotropic,a〉細胞向性の、細胞親和性の
dacryadenalgia,涙腺痛
dacryadenitis,涙腺炎
dacryocystalgia,涙嚢痛
dacryocystitis,涙嚢炎
dacryocystocele,涙嚢ヘルニア
dacryopyosis,涙管化膿(症)
dacryolith,涙結石、涙石
dacryolithiasis,涙結石症、涙石症
dactylalgia,指痛
dactyledema,指浮腫
dactylitis,指炎
dactylodynia,指痛
dactylogram,指紋
dactylography,指紋学
dactylology,指話法
dactylolysis,合指分離(術)、指趾欠損
dactylomegaly,巨指(症)
dactylophasia,指話(術)
dactyloscopy,指紋検査(法)、指紋同定(法)、指紋分類(法)
dactylosymphysis,合指(症)、指癒合(症)
dam,ダム
damage,1_損傷 2_損害 3_[pl] 弁償金
dating,年代測定
dead,a〉死の、死亡の
death,1_死、死亡 2_死者、死亡者
debridement,壊死組織切除(法)、創傷清拭
debromination,脱臭素
decalcification,脱灰
decantation,傾斜
decarboxylase,脱炭酸酵素
decarboxylation,脱炭酸
decay,壊変
decementation,脱セメンテーション
decerebrate,a〉除脳の
decerebration,除脳
dechlorination,脱塩素
decidophobia,決断恐怖(症)
decidua,脱落膜
deciliter,デシリットル
decimal,小数
decline,減少、減退、低下
decomposition,分解
decompression,減圧
decompressive,a〉減圧の
decremental,a〉減衰の
decubitus,褥創
decussation,交叉
dedifferentiation,脱分化
defatting,除脂術
defecation,排便
defect,欠陥、欠損
defective,a〉欠陥･欠損の、精神的に･肉体的に正常値に満たない
defense,防衛
deferent,a〉輸送の、排泄の、輸精管の
deferential,a〉精管の
defibrillation,除細動
deficiency,不足、欠乏(症)
deficient,a〉不足した、欠乏(性)の 不完全な、欠陥のある
definition,定義
deformans,変形(性)の [Ｌ属格]
deformation,変形
deformed,a〉奇形の
deforming,a〉変形性の
deformity,1_奇形 2_《歯》変形症
degeneration,1_変性 2_《理化》退化
degenerative,a〉変性の
deglutition,嚥下
degradation,1_分解、破壊 2_退化
degranulation,脱顆粒
degree,1_度 2_度合い、程度 3_学位
dehiscence,離開、裂開
dehydrate,脱水物
dehydration,1_脱水 2_脱水症
dehydrogenase,脱水素酵素
dejection,1_排泄、便通 2_排泄物
dejecture,糞、排泄物
delayed,a〉遅延の、遅効性の
deleterious,a〉(心身に)有害な
deletion,1_欠失、欠損 2_除去、削除
delirium,譫妄  せんもう
delivery,1_配達 2_出産
deltoid,《解》三角筋
delusion,妄想
dementia,痴呆
demilune,半月、半月体
demineralization,脱鉱質、脱灰、無機質脱落
demodectic,a〉毛嚢虫の、毛嚢虫による
demographic,a〉人口統計学の、人口統計学的な
demography,人口統計学、人口学
demonstration,1_証明 2_展示 3_(感情の)表示
demyelinating,a〉脱髄の
demyelination,脱髄、髄鞘脱落、髄鞘除去
demyelinization,脱髄、髄鞘脱落、髄鞘除去
denaturant,変性剤
denaturation,変性
denatured,a〉変性の
dendriform,a〉樹枝状の
dendritic,a〉樹枝状の、樹状の
dendrogram,系統樹
denervation,除神経
dengue,デング
densitometry,密度計測(法)、光学密度計測(法)、濃度計測(法)
density,1_密度 2_《理化》密度、濃度
dental,a〉1_歯の、歯牙の 2_歯科の
dentalgia,《歯》歯痛
dentate,a〉歯状の、鋸歯状の
denticulate,a〉歯状の
dentifrice,《歯》歯磨き剤
dentigerous,a〉含歯性の
dentin,《歯》象牙質
dentine,《歯》象牙質
dentinal,a〉象牙質の
dentinogenesis,《歯》象牙質形成、象牙質発生
dentinoma,《歯》象牙質腫
dentiparous,a〉歯牙形成の
dentist,《歯》歯科医師、歯医者
dentistry,《歯》歯科学、歯学
dentition,《歯》歯列
dentoalveolar,a〉歯牙歯槽の
dentofacial,a〉歯牙顔面の
dentoforensic,a〉法歯学の、法歯学的な
dentogingival,a〉歯牙歯肉の
dentulous,a〉有歯の
denture,《歯》義歯
deodorant,脱臭剤
deodorization,脱臭
deoxidation,脱酸素
deoxyribonucleoprotein,デオキシリボ核蛋白
department,教室、講座<大学の>
dependence,依存(症)
dependent,a〉依存(性)の
depilation,脱毛
depolarization,脱分極
depolarizer,消極剤
deposit,沈着物
deposition,沈着
depressant,a〉抑制の n〉抑制薬
depression,1_低下、沈下、減圧 2_陥凹 3_抑制 4_鬱病、うつ病
depressor,1_減圧物 2_降圧薬 3_減圧神経、抑制神経 4_《解》下制筋
depressurization,減圧(原子炉の)
deprivation,奪取
depth,深さ、深度
derangement,1_撹乱、混乱、障害 2_錯乱
derivative,派生体
dermal,a〉1_皮膚の、真皮の 2_表皮(性)の
dermatalgia,皮膚疼痛、皮膚痛
dermatic,a〉皮膚の･に関する
dermatitis,皮膚炎
dermatocyst,皮膚嚢腫
dermatocellulitis,皮膚蜂巣炎
dermatodynia,皮膚痛
dermatofibroma,皮膚線維腫
dermatofibrosarcoma,皮膚線維肉腫
dermatofibrosis,皮膚線維症
dermatoglyphic,a〉皮膚紋理の、掌紋の
dermatoglyphics,皮膚紋理学、掌紋学
dermatoid,a〉皮様の
dermatological,a〉皮膚学の、皮膚科学の
dermatologist,皮膚科学者
dermatology,皮膚科学
dermatome,皮膚採取器、採皮刀、デルマトーム
dermatomyositis,皮膚筋炎
dermatopathology,皮膚病理学
dermatophytosis,皮膚糸状菌症
dermatotropic,a〉皮膚向性の
dermis,真皮
dermoid,a〉類皮の、皮様の
dermopathy,皮膚病
dermotropic,a〉皮膚向性の
desaturated,a〉脱飽和の
desaturation,脱飽和
descending,a〉下行の
descensus,下降、下垂症、脱出
desert,1_砂漠 2_《生物》荒原
desmodynia,靭帯痛
desmoid,a〉線維様の、靭帯様の n〉類腱腫、デスモイド
desmologic(al),a〉靭帯学の、靭帯学的な
desmology,靭帯学
desmopathy,靭帯病、靭帯病
desmoplastic,a〉線維形成性の
desmorrhexis,靭帯断裂
desmosomal,a〉接着斑の、デスモソームの
desorption,脱着
desquamative,a〉剥離(性)の、落屑(性)の
destruction,破壊
destructive,a〉破壊(性)の、破壊的な
desynchronization,脱周期
detailed,a〉詳細な
detectable,a〉検出可能の、検出できる
detection,検出
detector,検出器
detergent,a〉洗浄(性)の n〉洗剤
determinant,抗原決定基
determination,測定、計測
determinism,決定論
detoxication,解毒、無毒化
detoxification,解毒、無毒化
detrusor,《解》排尿筋
deuterium,重水素
deuteron,重陽子
deuterocoel,真体腔
development,1_発育、発達 2_現像 3_開発<土地の>
developmental,a〉発育(性)の
deviation,偏位
device,装置、道具、器具
deviometer,斜視偏位測定計
devitalization,失活、除活
devitalizator,《歯》除活剤
devitalizing,a〉《歯》除活の
dextrocardia,右心症
dextrocardiogram,右心電図、右心造影図
dextrogastria,右胃症
dextrogyrate,a〉右旋(性)の
dextrogyric,a〉右旋(性)の
dextrorotation,右旋
dextrorotatory,a〉右旋(性)の
dextroversion,右方偏位
diabetes,糖尿病
diabetic,a〉糖尿病の
diaclasis,骨破壊、骨吸収
diacrisis,1_診断、鑑別診断 2_分泌性疾患
diactinic,a〉化学線透過能の
diad,a〉２価の n〉２価の元素または基
diadochokinesia,反復拮抗運動、変換運動
diadochokinesis,反復拮抗運動、変換運動
diadochokinetic,a〉反復拮抗運動の、変換運動の
diagnosis,診断
diagnostic,a〉診断の、診断学の
diagnostician,診断医
diagnostics,診断学、診断法
dialysate,透析液
dialysis,透析
dialytic,a〉透析の
diamine,ジアミン
diapedesis,1_漏出、滲出 2_血管外遊出
diaphanoscopy,徹照法、透視法
diaphoresis,発汗、発汗療法
diaphragm,《解》横隔膜
diaphyseal,a〉骨幹(部)の
diaphysial,a〉骨幹(部)の
diaphysitis,骨幹炎
diarrhea,下痢
diarrhoea,下痢
diarrheal,a〉下痢の
diarthrosis,《解》可動関節
diaschisis,機能解離、遠隔機能障害
diastema,《歯》歯間隙、(中切歯の)正中離開
diastematocrania,頭蓋正中離開
diastole,拡張期
diastolic,a〉拡張期の
diastrophic,a〉変形性の
diataxia,両側運動失調(症)
diathesis,素因、素質、体質
dichotomous,a〉1_二叉の、二分する、二分法による 2_<[植]>二股に分かれる
dichroism,光二色性、二色性、複色性
dichroitic,a〉二色性の
dicliditis,心弁炎
diclidotomy,直腸弁切除(術)
didymalgia,精巣痛、睾丸痛
dielectric,a〉誘電(性)の
diencephalon,間脳
diencephalic,間脳
diencephalosis,間脳症
dietetics,栄養学
dietician,栄養士
dietitian,栄養士
differential,a〉1_鑑別の 2_分画の 3_<[数]>微分の
differentiation,分化
diffraction,回折
diffractometer,回折計
diffuse,a〉瀰漫性の
diffusion,拡散
digastricus,《解》顎ニ腹筋
digestable,a〉消化できる、消化可能の
digestion,1_消化、消化作用 2_熟成
digestive,a〉消化の n〉消化薬
digluconate,二グルコン酸塩
digoxin,ジゴキシン
digraph,<[心]>方向グラフ
dilatation,拡張、散大
dilated,a〉拡張した、拡張型の
diluting,a〉希釈の
dilution,希釈、希釈度
dimelia,重複肢症、複肢症
dimensional,a〉次元の
dimer,二量体
dimorphic,a〉二形性の
diomphal,a〉二臍帯性の
dioxide,二酸化物
diphallus,重複陰茎
diphosphate,二燐酸塩、二リン酸塩
diphtheria,ジフテリア
diphtheritic,a〉ジフテリア(性)の
diplegia,両側麻痺、両麻痺、対麻痺
diploblastic,a〉二胚葉(性)の
diplocardiac,a〉二心臓[型]の
diplococcus,双球菌
diplocoria,複瞳孔(症)、重複瞳孔(症)、二重瞳孔(症)
diploic,a〉板間層の
diploid,二倍体
diploidy,二倍性
diplokaryon,二複相染色体核
diplomelia,重複肢症
diplomellituria,二重糖尿(症)
diplopia,複視
dipsia,渇き、口渇
direct,a〉直接な
direct current,a〉直流の
direction,方向
directional,a〉方向(性)の
disaccharide,二糖
disappearance,消失
disc,《解》円板
discernible,a〉見分けられる、認識･識別できる
discharge,1_排泄[物] 2_射精 3_分泌 4_(神経インパルスの)発射 5_退院 6_《理化》放電 7_《理化》消色
disclusion,《歯》臼歯離開咬合
discoloration,変色
discolored,a〉変色した
discontinuance,1_中止、中断 2_停止、廃止
discontinuation,1_中止、中断 2_停止、廃止
discontinuity,断続、不連続; 支離滅裂
discontinuous,a〉不連続の
discopathy,椎間板症、椎間板疾患
discrepancy,食い違い、相違、不一致、矛盾
discrete,a〉1_不連続の 2_<[数]>離散の
discriminant,a〉識別の
discrimination,識別、鑑別
discriminatory,a〉識別の
discus,《解》円板 [L]
discussion,1_討論 2_(論文の)考察
disease,病気、疾病、疾患、〜病、〜症
disease free,a〉無疾患の、疾患のない
disharmonious,a〉不調和な
disharmony,《歯》不調和、失調
dishydrotic,a〉汗疱状の
disinfectant,a〉消毒力のある、殺菌性の n〉殺菌薬、消毒薬
disinfection,消毒(法)、殺菌
disinsectization,駆虫
disintegration,1_崩壊 2_《理化》壊変(原子核の)
disintoxication,解毒、毒素中和
disjunct,a〉分離･離開した
disjunction,分離、切離
disjunctive,a〉分離性の
disk,#NAME?
diskectomy,椎間板切除(術)
diskitis,椎間板炎
dislocation,1_脱臼 2_転位
dismutase,〔酵素〕ジスムダーゼ
disomy,二染色体(性)
disorder,異常、障害、疾患
disorganization,<[心]>解体
disorientation,見当識障害
dispensary,薬局
dispenser,1_調剤者、調剤士 2_投薬器 3_《歯》計量器
dispersion,1_分散 2_散布度
disphonia,脱語症
displaced,a〉変位の、転位の
displacement,偏位、変位、転位
disposition,素因、気性
dispireme,二重らせん糸
disproportionate,a〉〈〜に〉不均衡な、不相応な
dispute,議論、論争
disruption,1_断絶 2_破壊、崩壊 3_分離、分裂
disruptive,a〉破壊の、崩壊性の、分離性の、分裂性の
dissected,a〉切開･解剖した
dissecting,a〉解離性の
dissection,切開、解剖、切離、郭清(術)
disseminated,a〉播種性の、散在性の、汎発性の
dissemination,播種、伝播
disseminatus,播種性の [L属格]
dissimilation,異化、異化作用
dissimulation,疾患隠蔽
dissociated,a〉解離性の
dissociation,1_分離 2_《理化》解離 3_<[心]>解離、分裂
dissociative,a〉解離的な
distal,a〉遠心の、遠心側の
distance,1_距離 2_遠隔
distant,a〉1_遠い 2_遠隔の
distensibility,伸展性
distention,拡張、膨張状態、膨満
distichiasis,睫毛重生
distillation,蒸留
distillatory,蒸留器
distribution,分布
disturbance,1_障害 2_外乱
disuse,不用、廃用、廃棄
diuresis,利尿
diuretic,a〉利尿の
diurnal,a〉昼行(性)の、日中の
divalent,a〉ニ価の
divergence,1_分岐、相違、逸脱 2_開散<斜視･脱臼･麻痺の> 3_《生物》分岐 4_《理化》発散 5_〔植〕(葉序の)開度 6_<[心]>拡散
divergent,a〉分岐の、相違の、逸脱の
diverging,a〉1_開散の 2_《理化》発散の
diverticular,a〉憩室(性)の
diverticulitis,憩室炎
diverticulosis,憩室症
diverticulum,憩室
division,1_分割 2_部署 3_分裂 4_<[数]>割り算、除法
dizziness,眩暈、めまい
docimasy,1_検査法 2_新生児肺検査(法)
doctor,1_医者(medical doctor) 2_博士
dolichocephalic,a〉長頭(症)の
dolichocephalous,a〉長頭(症)の
dolichocephaly,長頭(症)
dolichocephalia,長頭(症)
dolichocephalism,長頭(症)
dolichocolon,長結腸(症)、結腸過長(症)
dolichocranial,a〉長頭蓋の
dolorimetric,a〉痛覚測定の
dolorology,痛覚学
domatophobia,住居恐怖(症)
dominant,a〉1_優性の 2_〔植〕優占の
dopamine,ドーパミン 〈神経伝達物質〉
dorsal,a〉背の、背部の、背側の
dorsalgia,背痛
dorsiflexion,背屈
dorsiscapular,a〉肩甲骨背側の、肩甲骨背部の
dorsolateral,a〉背外側の
dorsomedial,a〉背内側の
dorsoventral,a〉背腹の
dorsum,《解》背 [L]
dose,1_用量 2_線量 3_投与量、服用量、薬量
dose dependent,a〉用量依存(性)の、線量依存(性)の
dosimeter,線量計
dosemeter,線量計
dosimetric,a〉1_線量測定の 2_薬量測定の
dosimetry,1_線量測定(法) 2_薬量測定(法)
dosis,1_線量 2_用量、薬量
double,a〉二重の、重複の
double blinded,a〉二重盲検の
doublet,《理化》二重項
doubling,倍増
douche,圧注法、潅注法、ドゥーシュ [F]
downregulation,抑制的調節
drainage,排液(法)、排膿(法)、ドレナージ
drill,(骨の)穴あけ器具、ドリル
drilling,練習、訓練
drinking,a〉飲水の
dromomania,放浪癖
dromotropic,a〉変伝導の
dropper,点眼瓶
dropsy,水症、水腫(症)、浮腫(症)
drosophila,〔昆虫〕ショウジョウバエ属
drowsiness,傾眠
drug,薬、薬物、薬剤、医薬品
drug eluting,a〉薬物放出型の、薬物溶出型の
drug induced,a〉薬物誘発(性)の、薬物性の
drug resistant,a〉薬剤耐性の、薬剤抵抗性の
drunkenness,1_酩酊 2_酒浸り
dry,a〉乾性の
dryness,乾燥
dubnium,<[元素]>ドブニウム
duct,《解》管、導管
ductal,a〉管の、導管の
ductilometer,伸度計
ductular,a〉小管の
ductule,《解》小管
ductus,《解》管、導管 [L]
dull,a〉鈍い
dullness,1_鈍感 2_濁音、濁音界 3_感情鈍麻
duodenal,a〉十二指腸の
duodenectomy,十二指腸切除(術)
duodenitis,十二指腸炎
duodenocholangitis,十二指腸総胆管炎
duodenocystostomy,胆嚢十二指腸吻合(術)
duodenoenterostomy,十二指腸小腸吻合(術)
duodenojejunostomy,十二指腸空腸吻合(術)
duodenolysis,十二指腸剥離(術)
duodenorrhaphy,十二指腸縫合(術)
duodenoscopy,十二指腸検査(法)
duodenostomy,十二指腸造瘻(術)、十二指腸開口(術)
duodenotomy,十二指腸切開(術)
duodenum,十二指腸
duplication,複製
duplicitas,二重体
durability,《理化》耐久性
dural,a〉硬膜の
duration,1_持続、存続 2_持続時間、持続期間、期間
durum,硬い
dust,塵埃
dwarfism,小人症、低身長(症)
dweller,住民
dye,1_色素、染色剤 2_《理化》染料
dyestuff,染料
dynamic,a〉動的な、動態の
dynamics,動態、動力学
dysalgesia,痛覚不全(症)
dysalgia,異常痛覚
dysarthria,構語障害
dysbulia,意志障害
dyschezia,排便困難、排便障害
dyscoria,瞳孔異常
dysdipsia,飲食困難
dysentery,赤痢
dysergia,作動不全
dyserythropoietic,a〉赤血球産生異常(性)の
dysesthesia,異感覚･異常感覚、感覚異常、知覚不全
dysexecutive,a〉遂行障害の、遂行不能の
dysfunction,機能異常、機能障害、異機能
dysfunctional,a〉機能異常の、機能障害の、異機能の
dysgenesis,発育障害、発育不全
dysglycemia,糖代謝異常
dyskeratoma,異角化腫
dyskeratosis,異角化(症)
dyskeratotic,a〉異角化(症)の
dyskinesia,異常運動、運動異常(症)、運動障害、ジスキネジー
dyslexia,失読(症)
dyslexic,a〉失読(症)の、読字障害の
dyslipidemia,異常脂質血(症)
dyslochia,悪露障害 おろ
dyslogia,談話困難(症)
dysmelia,異肢症
dysmenorrheal,a〉月経困難(症)の
dysmenorrheic,a〉月経困難(症)の
dysmorphic,a〉異形(症)の、奇形の、不具の
dysmotility,運動障害
dysnomia,呼名障害
dysostosis,異骨症、骨形成不全(症)
dyspareunia,性交疼痛(症)、性交困難(症)
dyspepsia,消化不良
dysphagia,嚥下困難、嚥下障害
dysphemia,構音障害
dysphonia,発声困難、発声障害
dysphoria,不快、身体違和、気分変調
dyspituitarism,下垂体機能不全
dysplasia,異形成(症)、形成異常、形成不全
dysplastic,a〉異形成(症)の、形成異常の、形成不全の
dyspnea,呼吸困難
dyspraxia,統合運動障害、行為障害
dysraphia,閉鎖不全、癒合不全、癒合異常
dysraphism,閉鎖不全、癒合不全、癒合異常
dysreflexia,反射異常
dysregulation,調節異常、調節障害
dysrhythmia,律動異常
dysrhythmic,a〉1_リズム障害の<発話の> 2_律動不整の、律動異常の<脳･心臓の>
dysspermia,射精困難(症)
dysstasia,起立困難
dysstatic,a〉起立困難の
dyssymbolia,概念化困難
dyssynchrony,同期不全
dyssynchronia,同期不全
dyssystole,収縮期障害
dysthanasia,苦悶死
dysthymia,気分変調
dysthymic,a〉気分変調の
dystithia,授乳困難(症)、哺乳障害
dystocia,異常分娩、難産
dystonia,筋緊張異常、筋失調(症)、ジストニー
dystopia,異所(症)
dystrophic,a〉異栄養(性)の
dystrophy,異栄養(症)、栄養失調(症)、ジストロフィー
dystrophia,異栄養(症)、栄養失調(症)、ジストロフィー
dysuria,排尿困難、排尿障害
ear,耳
eardrops,点耳剤
eardrum,鼓膜
early,a〉早期の
earth,地球
earwax,耳垢
ebola,エボラ
eccentric,a〉偏心の
eccrine,a〉外分泌の
ecchymosis,斑状出血
ecchymotic,a〉斑状出血の、溢血斑の
echinoid,a〉ウニのような
echinophthalmia,睫毛性眼瞼炎
echo,反響、エコー
echoacousia,反響聴
echocardiogram,心エコー図、超音波心検査図、超音波心造影図
echocardiography,心エーコ検査(法)、心エーコ法、超音波心検査(法)
echoencephalography,脳超音波検査(法)、頭蓋内超音波検査(法)
echogenic,a〉エコー反射(性)の
echogenicity,エコー反射性
echogram,超音波図、エコー図
echography,超音波検査、エコー検査
echolalia,反響語、反響言語
echomatism,反響動作
echomimia,反響表情、動作模倣(症)
echopathy,反響症
echopraxia,反響動作
eclabium,唇外反
eclampsia,子癇
eclamptogenic,a〉子癇誘発(性)の
ecoclimate,生態気候
ecology,生態学、エコロジー
economist,経済学者
ectasia,拡張(症)
ecthyma,膿瘡
ectocardia,心臓偏位
ectoderm,外胚葉
ectodermal,a〉外胚葉の
ectodermic,a〉外胚葉の
ectomorph,外胚葉型体、細長型体
ectophytic,a〉外部寄生植物の
ectopia,1_転位(症)、偏位 2_異所症
ectopic,a〉異所性の、異所症の
ectoplasm,外部原形質
ectotherm,外温動物
ectothermic,a〉外温性の
ectothermy,外温性
ectothrix,毛外菌
ectotoxic,a〉菌体外毒素の
ectrodactyly,欠指(症)、欠趾(症)
ectrodactylia,欠指(症)、欠趾(症)
ectrodactylism,欠指(症)、欠趾(症)
ectrogeny,形成欠落
ectromelia,欠肢症
ectromelus,欠肢体
ectropic,a〉外反の
ectropion,外反
eczema,湿疹
edema,水腫、浮腫
edematous,a〉水腫(性)の、浮腫(性)の
edentulous,a〉無歯(性)の
education,教育
educational,a〉教育の
educational industrial,a〉教育産業の、産学の
effect,効果
effective,a〉1_有効な、効果的な 2_実効の
effemination,(男性の)女性化
efferent,a〉遠心性の
efficacy,効き目、効能
efficiency,効率
efflorescence,風解
effluence,1_流出 2_流出物、流出液
effluent,溶出液
efflux,1_流出 2_流出物、放射物
effluxion,流出 流出物
effort,努力、労作 骨折り
effraction,破開、摘出
effusion,滲出 滲出液
effusive,a〉滲出の、滲出液の
egg,卵
eggshell like,a〉卵殻状の
ejaculation,射精
ejaculatory,a〉射精の
ejecta,排出物、吐出物
ejection,1_拍出、駆出、排出、吐出、射出 2_排泄物、吐出物
ejector,1_排出器 2_《歯》排唾器
elastase,エラスターゼ
elastic,a〉弾性の、弾力性のある
elasticity,弾性
elastosis,弾性線維症
elastotic,a〉弾性線維症の、弾性線維様の
elective,a〉選択的な、待機的な
electric,a〉電気の
electrical,a〉電気の
electricity,電気
electroaudiograph,電気聴力計
electrocardiogram,心電図
electrocardiograph,心電計
electrocardiographic,a〉心電図の、心電図検査(法)の
electrocardiography,心電図記録(法)、心電図検査(法)
electrocauterization,電気焼灼
electrocautery,電気焼灼
electrochemical,a〉電気化学の
electrochemist,電気化学者
electrochemistry,電気化学
electrocoagulation,電気凝固(法)
electroconvulsive,a〉電気痙攣の
electrocorticogram,皮質脳波図
electrocorticography,皮質脳波検査(法)
electrocution,感電死、電撃死
electrode,電極
electrodermal,a〉皮膚電位の、皮膚電気抵抗の
electrodiagnostics,電気診断法
electrodynamics,電気力学
electroencephalogram,脳波図、脳電図
electroencephalograph,脳波計
electroencephalography,脳波検査(法)
electrofusion,電気融合(法)
electrogenesis,電気発生
electrohysterography,子宮筋電図検査(法)
electrolysis,《理化》電気分解、電解
electrolyte,電解質、電解液
electrolytic,a〉電気分解の、電解の、電解質の
electromagnatic,a〉電磁の
electrometer,《理化》電位計
electromicturation,電気刺激排尿
electromyogram,筋電図
electromyograph,筋電計
electromyographic,a〉筋電図検査(法)の、筋電図記録(法)の、筋電計の
electromyography,筋電図検査(法)、筋電図記録(法)
electron,電子
electroneuromyography,神経筋電図検査(法)、神経筋電図記録(法)
electronic,a〉電子の
electronics,電子工学
electrooculogram,眼球電図、眼電位図
electro oculogram,眼球電図、眼電位図
electrophobia,電気恐怖(症)
electrophonocardiograph,心音心電計
electrophoresis,電気泳動
electrophoretic,a〉電気泳動の
electroretinogram,網膜電図
electroretinography,網膜電図検査(法)
electroscope,《理化》検電器
electrosynthesis,電気合成
electrothalamogram,視床脳波
electrothalamograph,視床電計
electrothanasia,感電死
electrotherapy,電気療法
electrothermal,a〉電熱の
electrotome,電気メス
electrovalent,a〉イオン結合の
element,元素
elementary,a〉1_基本の 2_元素の
eleutheromania,自由希求症
elimination,1_除去、排除、根絶 2_排泄、排泄物
ellipsis,文字省略(症)
ellipsoidal,a〉長円体の、楕円体の、長円様の、楕円様の
elliptic(al),a〉長円形の、長円状の、楕円形の、楕円状の
elucidation,説明、解明、究明
elute,《理化》溶離液
elution,《理化》溶離
emasculation,去勢(術)、除雄
embedment,包埋
embolism,血栓症
embrassure,鼓形歯間空隙
embryo,胚
embryogenesis,a〉embryogenic n〉胚子発生
embryogenic,a〉胎児由来の
embryogeny,胚子発生
embryologist,胎生学者、発生学者
embryology,胎生学、発生学
embryonal,a〉1_(動物の)胚の、胎児性の、胎芽性の 2_(種子の)胚芽の
embryotoxicity,胎児毒性
emergency,1_緊急、緊急事態、非常事態 2_救急
emesis,嘔吐、悪阻 おそ
emetic,a〉催吐(性)の
emetocathartic,a〉嘔瀉性の
emetophobia,嘔吐恐怖(症)
eminentia,《解》隆起
emissary,a〉導出の
emission,1_射出、噴出、放出、排出、放射 2_射出物、噴出物、排出物 3_(不随意の)射精
emotion,感情、情緒
emotional,a〉感情の、情緒の
emphraxis,閉塞
emphysema,気腫
emphysematous,a〉気腫(性)の
empyema,蓄膿
empyesis,膿疱疹
empyocele,1_臍膿腫 2_陰嚢膿腫
emulsification,乳化
emulsifier,乳化剤
emulsion,乳濁[液]、乳剤、エマルジョン
emulsive,a〉乳剤の、乳濁液の
enamel,エナメル
enanthrope,内因病
enantiomer,鏡像異性体
enantiomeric,a〉鏡像異性の
enantiomerism,鏡像異性
encapsulated,a〉被包性の
encephalalgia,頭痛
encephalemia,脳充血
encephalic,a〉脳の
encephalitic,a〉脳炎の
encephalitis,脳炎
encephalitogen,脳炎誘発物質
encephalization,大脳化
encephalocele,脳ヘルニア
encephalocystocele,脳嚢瘤
encephalolith,脳石
encephalolithiaisis,脳結石症
encephalomeninge,脳髄膜
encephalomeningitis,脳髄膜炎
encephalomeningocele,脳髄膜瘤
encephalomeningopathy,脳髄膜症
encephalomyelitis,脳脊髄炎
encephalomyelopathy,脳脊髄症
encephalopathy,脳症、脳障害
encephalopsychosis,脳性精神病
encephalopuncture,脳穿刺
encephalopyosis,脳化膿(症)、脳膿瘍
encephalorrhagia,脳出血
encephalosclerosis,脳硬化(症)
encephalotome,脳切開器
encephalotomy,脳切開
end,終末
end stage,a〉終末期の、末期の
endangium,血管内膜
endarterectomy,動脈内膜切除(術)
endarterial,a〉動脈内の
endarteritis,動脈内膜炎
endemic,a〉地方性の、地方病性の
endermic,a〉経皮(性)の、経皮的な
ending,終末
endobronchial,a〉気管支内の
endobronchitis,気管支上皮炎
endocapillary,a〉管内の
endocardiac,a〉心臓内の、心内膜の
endocardial,a〉心内膜の
endocarditis,心内膜炎
endocardium,心内膜
endocellular,a〉細胞内の
endochondral,a〉軟骨内の
endocrine,a〉内分泌の、内分泌腺の
endocrinologist,内分泌学者、内分泌学専門家
endocrinopathy,内分泌疾患、内分泌障害
endocryopexy,眼内冷凍凝固
endoderm,内胚葉
endodiathermy,眼内ジアテルミー
endodontic,a〉歯内療法の、歯内の
endodontics,歯内療法(学)
endogastrectomy,胃粘膜切除
endogastric,a〉胃内の
endogenic,a〉内因性の
endogenous,a〉内因性の
endolaryngeal,a〉喉頭内の
endolaser,a〉眼内レーザーの
endolumbar,a〉腰椎内の
endolymph,内リンパ
endolymphatic,a〉内リンパの
endometrial,a〉子宮内膜の
endometrioid,a〉子宮内膜様の
endometriosis,子宮内膜症、エンドメトリオーシス
endometriotic,a〉子宮内膜症の
endometritis,子宮内膜炎
endometrium,子宮内膜
endomysial,n 筋内膜の
endomysium,筋内膜
endoneurium,神経内膜
endopelvic,a〉骨盤内の
endoperitonitis,腹腔漿膜炎
endophthalmitis,眼内炎
endophyte,植物性寄生体、内部寄生菌
endoplasm,内質
endoplasmic,a〉内質の
endoradiography,体腔Ｘ線造影(法)
endorhinitis,鼻腔粘膜炎
endosalpingitis,卵管内膜炎
endosalpingoma,卵管腺筋腫
endosalpingosis,卵管内膜症
endosalpinx,卵管内膜
endoscope,内視鏡
endoscopic,a〉内視鏡の、内視鏡検査の
endoscopy,内視鏡法、内視鏡検査(法)
endosecretory,a〉内分泌の
endosome,エンドソーム
endospore,内生胞子
endosseous,a〉骨内の
endosteal,a〉骨内膜(性)の
endosteitis,骨内膜炎
endosteoma,骨内膜腫
endostethoscope,内聴診器
endosteum,骨内膜
endostitis,骨内膜炎
endothelial,a〉内皮(性)の
endothelialization,内皮化、内皮形成
endotheliocyte,内皮細胞
endothelium,内皮細胞
endothermic,a〉吸熱の
endothoracic,a〉胸内の、胸腔内の
endothrix,毛内菌
endotoxemia,内毒素血(症)
endotoxin,内毒素
endotracheal,a〉気管内の
endovenous,a〉静脈内の
enema,浣腸
enemator,浣腸器
engineer,技術者、技師、エンジニーア
engineering,工学
engram,記憶痕跡、エングラム
enlargement,拡大
ensiform,a〉剣状の、剣状突起の
ensteinium,<[元素]>アインスタイニウム
enteral,a〉経腸の
enteralgia,腸痛
enterectomy,腸切除(術)
enteric,a〉腸内の
enteritis,腸炎
enteroanastomosis,腸吻合(術)
enterobacteriaceae,腸内細菌科
enterobacterial,a〉腸内細菌の
enterobiasis,蟯虫症
enterobius,蟯虫
enterocele,脱腸、腸ヘルニア
enterocentesis,腸穿刺(術)
enterochromaffin,a〉腸クロム親和性の
enterocleisis,腸閉塞、腸管閉塞
enterococcus,腸球菌
enterocoele,腸体腔、結腸腔
enterocolectomy,小腸結腸切除(術)
enterocolic,a〉小腸結腸の
enterocolitis,小腸結腸炎、全腸炎
enterocolostomy,小腸結腸吻合(術)
enterocutaneous,a〉腸皮膚の
enterocyst,腸嚢胞
enterocystoma,#NAME?
enterocyte,〔組織〕腸細胞
enterogastocele,胃腸ヘルニア、胃腸瘤
enterogastric,a〉小腸胃の
enterogastritis,胃腸炎
enterohemorrhage,腸出血
enterohemorrhagic,a〉腸出血の
enterohepatic,a〉腸肝の
enteroid,a〉腸状の
enterolith,腸石、腸結石、糞石
enterolithiasis,腸石症、腸結石症
enterology,腸病学
enteron,消化管
enteroparalysis,腸麻痺
enteropathogenic,a〉腸病原性の
enteropathy,腸疾患、腸症
enteropexy,腸固定(術)
enteroplasty,腸形成(術)
enteroplegia,腸麻痺
enteroptosis,腸下垂(症)
enterorenal,a〉腸腎の
enterorrhagia,腸出血
enterorrhaphy,腸縫合術
enterorrhea,下痢
enterosepsis,腸性敗血病
enterotome,腸切開刀
enterotomy,腸切開(術)
enterotoxemia,腸毒血症
enterotoxin,腸管毒、腸毒素
enterotoxism,腸性中毒(症)
enterovirus,エンテロウイルス属
enthesis,靭帯骨接合部
enthesitis,靭帯骨接合部炎
enthesopathy,靭帯骨接合部疾患
entomologist,昆虫学者
entomology,昆虫学
entomophily,虫媒
entomophobia,昆虫恐怖(症)
entoptic,a〉眼球内の
entorhinal,a〉嗅内の
entrapment,絞扼 こうやく
entropion,内反
enucleation,核出(術)
enuresis,尿失禁、遺尿(症)
environment,環境
environmental,a〉環境の
enzymatic,a〉酵素の
enzyme,酵素
enzyme producing,a〉酵素産生の
eosin,エオジン
eosinophil,1_好酸性 2_好酸球
eosinophile,1_好酸性 2_好酸球
eosinophilia,好酸球増加(症)
eosinophilic,a〉1_好酸性の 2_好酸球性の、好酸球増加(症)の
eosinophiluria,好酸球尿(症)
eparsalgia,過労痛
ependyma,上衣
ependymitis,上衣炎
ependymoblast,上衣芽細胞
ependymoblastoma,上衣芽細胞腫
ependymocyte,上衣細胞
ependymoma,上衣細胞腫
ependymopathy,上衣疾患
ephemeral,a〉一過性の
epicardial,a〉心外膜の
epicondylalgia,上顆痛
epicondylar,a〉上顆の
epicondyle,上顆
epicondylitis,上顆炎
epicondylus,《解》上顆
epicranial,a〉頭蓋の上にある、頭蓋上の
epicranium,頭蓋頂
epidemic,a〉流行性の、流行病の
epidemiologic(al),a〉疫学の、流行病学の
epidemiology,疫学
epiderm,表皮
epidermis,表皮
epidermal,a〉表皮の
epidermic,a〉表皮の
epidermitis,表皮炎
epidermoid,a〉類表皮の
epidermolysis,表皮剥離
epidermolytic,a〉表皮剥離の
epididymal,a〉精巣上体の、副睾丸の
epididymis,精巣上体、副睾丸
epididymitis,精巣上体炎、副睾丸炎
epidural,a〉硬膜外の
epifascial,a〉筋膜上の
epifolliculitis,毛嚢周囲炎
epigastric,a〉上腹部の、心窩部の
epigastrium,《解》上胃部
epigenesis,〔動〕後成説
epigenetic,a〉エピジェネティクスの
epigenetics,エピジェネティクス
epiglottic,a〉喉頭蓋の
epiglottitis,喉頭蓋炎
epignathus,上顎体
epilepsy,癲癇
epimacular,a〉黄斑上の
epimenorrhagia,月経過多
epimenorrhea,頻発月経
epimyoepithelial,a〉上皮筋上皮の
epineural,a〉神経鞘の
epineurial,a〉神経上膜の
epineurium,神経上膜
epipharyngeal,a〉上咽頭の
epipharyngoscope,上咽頭直達鏡
epiphyseal,a〉骨端の
epiphysial,a〉骨端の
epiphysis,骨端
epiphysitis,骨端炎
epiploic,a〉(腹腔の)大網の
episcleral,a〉強膜上の
episode,発作
epithalamal,a〉視床上部の
epithelial,a〉上皮(性)の
epitheliitis,上皮炎
epithelioid,a〉類上皮
epithelioma,上皮腫
epitheliosis,上皮症
epithelium,上皮
epitope,エピトープ
epityphlitis,虫垂炎
epizoa,体外寄生虫
epizoon,体外寄生虫
eponychium,《解》上爪皮
epulis,エプーリス
equation,方程式
equator,赤道
equidistance,等距離
equilateral,等辺形
equilibrium,平衡、均衡
equine,a〉馬の
equipment,装備
equipotential,a〉等電位の
equivalent,《理化》当量
era,時代、年代
eradication,根絶
erectile,a〉1_ 直立できる 2_ 勃起(性)の
erection,勃起
erector,1_ 起立筋 2_ エレクター
eremophobia,孤独恐怖(症)
ergasiomania,作業嗜好症
ergogenic,a〉仕事増強(性)の、作働性の、疲労回復性の
ergograph,作業記録器
ergometer,作業計
ergonomics,人間工学
ergotherapy,作業療法、仕事療法、活動療法、運動療法
erogenous,a〉性感発生の
erosion,1_糜爛 2_《歯》酸蝕 3_《理化》浸食
erosional,a〉侵食の
erosive,a〉糜爛(性)の
eroticomania,色情狂
erotogenesis,色情発生
erotogenic,a〉色情発生の、性感発生の
erotogenicity,色情
erotomania,色情狂
erotopathy,変態性欲
erotophobia,色情恐怖(症)
erotophobic,a〉色情恐怖症の
erotopsychic,a〉変態性欲の、変態心理の
eruption,1_疹、丘疹 2_《歯》萌出
eruptive,a〉萌出(性)の
erythema,紅斑
erythemal,a〉紅斑(性)の
erythematogenic,a〉紅斑生成性の、紅斑誘発性の
erythematosus,紅斑性の [Ｌ属格]
erythematous,a〉紅斑(性)の
erythermalgia,肢端紅痛症
erythremia,赤血病
erythroblast,赤芽球、赤芽細胞
erythroblastic,a〉赤芽球の、赤芽細胞の
erythroblastosis,赤芽球症
erythroclasis,赤血球破壊
erythrocyte,赤血球
erythrocytic,a〉赤血球の
erythrocytopenia,赤血球減少(症)
erythrocytosis,赤血球増加(症)
erythroderma,紅皮症
erythrodontia,《歯》紅変歯、赤色歯
erythrogenic,a〉紅斑発生の
erythroid,a〉1_赤色の、紅色の 2_赤血球系の
erythrokeratodermia,紅斑角皮症
erythroleukemia,赤白血病
erythropenia,赤血球減少(症)
erythroplakia,紅板症
erythroplasia,紅色肥厚症
erythropoiesis,赤血球生成、赤血球産生
erythropoietic,a〉赤血球生成の、赤血球産生の
erythropoietin,赤血球生成促進因子、エリスロポ(イ)エチン
erythruria,赤血球尿(症)、血尿
escape,逃走、逃避
escharosis,焼痂形成 痂=か
esogastritis,胃粘膜炎
esophagalgia,食道痛
esophageal,a〉食道の
esophagectasis,食道拡張
esophagectomy,食道切除(術)
esophagitis,食道炎
esophagocele,食道瘤、食道ヘルニア
esophagodynia,食道痛
esophagoenterostomy,食道小腸吻合(術)
esophagogastric,a〉食道胃の
esophagogastroduodenal,a〉食道胃十二指腸の
esophagogastroduodenoscopy,食道胃十二指腸内視鏡検査(法)
esophagogastroendoscopy,食道胃内視鏡検査(法)
esophagogastrostomy,食道胃吻合(術)
esophagoscope,食道鏡
esophagoscopy,食道鏡検査(法)
esophagostenosis,食道狭窄(症)
esophagus,《解》食道
essential,a〉1_必須の、不可欠な 2_本態性の、特発性の
ester,エステル
esterase,エステラーゼ
esterification,エステル化
esterified,a〉エステル型の
esterolytic,a〉エステル分解の
esthesia,感覚
esthesiometer,触覚計、触覚測定器
esthesiometry,感覚測定(法)
esthesiophysiologic(al),a〉感覚生理学の、感覚生理学的な
esthesiophysiology,感覚生理学
esthetic,a〉審美的な
estimation,計測、測定
estradiol,エストラジオール
estrogen,エストロゲン
estrogen dependent,a〉エストロゲン依存性の
estrus,発情、発情期
etching,《歯》エッチング
ethanol,エタノール
ethanolic,a〉エタノールの
ether,エーテル
etherism,エーテル中毒
ethicist,倫理学者
ethics,倫理学
ethmoid,a〉篩骨の n〉篩骨
ethmoidal,a〉篩骨の
ethmoidalis,篩骨の [Ｌ属格]
ethmoidale,篩骨の [Ｌ属格]
ethmoidectomy,篩骨切除(術)
ethnic,a〉人種の･的な、民族の･的な、民族学の･的な
ethnologist,民族学者
ethnomedicine,民間療法研究
ethnomycologic(al),a〉民族菌類学の･的な
ethnomycology,民族菌類学
ethnopharmacologic(al),a〉民族薬理学の･的な
ethnopharmacology,民族薬理学
ethnopsychologic(al),a〉民族心理学の･的な
ethnopsychology,民族心理学
ethology,動物行動学、行動生物学、エソロジー
ethylene,エチレン
etiologic,a〉病因の、病因論の、発病因子となる
etiology,病因
etiopathic,a〉病因病理の
etymologist,語源学者
eubacterium,ユウバクテリウム属
eucaryotic,a〉真核の
euchromatin,正染色質
eudiaphoresis,正常発汗
euesthesia,正常感覚
eugenic,a〉優生の･的な
eugenol,《歯》ユージノール
eugnosia,正常知覚
eukaryotic,a〉真核の
eumenorrhea,正常月経
eumetazoa,《理化》真後生動物
eunuchoidism,類宦官症
euphoria,多幸症
eupnea,正呼吸、正常呼吸
eupraxia,正常行為、正常運動
eustachitis,欧氏管炎、耳管炎
eustachium,欧氏管†、耳管
euthanasia,安楽死
euthyroid,a〉甲状腺機能正常の
euthyroidism,正常甲状腺機能
eutocia,正常分娩、安産
eutrophy,正常栄養、栄養良好
evaluation,評価
evanescent,a〉一過性の
evaporation,1_蒸発、蒸発脱水 2_消散、消失 3_蒸気、蒸気量
evaporative,a〉蒸発(性)の
eventual,a〉結局の、最終的な
evidence,証拠
evident,a〉明らかな、明白な
evoked,a〉誘発の
evolution,進展、進化
exacerbation,悪化、増悪<病状が急に>
examination,1_検査、試験 2_試験<学生の>
examinee,被検者、受験者
exanthem,1_発疹、皮疹 2_発疹熱
exanthema,1_発疹、皮疹 2_発疹熱
exanthem,1_発疹、皮疹 2_発疹熱
excavatio,《解》陥凹、窩
excess,過量、過度、過剰
excessive,a〉過量の、過度の、過剰な
exchange,交換
exchangeable,a〉交換できる、交換可能な
excision,切除
excisional,a〉切除の
excitability,興奮性
excitable,a〉興奮(性)の
excitation,興奮
excitatory,a〉興奮(性)の、興奮させる
excitory,a〉刺激(性)の、興奮(性)の
excitosecretory,a〉分泌刺激の
excretion,1_排出(物) 2_排泄(物)
excretory,a〉1_排出(性)の 2_排泄(性)の
excruciating,a〉(心身の痛みが)非常に激しい
excursion,1_偏位、偏位運動 2_運動範囲、(関節の)可動域 3_(腱の)滑動域
exercise,練習、体操
exertion,1_努力 2_行使、発揮<力の>
exfoliative,a〉剥離性の
exhaust,《理化》排気
exhalation,呼気、呼息
exhaustion,消耗、疲労困憊
exhaustive,a〉余すところのない、徹底的な
existence,存在
exocardial,a〉心臓外の
exocrine,a〉外分泌の
exocytosis,開口分泌
exogastrulation,外反腸形成
exogenic,a〉外因(性)の
exogenous,a〉外因(性)の、外来(性)の
exohysteropexy,腹膜外子宮固定(術)
exomosis,外方浸透
exopathy,外因性疾患
exophasia,外言語
exophoria,外斜位
exophthalmia,眼球突出(症)
exophthalmic,a〉眼球突出(性)の、眼球突出(症)の
exophthalmometer,眼球突出計
exophthalmometry,眼球突出度計測(術)
exophthalmos,眼球突出(症)
exophthalmus,眼球突出(症)
exophytic,a〉外方増殖(性)の
exoskeleton,外骨格
exosmosis,外方浸透
exospore,外生胞子
exostosis,外骨腫症、外骨腫症
exostotic,a〉外骨腫症の、外骨腫症の
exothermic,a〉発熱の
exotic,a〉外因性の、外来性の
exotoxin,外毒素
exotropia,外斜視
expander,増量薬
expansile,a〉膨張(性)の
expansion,膨張
expansive,a〉拡張(性)の
expectancy,期待、予期、見込み
expectorant,a〉去痰(性)の n〉去痰薬、鎮咳薬
expectoration,去痰
experience,経験、体験
experiment,実験、試験
experimental,a〉実験の
experimentation,実験計画法
experimenter,実験者
expiration,呼気、呼息
expiratory,a〉呼気の、呼気作用の、呼息(性)の
exploratory,a〉診査の、診査的な、試験的な、探索の
explorer,探針
exposure,1_暴露、露出 2_露光
expression,1_表現 2_表情 3_発現
extensibility,伸展性
extension,伸展、延長
extensive,a〉広範性の
extensometer,伸展計
extensor,《解》伸筋
externa,外の、外部の [Ｌ属格]
external,a〉外の、外部の、体外の
exteroception,外受容
exteroceptive,a〉外受容(性)の
extinction,1_絶滅 2_《理化》消衰
extirpation,摘出(術)、摘除(術)
extra alimentary,a〉消化管外の
extra articular,a〉関節外の
extrabulbar,a〉延髄外の
extracapsular,a〉嚢外の 〈水晶体の〉
extracellular,a〉細胞外の
extracorporeal,a〉体外の
extracorpuscular,a〉血球外の
extracranial,a〉頭蓋外の
extract,抽出物、抽出液
extractability,抽出性
extraction,1_《歯》抜歯 2_《理化》抽出
extracurricular,a〉課外の
extracystic,a〉胆嚢外の
extradural,a〉硬膜外の
extraembryonic,a〉胚外の
extraenteric,a〉腸管外の
extrafollicular,a〉濾胞外の
extragenital,a〉性器外の
extraglandular,a〉腺外の
extrahepatic,a〉肝外の
extrainsular,a〉島外性の<膵臓ラ氏島の>
extralobar,a〉肺葉外の
extramacular,a〉黄斑外の
extramammary,a〉乳房外の
extramaxillary,a〉上顎外の
extramedullary,a〉髄外性の
extrameningeal,a〉髄膜外の
extraneous,a〉1_外部からの 2_無関係な･関係のない<〜に>
extranuclear,a〉核外の
extraocular,a〉眼外の
extraoral,a〉口外の、顎外の
extraosseous,a〉骨外(性)の
extraovate,a〉卵外の
extraperineal,a〉会陰外の
extraperitoneal,a〉腹腔外の、腹膜外の
extraprostatic,a〉前立腺外の
extrapulmonary,a〉肺外の
extrapyramidal,a〉錐体路外の
extrarenal,a〉腎外の
extrasomatic,a〉体外の
extrasystole,期外収縮
extrauterine,a〉子宮外の
extravaginal,a〉膣外の
extravasation,溢出、滲出
extravascular,a〉管外の、血管外の
extraventricular,a〉心室外の
extravisual,a〉視界外の、視野外の
extremital,a〉四肢･体肢･手足の
extremitas,《解》端
extremity,1_末端、先端、終端 2_四肢、体肢、手足の１つ
extrinsic,a〉外来の、外因性の
extubation,抜管
exudate,滲出液
exudation,滲出
exudative,a〉滲出(性)の
exuviation,脱皮
eye,《解》眼
eyeball,眼球
eyedropper,点眼瓶
eyeglobe,眼球
eyeground,眼底
eyelash,睫 まつげ 、睫毛 しょうもう
eyelid,目蓋 まぶた 、眼瞼 がんけん
face,顔面 表面
facebow,《歯》顔弓
facet,《歯》咬合小面
facial,a〉顔面の
facies,《解》面
facilitation,容易にすること、簡便化、促進
faciocephalalgia,顔面頭部痛
faciolingual,a〉顔面舌の
fact,事実、真実、現実 2_<[法]>犯行
factitial,a〉人為的な、人為性の、人工的な
factitious,a〉人為的な、人工的な、虚偽性の
factor,因子
facultative,1_任意の、随意の、自発的な 2_《細菌》通性の
failure,失敗、故障 減退、不全
fainting,失神
faintness,失神、失神状態
false,a〉偽の、虚偽の、仮性の
false negative,a〉偽陰性の
falx,《解》鎌
familial,a〉家族性の
family,1_家庭、家族 2_《生物》〜科<動植物分類の>
faradic,a〉感応電流の、誘導電流の
faradimeter,感応電流計
faradism,1_感応電気療法 2_《理化》感応電流
faradization,感応電気療法、感応電流療法
faradocontractility,感応電流収縮
faradotherapy,感応電気療法、感応電流療法
fascia,《解》筋膜
fasciculus,《解》小束
fasciectomy,筋膜切除(術)
fasciitis,筋膜炎
fascioplasty,筋膜形成(術)
fastidious,a〉培養困難な
fasting,絶食、飢餓
fastness,(細菌の)耐脱色性
fat,脂肪
fat soluble,a〉脂溶性の
fatalism,宿命論
fatalist,宿命論者
fatality,死亡、致死、変死
fatigability,疲労性
fatigable,a〉疲れやすい、疲労性の
fatigue,疲労
fatlike,a〉脂肪状の
fatty,a〉脂肪(性)の
fauces,口峡
faucial,a〉口峡の
faveolate,a〉小窩のある、痘瘡のある
feather,羽、羽毛
febrile,a〉熱性の、発熱している、熱のある
fecal,a〉糞の
fecaloid,a〉糞便様の
fecaluria,糞尿
fecund,a〉多産の
fecundation,受精、授精
feline,a〉猫の、猫科の
female,女性、雌
feminization,(男性の)女性化
femoral,a〉大腿骨の
femoroacetabular,a〉大腿[骨]寛骨臼の
femoropopliteal,a〉大腿[骨]膝窩の
fenestra,窓
fenestrated,a〉有窓の
fenestration,開窓(術)、造窓(術)
ferment,酵素
fermentation,発酵
fermentative,a〉発酵(性)の
fermium,<[元素]>フェルミウム
ferric,a〉第二鉄の
ferritin,フェリチン
ferroprotein,鉄蛋白
ferrous,a〉第一鉄の
fertility,稔性、繁殖力
fertilization,受精
fertilizer,1_肥料 2_受精促進物
fetal,a〉胎児の、胎内の
fetography,胎児造影(法)
fetology,胎児学
fetometry,胎児計測(法)
fetoplacental,a〉胎児胎盤の
fetoscope,胎児鏡
fetoscopy,胎児鏡検査(法)
fetotoxic,a〉胎児毒性の
fetotoxicity,胎児毒性
fetus,胎児
fever,発熱
fiber,線維
fibril,原線維
fibrillar,a〉原線維の
fibrillation,細動
fibrillogenesis,原線維産生、原線維形成
fibrin,線維素、フィブリン
fibrinogen,線維素原、フィブリノゲン
fibrinogenemia,#NAME?
fibrinoid,a〉フィブリン様の、線維素様の、類線維素の n〉類線維素
fibrinolysis,線維素溶解
fibrinolytic,a〉線維素溶解の
fibrinous,a〉線維素(性)の
fibroadenoma,線維腺腫
fibroadipose,a〉線維脂肪の
fibroblast,線維芽細胞
fibroblastic,a〉線維芽細胞の
fibrocalcific,a〉石灰化線維の
fibrocartilage,線維軟骨
fibrocystic,a〉線維嚢胞の
fibrocyte,線維細胞
fibrodentinoma,《歯》線維象牙質腫
fibro elastic,a〉線維弾性の
fibroepithelial,a〉結合組織上皮(性)の
fibrofatty,a〉線維脂肪性の
fibrogenesis,線維形成
fibrogenic,a〉線維形成の
fibrolipoma,線維脂肪腫
fibroma,線維腫
fibromatosis,線維腫症
fibromatous,a〉線維腫(性)の
fibrometaplasia,線維性化生
fibromuscular,a〉線維性筋性の
fibromyalgia,線維筋痛
fibromyoma,線維筋腫
fibromyxochondroma,線維粘液軟骨腫
fibromyxoma,線維粘液腫
fibronectin,フィブロネクチン
fibro odontoma,線維歯牙腫
fibropapilloma,線維乳頭腫
fibroplastic,a〉線維形成の
fibroproliferation,線維増殖
fibroproliferative,a〉線維増殖(性)の
fibrosarcoma,線維肉腫
fibrosis,線維化、線維形成、線維症
fibrotic,a〉線維化の、線維形成の、線維症の
fibrous,a〉線維(性)の
fibular,a〉腓骨の
field,野、界
figuration,形成、構成; 形態、外形
figure,(図表の)図
filaceous,a〉糸状の、線糸状の
filar,a〉糸の、糸状の
filariasis,フィラリア症、住血糸状虫症
file,1_ファイル 2_鑢、やすり
filicide,子殺し
filiform,a〉糸状の
filling,充填
film,フィルム、写真
filopodium,(アメーバの)条状仮足
filter,フィルター、濾過器
filth,糞、糞便; 汚物、不潔物; 不道徳、背徳
filthy,a〉汚い、不潔な
filtration,濾過
fimbria,《解》卵管采
fimbrial,a〉ふさ状へりの、長毛縁の
fimbriocele,卵管采ヘルニア
fimbriodentate,a〉采歯状の
final,a〉最終の
finding,所見
fine,a〉細かい、微細な
finger,指
finishing,仕上げ
fire,火 火事、火災
firm,a〉充実性の
fissural,a〉顔裂性の
fissure,《歯》裂溝
fissured,a〉亀裂性の
fistula,瘻、瘻管、瘻孔 瘻=ろう
fistulization,瘻管形成
fistulous,a〉瘻の、瘻管の、瘻孔の
fixation,固定
fixative,固定液
fixed,a〉固定(性)の
fixer,定着液
fixing,a〉固定の
flaccid,a〉弛緩性の
flagellar,a〉鞭毛の
flagelliform,a〉鞭毛状の
flame,炎
flammability,引火性、可燃性
flammable,a〉引火性の、可燃性の
flap,皮弁
flask,フラスコ
flattening,《歯》扁平化
flatulence,膨満、鼓腸
flatulency,膨満、鼓腸
flexion,屈曲
flexor,《解》屈筋
flexorplasty,屈筋形成(術)
flexuose,a〉彎曲･蛇行した(血管が)
flexura,《解》曲 [L]
flexure,1_屈曲、彎曲 2_屈曲部、彎曲部 3_折り返し 4_《解》曲
flicker,ちらつき、点滅、フリッカー
flocculent,a〉棉状の
flocculus,《解》小葉
floor,1_底部、〜底 2_床
flora,1_細菌叢、微生物叢 2_植物相、フローラ
florigen,花生素
floss,1_真綿 2_《歯》フロス
flotation,浮遊法
flow,流出、流量、フロー
flowmeter,流量計、流速計
flowmetry,流量測定(法)
fluctuant,a〉1_波動(性)の 2_(水面が)流動する
fluid,液、液体、流体
fluidity,1_流動性、浮動性 2_流動性、流動質、流動率
fluidization,流動化、流体化
fluorescence,蛍光
fluorescent,a〉蛍光の、蛍光を発する
fluorochrome,蛍光色素
fluorogenesis,蛍光発生
fluorogenic,a〉蛍光発生の
fluorogenetic,a〉蛍光発生の
fluorogram,蛍光像
fluorometer,1_蛍光計 2_蛍光光度計
fluorometry,蛍光定量(法)
fluorophotometer,蛍光光度計
fluoroscope,Ｘ線透視装置
fluoroscopic,a〉透視検査(法)の
fluoroscopy,透視検査法
flush,潮紅
flutter,粗動
foamy,a〉泡沫の
focal,a〉1_焦点の 2_局所の 3_病巣(性)の、巣状の
focalization,局所化、局在化
focimeter,焦点距離計
focus,1_焦点 2_病巣
focused,a〉集束の
fog,霧
fogging,a〉霧状の n〉雲霧法
folate,a〉葉酸の n〉葉酸塩
fold,襞 ヒダ
foliaceous,a〉葉状の
foliate,a〉葉状の
folic,a〉葉酸の
folium,葉
follicle,1_小胞 2_濾胞 3_卵胞
follicle stimulating,a〉濾胞刺激の、卵胞刺激の
follicular,a〉1_小胞の 2_濾胞の 3_卵胞の 4_毛嚢性の
follow up,追跡、追跡調査、継続管理
fontanelle,泉門
food,1_食物 2_[pl] 食品
foodborne,a〉食品媒介(性)の
foot,足
foramen,《解》孔
foraminal,a〉大孔の
force,力
forced,a〉強制の、努力性の
forebrain,《解》前脳
foregut,前腸
forehead,額 ひたい 、前額部
forensic,a〉法医学の
forequarter,前４分の１
forerunner,1_前疾患 2_初期症状
forewaters,前羊水
form,1_形状 2_形式
formate,ギ酸塩
formatio,構成
formation,形成、産生、生成
formic,a〉蟻酸の
formication,蟻走感
formless,a〉無定形の、形のはっきりしない
formula,式
formular,a〉公式の、定型の
formulation,処方化、処方化
formulism,法式主義、法式固守
fornical,a〉円蓋の; 弓隆の
fornix,1_円蓋 2_弓隆
fossa,窩
fossil,化石
fourier,〔人名〕フーリエ
fovea,窩
foveolar,a〉小窩の
fraction,1_分画、フラクション 2_《理化》留分、分画 3_<[数]>分数
fractional,a〉1_分画の、分別の 2_<[数]>分数の
fracture,1_骨折 2_《歯》歯折
frameshift,フレームシフト
free,a〉遊離(性)の
fremitus,振盪 振盪音
frenulum,《解》小帯
frequency,1_周波数 2_度数、頻度
frontal,a〉前頭の
fronto occipital,a〉前頭後頭の
frontoethmoidal,a〉前頭篩骨の
frontolacrimal,a〉前頭涙骨の
frontomaxillary,a〉前頭上顎骨の
frontomental,a〉前頭顎の
frontonasal,a〉前頭鼻の
frontoparietal,a〉前頭頭頂骨の、前頭頭頂葉の
frontopontine,a〉前頭橋の
frontotemporal,a〉前頭側頭骨の
frontotransverse,a〉前頭横の
frontozygomatic,a〉前頭頬骨の
frost,霜
frostbite,霜焼け
frozen,a〉凍結の
full term,1_満期 2_臨月
fullness,充満、膨満
fulminant,a〉劇症の
fulminating,a〉劇症の
fumigation,燻蒸、燻蒸消毒(法)
fuming,a〉発煙の
function,機能
functional,a〉機能の
fundal,a〉底部の、基底部の
fundic,a〉底部の、基底部の
fundiform,a〉三角巾形の
fundus,《解》〜底、底部、基底部
funduscope,眼底鏡
funduscopic,a〉眼底鏡の、眼底検査の
funduscopy,眼底検査
fundusectomy,器官底切除(術)
fungal,a〉真菌(性)の、菌類の
fungemia,真菌血症
fungicidal,a〉抗真菌(性)の
fungicide,殺真菌薬、抗真菌薬
fungiferous,a〉真菌類を生み出す
fungiform,a〉茸状の、キノコ状の
fungistat,制真菌薬
fungistatic,a〉制真菌(性)の
fungology,真菌学
fungous,a〉真菌(性)の、菌類の、キノコのような
fungus,真菌
funicular,a〉索状の
funiculitis,髄索炎 精索炎
funiculus,《解》帯、索、束
funiform,a〉索状の
funnel,漏斗
furcation,《歯》根分岐(部)
furnace,炉
furuncular,a〉せつ性の 〈せつの漢字は、病偏に節〉
fusiform,a〉紡錘状の、紡錘形の
fusocellular,a〉紡錘細胞の
gadolinium,ガドリニウム
gage,計器、尺度
gain,利得、利益; 増幅率
gait,歩行
galactidrosis,乳汗症
galactocele,乳瘤
galactorrhea,乳汁漏出(症)、溢乳 乳汁分泌過多
galactose,乳糖
galacturia,乳様尿
galacturonic,a〉ガラクツロン酸の
galaxy,銀河
gall,胆汁
gallbladder,胆嚢
gallstone,胆石
galvanization,電気治療
gamete,配偶子
gametocyte,生殖母細胞
gametophyte,配偶体
gangliocytoma,神経節細胞腫
ganglion,神経節 [L]
ganglioneuroblastoma,神経節芽細胞腫
ganglioneuroma,神経節性神経腫
ganglionic,a〉神経節(性)の
ganglionitis,神経節炎
gangrene,壊疽
gangrenous,a〉壊疽(性)の
gap,ギャップ
gas,ガス
gaseous,a〉ガス[状]の、気体の
gastralgia,胃痛
gastrectomy,胃切除(術)
gastric,a〉胃の
gastrin,ガストリン
gastrin releasing,a〉ガストリン放出の
gastrinoma,ガストリン産生腫瘍、ガストリノーマ
gastritis,胃炎
gastroanastomosis,胃吻合術
gastrocamera,胃カメラ
gastrocele,胃ヘルニア
gastrocolic,a〉胃大腸の
gastroduodenal,a〉胃十二指腸の
gastroduodenitis,胃十二指腸炎
gastroduodenoscopy,胃十二指腸検査(法)
gastroduodenostomy,胃十二指腸吻合術
gastrodynia,胃痛
gastroenteric,a〉胃腸の
gastroenteritis,胃腸炎
gastroenterological,a〉胃腸の、胃腸病(学)の、消化器の
gastroenterologist,胃腸病学者
gastroenterology,胃腸病学
gastroenteropathy,胃腸病
gastroenterostomy,胃腸吻合(術)
gastroepiploic,a〉胃大網の
gastroesophageal,a〉胃食道の
gastroesophagitis,胃食道炎
gastroesophagoplasty,胃食道形成(術)
gastroesophagostomy,胃食道吻合(術)
gastrofiberscope,胃ファイバースコープ
gastrogavage,胃管栄養法
gastrogenic,a〉胃原性の、胃性の
gastrogenous,a〉胃原性の、胃性の
gastrohepatic,a〉胃肝臓の、胃肝の
gastrohepatitis,胃肝炎
gastroileal,a〉胃回腸の
gastroileitis,胃回腸炎
gastroileostomy,胃回腸吻合術
gastrointestinal,a〉胃腸(性)の、胃腸内の
gastrojejunal,a〉胃空腸の
gastrojejunitis,胃空腸炎
gastrojejunostomy,胃空腸吻合(術)
gastrolavage,胃洗浄
gastrolith,胃石
gastrolithiasis,胃結石症、胃石症
gastromycosis,胃真菌症
gastromyotomy,胃筋切開(術)
gastromyxorrhea,胃粘液漏
gastropancreatic,a〉胃膵の
gastropathy,胃疾患、胃病
gastroperitonitis,胃腹膜炎
gastropexy,胃腹壁固定(術)、胃固定(術)
gastrophrenic,a〉胃横隔(膜)の
gastroplasty,胃形成(術)
gastroplegia,胃麻痺、胃壁麻痺
gastroprotection,胃保護
gastroprotective,a〉胃保護の
gastroptosia,胃下垂
gastroptosis,胃下垂
gastrorrhagia,胃出血
gastrorrhea,胃酸分泌過多(症)、胃酸過多(症)
gastrosalivary,a〉胃唾液の
gastroscope,胃内視鏡、胃鏡
gastroscopy,胃内視鏡検査(法)
gastrosis,胃疾患、胃病
gastrospasm,胃痙攣
gastrosplenic,a〉胃脾の
gastrostaxis,胃出血
gastrostenosis,胃狭窄
gastrostomy,胃瘻形成(術)、胃造瘻(術)
gastrotomy,胃切開(術)
gastrotropic,a〉胃親和性の
gauze,ガーゼ
gavage,1_胃管栄養法 2_高カロリー輸液療法
gaze,注視、凝視
gel,ゲル
gelatin,ジェラチン
gelatinase,ジェラチなーぜ、ジェラチン分解酵素
gemellus,《解》双子筋
geminated,a〉双胎の
geminus,双胎
gender,性、性別
gene,遺伝子
gene transfected,a〉遺伝子導入された
genealogical,a〉1_家系･血筋･系統･系図･系譜の 2_家系学･系統学･系図学の
genealogy,1_家系、血筋、系統、系図、系譜 2_家系学、系統学、系図学
general,a〉1_一般の 2_全身(性)の
generalized,a〉全身(性)の
generation,1_世代 2_発生
genetic,a〉遺伝の、遺伝子の、遺伝的な
geneticist,遺伝学者
genetics,遺伝学
genicular,a〉膝の ひざ
geniculate,a〉膝状関節のある、膝状彎曲の
genioglossal,a〉オトガイ舌の
genioglossus,《解》オトガイ舌筋
geniohyoid,a〉オトガイ舌骨の
geniohyoideus,《解》オトガイ舌骨筋
genion,《歯》ゲニオン
genital,a〉性器の
genitoanal,a〉性器肛門の
genitourinary,a〉尿生殖器の
genocide,集団虐殺
genome,ゲノム、全遺伝子地図
genomic,a〉ゲノムの、全遺伝子地図の
genophobia,異性恐怖(症)
genotype,遺伝子型
genotypic(al),a〉遺伝子型の
genu,膝、膝部 [L]膝=ひざ膝部=しつぶ
genus,属
genycheiloplasty,頬唇形成(術)
genyplasty,頬部形成(術)
genypsychical,a〉風土心理的な
geobiology,地球生物学
geographic(al),a〉地理学の|的な
geography,地理学
geopathology,地球病理学
geoscience,地球科学
geotaxis,走地性、重力走性
geotropism,走地性、重力走性
geriatric,a〉老人の、老人医学の、老年医学の、老人病学の
geriatrics,老人医学、老年医学
germ,1_細菌 2_起原 3_胚
germ line,a〉胚細胞の
germfree,a〉病原菌のない、無菌(性)の
germicidal,a〉殺菌の、殺菌剤の
germicide,殺菌剤
germination,出芽、発芽
germinative,a〉胚芽の
germless,a〉病原菌のない、無菌(性)の
gerocomia,老人衛生、養老
gerocomic,a〉老人衛生の、養老の
gerocomy,老人衛生、養老
gerodontic,a〉老年歯科学の、老人歯科学の、高齢者歯科学の
geromorphism,早老、早老現象
gerontal,a〉老人(性)の、老年期の
gerontic,a〉老衰の
gerontologist,老年医学者
gerontology,老人学、老年学
gerontophilia,老人愛
gestation,妊娠、懐妊
gestational,a〉妊娠の、懐妊の
geumaphobia,味覚恐怖(症)
gigantism,巨人症
gigantomastia,巨乳症
gingiva,《歯》歯肉
gingival,a〉歯肉の
gingivalgia,歯肉痛
gingivectomy,《歯》歯肉切除(術)
gingivitis,《歯》歯肉炎
gingivobuccal,a〉歯肉頬の
gingivolabial,a〉歯肉唇の
gingivoplasty,《歯》歯肉整形術
gingivosis,《歯》歯肉症
gingivostomatitis,《歯》歯肉口内炎
glabella,《解》眉間 a〉みけん
glabellar,a〉眉間の みけん
gland,腺
glandular,a〉腺(性)の
glaucoma,緑内障
glenohumeral,a〉肩甲上腕の
glenoid,a〉関節窩の
glia,神経膠、グリア
gliacyte,神経膠細胞、グリア細胞
glial,a〉神経膠、グリアの
glioblast,神経膠芽細胞
glioblastoma,神経膠芽細胞腫、膠芽細胞腫、グリア芽細胞腫
gliocytoma,神経膠腫、グリア細胞腫
glioma,神経膠腫、膠腫、グリオーマ
gliomatous,a〉神経膠腫の、膠腫の、グリオーマの
gliosis,神経膠症、グリオーシス
global,a〉世界的な
globin,グロビン
globular,a〉1_球状の 2_赤血球の
globule,1_小球 2_乳球
globulomaxillary,a〉球状上顎の
globus,《解》球
glomal,a〉糸球の
glomic,a〉糸球の
glomerular,a〉糸球体の
glomerulitis,糸球体炎
glomerulonephritis,糸球体腎炎
glomerulopathy,腎糸球体症、糸球体症
glomerulosclerosis,糸球体硬化(症)
glomerulus,《解》糸球体
glomic,a〉糸球の
glomiform,a〉糸球状の
glomus,糸球 [L]
glossal,a〉舌の、舌側の
glossalgia,舌痛
glossectomy,舌切除(術)
glossitis,《歯》舌炎
glossodynamometer,舌力計
glossodynia,舌痛
glossoepiglottic,a〉舌喉頭蓋の
glossograph,舌運動記録器、舌動計
glossohyal,a〉舌舌骨の
glossohyoid,a〉舌舌骨の
glossokinesthetic,a〉舌運動自覚(性)の
glossolabial,a〉舌口唇の、舌唇の
glossolabiopharyngeal,a〉舌唇咽頭の
glossolalia,1_舌語り (jargon｢ジャルゴン｣) 2_早口言葉 3_通り言葉
glossolaryngeal,a〉舌喉頭の
glossopalatinus,《解》口蓋舌筋
glossopathy,舌疾患
glossopexy,舌固定(術)
glossopharyngeal,a〉舌咽頭の
glossopharyngeus,舌咽頭筋
glossoplasty,舌形成(術)
glossoplegia,舌麻痺
glossoptosis,舌下垂(症)
glossoptotic,a〉舌下垂(症)の
glossotomy,舌切開(術)
glottal,a〉声門の n〉声門音
glottic,a〉声門の
glucagonoma,グルカゴノーマ、グルカゴン産生細胞
glucogenic,a〉糖生成の、グルコース生成の
gluconate,グルコン酸塩
gluconeogenesis,糖新生、グルコース新生
gluconeogenic,a〉糖新生の、グルコース新生の
gluconic,a〉グルコン酸の
glucopenia,糖欠乏(症)、低糖(症)
glucosamine,グルコサミン
glucose,葡萄糖、グルコース
glucuronic,a〉グルクロン酸の
glutamic,a〉グルタミン酸の
gluteal,a〉臀部の、臀筋の
glycemia,血糖症
glycemic,血糖症
glycocalyx,糖衣
glycoconjugate,複合糖質
glycogen,グリコーゲン、糖原
glycogenesis,糖生成、糖原形成
glycolipid,糖脂質
glycolysis,糖分解、解糖
glycolytic,糖分解、解糖
glycometabolism,糖代謝
glyconeogenesis,糖新生
glycopenia,糖欠乏(症)、低糖(症)
glycoprotein,糖蛋白、糖タンパク
glycoregulatory,a〉糖代謝調節の
glycorrhea,糖排泄
glycoside,配糖体、グリコシド
glycosuria,糖尿(症)
gnathodynamometer,顎力量計
gnathology,咬合学
gnathopalatoschisis,顎口蓋裂
gnathostomiasis,顎口虫症
goiter,甲状腺腫
goitrogen,甲状腺腫誘発物質
goitrogenic,a〉甲状腺腫誘発(性)の
gold,<[元素]>金
gonadal,a〉生殖腺の、性腺の
gonadectomy,性腺摘出(術)
gonadotrophic,a〉生殖腺刺激の、性腺刺激の
gonadotrophin,性腺刺激ホルモン
gonadotropic,a〉生殖腺刺激の、性腺刺激の
gonadotropin,性腺刺激ホルモン
gonadotropin releasing,a〉ゴナドトロピン放出の
gonarthrosis,膝関節症、変形性膝関節症
gonarthrotomy,膝関節切開(術)
gonatocele,膝関節瘤、膝関節腫脹
goniometer,角度計
goniopuncture,隅角穿刺(術)
gonioscope,隅角鏡
gonioscopy,隅角検査(法)
goniotomy,隅角切開(術)
gonitis,膝関節炎
gonocele,精液貯留嚢腫、精液瘤
gonococcal,a〉淋菌(性)の
gonococcemia,淋菌血症
gonococcus,淋菌
gonorrhea,淋病
gonorrhoea,淋病
gonorrheal,a〉淋菌(性)の、淋病の
gonosoma,性染色体
gonosome,性染色体
gonotoxemia,淋菌中毒(症)
gouge,円鑿 まるのみ
gout,痛風
gouty,a〉痛風(性)の
grade,1_等級、グレード 2_分化度
graft,移植片
grain,1_穀物、穀類 2_(穀物の)粒、穀粉 3_粒、粒子
gram,グラム
gram negative,a〉グラム陰性の
gram positive,a〉グラム陽性の
granidarum,妊娠の
granular,a〉顆粒[状]の
granule,顆粒
granulocyte,顆粒球
granulocytopenia,顆粒球減少(症)
granulocytopenic,a〉顆粒球減少(症)の
granulocytopoiesis,顆粒球形成
granulocytosis,顆粒球増加(症)
granuloma,肉芽腫
granulomatosa,肉芽腫性の [Ｌ属格]
granulomatosis,肉芽腫症
granulomatous,a〉肉芽腫性の
graphitic,a〉黒鉛の、石墨の、グラファイトの
grating,格子
gravel,砂利
gravid,a〉妊娠の、懐妊の
gravida,妊婦
gravidic,a〉妊婦の
gravidism,妊娠、妊娠期
gravidity,妊娠回数
gravimeter,比重計
gravireceptor,重力受容器
gravitating,a〉重力(性)の
gravity,重力、引力
greater,a〉大〜
groan,うめき、うなり声
groin,《解》鼠徑
groove,《解》溝
gross,a〉全体の、総体の
grossly,ad〉肉眼的に
group,群、グループ
group specific,a〉群特異(性)の、群特異的な
grownup,成人
growth,成長、発達、増殖
growth inhibiting,a〉発育阻止の
growth promoting,a〉成長促進の
gubernacular,a〉《歯》歯導管の、歯導索の、歯導帯の
guidance,案内、指導、誘導、ガイダンス
gunshot,1_撃たれた弾丸 2_射撃、銃撃、砲撃 3_銃撃音、砲撃音 4_射程、弾着距離
gustatory,a〉味覚の
gustometer,味覚計
gut,消化管
gutta,《歯》滴
gymnophobia,裸恐怖(症)
gynatresia,性器閉鎖(症)、鎖陰
gynecology,婦人科学
gynecomania,男子色情症、男子色情狂
gynecomastia,女性化乳房
gyniatrics,婦人病治療法
gynopathy,婦人病
gynoplastics,婦人性器形成(術)
gynoplasty,婦人性器形成(術)
gypsum,石膏
gyration,回転、旋転
gyromagnetic,a〉磁気回転の
gyrus,脳回、〜回
habenula,《解》手綱
habit,習慣、習癖
habitual,a〉習慣(性)の
habituation,慣れ、習慣
habitus,体型
haemophilusは,〔菌〕ヘモフィルス属
hahnium,<[元素]>ハーニウム
hair,《解》毛、毛髪
hairy,a〉毛様の
half life,半減期
halibacteria,《理化》塩水細菌
halitosis,口臭
hallucination,幻覚
hallucinative,a〉幻覚の
hallucinatory,a〉幻覚の
hallucinogen,幻覚薬
hallucinosis,幻覚症
hallux,母趾
halophilic,a〉好塩性の
halophilism,好塩性
hamartoma,過誤腫
hamartomatous,a〉過誤腫の
hamate,a〉鉤状の、鉤状突起の n〉《解》有鈎骨
hamulus,《解》鈎
hand,《解》手
hand bone,中手骨
hand borne,a〉手によって感染する
handbook,便覧、案内書、ハンドブック
hand foot genital,a〉手足性器の
handicap,ハンディキャップ、不利、社会的不利
handless,a〉手のない
handpiece,《歯》ハンドピース
handwashing,手洗い
hand washing,手洗い
hanging,縊首 いしゅ
hapalonychia,爪甲軟化(症)
haplodont,単錘歯
haplopia,単視
haplotype,単相型、ハプロタイプ
hapten(e),ハプテン
haptic,a〉触覚の、触覚型の
haptics,触覚学
haptoglobin,ハプトグロビン
haptometer,触覚計、触覚測定器
haptonasty,傾触性
haptophobia,接触恐怖(症)、不潔恐怖(症)
hard,a〉硬い
hardening,硬化
hardness,硬さ、硬度
harm,有害
harmful,a〉有害の
hazard,危険、危険物
head,1_頭、頭部 2_《解》頭
headache,頭痛
healing,治癒
health,1_健康 2_保健、衛生
healthy,a〉健康的な、健全な
heart,心、心臓
heartburn,胸焼け
heat,熱
heat inactivated,a〉熱失活の、熱不活性の
heating,加熱、加温
heavy,重い
heavy chain,a〉重鎖の
hebephrenic,a〉破瓜型の
hebetic,a〉思春期の
hectogram,ヘクトグラム
hectometer,ヘクトメートル
height,高さ、高度
helcology,潰瘍学
helcoplasty,潰瘍修復(術)
helcosis,潰瘍形成
helicotrema,蝸牛孔
heliograph,日照計
heliometer,太陽儀
heliophobia,日射恐怖(症)
heliotaxis,走日性、向日性
heliotherapy,日光療法
heliotropism,走日性、向日性
helminthagogue,駆虫薬
helminthemesis,寄生虫吐出
helminthiasis,蠕虫性疾患 蠕=ぜん
helminthic,a〉1_蠕虫の 2_駆虫の n〉駆虫薬
helminthicide,殺蠕虫薬 蠕=ぜん
helminthism,蠕虫性疾患 蠕=ぜん
helminthologic,a〉蠕虫学の、蠕虫学的な 蠕=ぜん
helminthology,蠕虫学 蠕=ぜん
helminthoma,蠕虫腫 蠕=ぜん
helminthophobia,蠕虫恐怖(症) 蠕=ぜん
helper,ヘルパー
hemagglutinin,赤血球凝集素
hemangioblast,血管芽細胞
hemangioblastoma,血管芽細胞腫
hemangioendothelioblastoma,血管内皮芽細胞腫
hemangioendothelioma,血管内皮腫
hemangiofibroma,血管線維腫
hemangioma,血管腫、毛細血管腫
hemangiomatosis,血管腫症
hemangiomatous,a〉血管腫性の
hemangiopericytoma,血管外皮細胞腫
hemangiosarcoma,血管肉腫
hemarthrosis,関節出血、出血性関節症
hematemesis,吐血
hematobulbia,延髄出血
hematocele,血瘤、血腫
hematochezia,血便、下血
hematocrit,赤血球容積率、ヘマトクリット
hematocytometer,血算盤
hematocytometry,血球計算(法)
hematogenesis,造血
hematogenic,a〉血行性の、血液由来の、血液性の、造血性の
hematogenous,a〉血行性の、血液由来の、血液性の、造血性の
hematohidrosis,血汗症
hematoidin,類血素
hematologist,血液学者
hematology,血液学
hematoma,血腫
hematomycosis,真菌血症
hematomyelia,脊髄内出血、脊髄出血
hematopericardium,心膜血腫
hematopoiesis,造血、造血能
hematopoietic,a〉造血(性)の
hematoporphyria,ポルフィリン症
hematopyuria,血膿尿(症)
hematosalpinx,卵管血腫
hematoscope,血液分光計
hematosis,血液形成、造血
hematotympanum,鼓室内出血
hematoxylin,ヘマトキシリン 〈核を青く染める〉
hematuria,血尿
hemiageusia,片側味覚消失
hemianopsia,半盲
hemiatrophy,半側萎縮(症)
hemibladder,半膀胱
hemic,a〉血液の、血行性の
hemicardia,半心臓
hemicerebrum,半大脳
hemicraniosis,半頭肥大症
hemifacial,a〉顔面半側の
hemifield,半野、半領域
hemigastrectomy,片側胃切除(術)
hemiglossectomy,片側舌切除(術)
hemiglossitis,片側舌炎
hemiglossoplegia,片側舌麻痺、舌片麻痺
hemignathia,半顎症
hemikaryon,半核
hemilateral,a〉片側の、半外側の
hemimacroglossia,片側巨舌症
hemimandibulectomy,片側下顎骨切除(術)
hemimelia,半肢症
hemimelus,半肢症患者
heminephrectomy,片側腎切除(術)
hemiopalgia,片側眼痛
hemiparesis,片側不全麻痺、半側不全麻痺
hemiparetic,a〉半側不全麻痺の、片側不全麻痺の
hemiplegia,半側麻痺、片側麻痺、片麻痺、半身不随
hemiplegic,a〉半側麻痺の、片側麻痺の、片麻痺の、半身不随の
hemirachischisis,半側脊椎披裂
hemisection,片側切断、ヘミセクション
hemisphere,半球
hemispheric(al),a〉半球の
hemispherium,大脳半球
hemizygote,半接合体
hemizygous,a〉半接合[体]の
hemizygotic,a〉半接合[体]の
hemochromatosis,血色素症
hemoconcentration,血液濃縮
hemoculture,血液培養
hemocyte,血液細胞、血球
hemocytoblast,血球芽細胞
hemocytometer,血算盤
hemodialysis,血液透析
hemodiapedesis,血液漏出
hemodilution,血液希釈
hemodynamic,a〉血流力学の、血行力学の
hemodynamics,血行力学
hemofiltration,血液濾過
hemoglobin,血色素
hemoglobinuria,血色素尿症
hemogram,血液像、ヘモグラム
hemolysate,溶血液、溶血物
hemolysin,溶血素
hemolysis,溶血
hemolytic,a〉溶血(性)の
hemopathy,血液疾患
hemoperfusion,血液潅流
hemopericardium,心膜血腫
hemoperitoneum,腹腔内出血
hemophagocytic,a〉血球貪食(性)の
hemophilia,血友病
hemophiliac,a〉血友病[患者]の n〉血友病患者
hemophobia,恐血症、血液恐怖(症)
hemophthalmia,眼球出血
hemopoietic,a〉造血(性)の
hemoptysis,喀血
hemorrhage,出血
hemorrhagic,a〉出血(性)の
hemorrhoid,痔、痔核
hemorrhoidal,a〉1_痔の、痔核の 2_直腸の
hemorrhoidectomy,痔切除(術)、痔核切除(術)
hemosalpinx,卵管血腫
hemosiderin,血鉄素
hemosiderosis,血鉄症
hemospermia,血精液(症)
hemosputum,血痰
hemostasis,止血(法)
hemostat,1_止血鉗子 2_止血薬
hemothorax,血胸(症)
hemotympanum,鼓室内出血
heparin,ヘパリン
hepatalgia,肝臓痛
hepatectomy,肝切除
hepatic,a〉肝の、肝臓の、肝性の
hepaticojejunostomy,胆管空腸吻合(術)
hepatitis,肝炎
hepatization,肝変
hepatoblastoma,肝芽細胞腫、肝芽腫
hepatocarcinogenesis,肝臓癌発生、肝臓癌誘発
hepatocarcinogenetic,a〉肝臓癌誘発(性)の
hepatocarcinogenicity,肝臓癌誘発性
hepatocarcinoma,肝癌
hepatocellular,a〉肝細胞性の
hepatocerebral,a〉肝脳の
hepatocholangiocarcinoma,胆管肝癌
hepatocholangitis,肝胆管炎
hepatocirrhosis,肝硬変(症)
hepatocyte,肝細胞
hepatocytic,a〉肝細胞の
hepatoduodenal,a〉肝十二指腸の
hepatogastric,a〉肝胃の
hepatogenic,a〉肝性の、肝原性の、肝由来の
hepatogenous,a〉肝性の、肝原性の、肝由来の
hepatogram,肝機能検査図
hepatography,肝撮影(法)、肝造影(法)
hepatoid,a〉肝様組織の
hepatolithiasis,肝内結石症
hepatology,肝臓学
hepatolysin,肝細胞溶解素
hepatomegaly,肝腫大、肝肥大
hepatopancreatic,a〉肝膵の
hepatopexy,肝固定(術)
hepatorenal,a〉肝腎(性)の
hepatorrhagia,肝出血
hepatorrhea,胆汁漏、胆汁産生過多
hepatorrhexis,肝臓破裂、肝破裂
hepatosis,肝臓症
hepatosplenomegaly,肝脾腫大
hepatotoxemia,肝性毒血症
hepatotoxic,a〉肝細胞毒の
hepatotoxicity,肝細胞毒性
hepatotoxin,肝毒素
heptahydrate,七水和物
heptose,七炭糖
herb,1_薬草 2_草、草本
herbal,1_薬草 2_草、草本
herbaceous,a〉1_草の、草本の 2_草の葉状の
herbage,《総称》草、牧草
herbal,a〉草本の、薬草の、漢方の
herbalist,1_薬草商人 2_薬草採集者
herbicide,除草剤
hereditaria,遺伝(性)の
hereditary,a〉遺伝(性)の
heredity,遺伝
heredoataxia,遺伝性運動失調(症)
heredofamilial,a〉家族性遺伝性の
hermaphrodite,半陰陽者
hermaphroditism,半陰陽
hermetic,a〉気密の
hernia,ヘルニア
hernial,a〉脱出の、ヘルニアの
herniated,a〉脱出の、ヘルニアの
herniation,ヘルニア形成
herniopuncture,ヘルニア穿刺(術)
herniotomy,ヘルニア切開(術)
herpes,ヘルペス、疱疹
herpetic,a〉疱疹(性)の
herpetiform,a〉疱疹状の、ヘルペス状の
heteresthesia,異種感覚
heterocellular,a〉異種細胞の
heterochromatin,異質染色質
heterochromia,異色症
heterocyclic,a〉複素環式の
heterodont,異形歯
heterodonty,異形歯性
heteroerotic,a〉対象愛の
heterogeneity,異質性、異種性
heterogeneous,a〉異質性の、異種性の
heterogeusia,異味症
heteroid,a〉異質の
heteroimmune,a〉異種免疫の
heterointoxication,異種中毒(症)
heterologous,a〉非相同な、非定型的な、異種の、非対応な
heterometropia,異視症、異種不同視
heteromorphosis,異質形成
heterophagy,他食作用
heterophil,a〉異好の
heteroplasia,異形成
heteroploid,a〉異数性の、異数倍性の n〉異数体
heteroploidy,<[遺伝]>異数性
heterosexuality,異性愛
heterotherm,異温動物
heterotope,異位元素
heterotopic,a〉異所性の、迷入(性)の、部位異常の
heterotroph,従属栄養生物、従属栄養体、他栄養体
heterotrophic,a〉従属栄養の
heterotropia,斜視
heterotropic,a〉従属栄養の
heterozygosis,ヘテロ結合、異型結合
heterozygosity,ヘテロ結合性、異型結合性
heterozygote,ヘテロ結合体、異型結合体
heterozygous,a〉ヘテロ結合(性)の、異型結合(性)の
hexagon,六辺形、六角形
hexahedron,六面体
hexavalence,六価
hexose,六炭糖
hiatal,a〉裂孔(性)の
hiatus,裂孔
hibernating,a〉冬眠の
hibernation,冬眠
hibernoma,冬眠腺腫、褐色脂肪腫
hiccup,しゃっくり
hidradenitis,汗腺炎
hidradenoma,汗腺腫
hidroa,汗疱疹
hidrocystadenoma,汗腺嚢胞腺腫
hidrocystoma,汗腺嚢腫
hidrorrhea,過剰発汗
hidroschesis,制汗
hidrosis,多汗(症)
hidrotic,a〉発汗の n〉発汗薬
high fat,a〉高脂肪の
high frequency,a〉高周波の
high power,a〉強力な、高性能の
high powered,a〉強力な、高性能の
high protein,a〉高蛋白の
high voltage,a〉高圧の、高電圧の
highrise,〔建築〕高層
hilar,a〉門の、出入口の; 肺門の
hilum,門
hind,a〉後部の、後方の
hindbrain,《解》菱脳
hippocampal,a〉海馬の
hippocampus,《解》海馬
hirsutism,多毛(症)
histamine,ヒスタミン
histiocyte,〔組織〕組織球
histiocytic,a〉組織球(性)の
histiocytoma,組織球腫
histiocytosis,組織球増殖症、組織球症
histochemical,a〉組織化学の、組織化学的な
histochemistry,組織化学
histocompatibility,組織適合性
histogenesis,組織発生
histologic(al),a〉組織学の、組織学的な
histologist,組織学者
histology,1_組織学 2_組織像
histomorphometric,a〉組織形態計測(法)の
histopathologic(al),a〉組織病理学の、組織病理学的な
histopathology,組織病理学
histophysiologic(al),a〉組織生理学の、組織生理学的な
histoplasmosis,ヒストプラスマ症
history,1_歴史 2_〜歴
histotoxic,a〉組織毒性の
hives,1_ wheal｢膨疹｣ 2_ urticaria｢蕁麻疹｣
hole,孔
holoacrania,完全無頭症
holocrine,a〉全分泌の
holoprosencephaly,全前脳欠損(症)
homalography,平面解剖学
homaluria,正常排尿
home,家、ホーム
home care,a〉在宅ケアの
homeomorphous,a〉同形態の、類似形態の
homeoplasia,同質形成
homeostasis,恒常性
homeostatic,a〉恒常性の
homeotherapy,類症療法、同種療法
homeothermyhomeothermism,定温性
homeotransplant,同種移植片
homeotransplantation,同種移植
homicide,殺人
hominid,a〉ヒト科の
homocysteine,〔化物〕ホモシステイン 〈アミノ酸〉
homocystine,〔化物〕ホモシスチン
homocystinemia,ホモシスチン血(症)
homocystinuria,ホモシスチン尿(症)
homocytotropic,a〉同種細胞親和(性)の
homodimer,ホモダイマー
homodont,《歯》同形歯
homodonty,《歯》同形歯性
homoerotic,a〉同性愛の
homoeroticism,同性愛
homoerotism,同性愛
homogenate,均等質、ホモジェネート
homogeneity,均質性、等質性、均一性
homogeneous,a〉均質(性)の
homogenesis,同一発生、純一発生
homogeny,同一発生、純一発生
homogenization,均質化、均一化
homograft,同種移植片
homolateral,a〉同側(性)の
homologous,a〉1_(性質･位置･構造が)一致する 2_〔免疫〕同一源の 3_《理化》同族の 4_《生物》相同の、異種同形の; 5.<[数]>相同の
homologuehomolog,1_相同器官 2_相同染色体 3_《理化》同族体
homology,1_相同、相同関係 2_《理化》同族、同族関係
homoplastic,a〉同種移植の、同種異系移植の
homonym,異物同名
homonymous,a〉異物同名の
homothallic,a〉同体性の
homothermalhomothermic,a〉恒温(性)の
homothermism,恒温性
homozygous,a〉同形接合(性)の、ホモ接合(性)の
hook shaped,a〉鈎状の
horizontal,a〉水平線の; 水平の
hormonal,a〉ホルモンの、内分泌性の
hormone,ホルモン
hormone dependent,a〉ホルモン依存(性)の
hormone producing,a〉ホルモン産生の
horn,角
horny,a〉角質の
horse,馬
horseradish,西洋ワサビ
horseshoe,馬蹄
hospital,病院
hospitalization,入院
huckle,臀部、股、腰
hucklebone,寛骨、無名骨
human,人間、ヒト
humeral,a〉1_上腕骨の 2_肩の
humero ulnar,a〉上腕尺骨の
humerus,《解》上腕骨 [L]
humic,a〉腐植の
humid,a〉湿性の
humidification,加湿
humidifier,加湿器
humidity,湿度
humor,体液
humoral,a〉体液(性)の
humus,腐植、腐植土
hyalin,硝子質
hyalinization,硝子化
hyalinizing,a〉硝子化の
hyalitis,硝子体炎
hyaloplasm,硝子形質
hyaluronan,ヒアルロナン
hyaluronic,a〉ヒアルロン酸の
hyaluronidase,ヒアルロニダーゼ
hybrid,雑種、ハイブリド
hybridization,雑種形成、交雑
hydrate,水和物
hydration,1_水和、水和作用 2_水分補給
hydremia,水血症
hydride,水素化物
hydrocalycosis,腎杯水腫
hydrocarbon,炭化水素
hydrocele,水瘤
hydrocelectomy,水瘤切除(術)
hydrocephalic,a〉水頭症の
hydrocephaly,水頭症
hydrocephalus,水頭症
hydrochloric,a〉塩酸の
hydrochloride,塩酸塩
hydrodynamics,流体力学
hydroenphrotic,a〉水腎症の
hydrogen,<[元素]>水素
hydrogenation,水素化、水素添加
hydrolysate,水解物
hydrolysis,加水分解、水解
hydrolytic,a〉加水分解の、水解の
hydroma,#NAME?
hydromechanics,流体力学
hydrometer,比重計
hydromyoma,水筋腫
hydronephrosis,水腎症
hydropelvis,水腎盂症
hydrophobia,狂水病
hydrophobic,a〉疎水(性)の、狂水病の
hydrophobicity,疎水性
hydropneumothorax,水気胸
hydrosalpinx,卵管水腫、卵管留水症
hydrosphere,水界
hydrostatic,a〉流体静力学の、静水学的な
hydrotherapy,水療法
hydrothorax,水胸(症)
hydrotubation,卵管通水(法)
hydroxide,水酸化物
hydroxyapatite,ヒドロキシアパタイト
hydroxylation,水酸化
hydroxyurea,ヒドロキシ尿素
hygiene,衛生、衛生学
hygienic,a〉衛生の、衛生学の
hygienist,衛生士
hygienization,衛生化
hygieology,衛生科学
hygroma,滑液包水腫、ヒグローマ
hygrometer,湿度計
hygrometry,湿度測定(法)、計湿法
hygrophobia,湿気恐怖(症)
hygrophthalmus,涙眼
hygrophyte,湿生植物
hygroscope,検湿器
hygroscopic,a〉吸湿性の
hygroscopicity,吸湿性
hygrostimulus,吸湿性刺激
hygrostomia,流涎、慢性唾液流出 りゅうぜん
hygrotaxis,走湿性
hygrotropism,向湿性
hylophobia,森林恐怖(症)
hylotropic,a〉変形の
hymenectomy,処女膜切除(術)
hymenitis,処女膜炎
hymenotomy,処女膜切開(術)
hyoglossal,a〉舌骨舌の
hyoglossus,舌骨舌筋
hyoid,a〉舌骨の
hyperacidity,過酸症
hyperactivity,多動性
hyperalgesia,痛覚過敏(症)
hyperalgesis,痛覚過敏(症)
hyperalgesic,a〉痛覚過敏(症)の
hyperalimentosis,栄養過剰(症)
hyperammonemia,過アンモニア血(症)
hyperanakinesia,多動症
hyperbaric,a〉高圧の
hypercalcemia,高カルシウム血症
hypercalcinuria,高カルシウム尿症
hypercapnia,高炭酸症
hypercellularity,細胞過多、細胞増多、細胞過形成
hypercellular,細胞過多、細胞増多、細胞過形成
hypercementosis,セメント質増殖症
hyperchloremia,高塩素血(症)
hyperchloremic,a〉高塩素血(症)の
hyperchlorhydria,胃酸過多症、過酸症
hypercholia,胆汁過多(症)
hyperchondroplasia,軟骨過形成
hyperchromatic,a〉過色素性の、過染色性の、濃染の
hyperchromatism,過色素性、過染色性
hypercorticosteroidism,副腎皮質機能亢進(症)
hyperdiploidy,過二倍性
hyperemia,充血
hyperemic,a〉充血(性)の
hyperesthesia,感覚過敏(症)
hyperfibrinogenemia,高フィブリノゲン血(症)
hyperfunction,機能亢進症
hypergastrinemia,高ガストリン血症
hypergeusia,味覚過敏、味覚亢進
hypergia,過敏(症)
hyperglycemia,高血糖症、過血糖症
hyperglycemic,a〉高血糖症の、過血糖症の
hyperglycorrhachia,髄液糖過剰(症)
hypergnathia,下顎肥大(症)
hypergranulosis,顆粒層肥厚
hypergraphia,書字運動亢進
hyperhidrosis,発汗過多(症)、過剰発汗、多汗(症)
hyperhistidinuria,高ヒスチジン尿症
hyperhydration,水分過剰、過剰輸液
hyperinflation,過膨張
hyperinsulinemia,高インスリン血(症)、インスリン過剰血(症)
hyperinsulinemic,a〉高インスリン血(症)の、インスリン過剰血(症)の
hyperkeratinization,過角化
hyperkeratosis,過角化(症)
hyperkeratotic,a〉過角化(症)の
hyperkinesia,多動
hyperlalia,多言(症)
hyperlipidemia,高脂質血(症)
hypermagnesemia,高マネシウム血(症)
hypermania,重症躁病
hypermenorrhea,月経過多(症)
hypermobile,a〉運動機能亢進の
hypermobility,運動機能亢進
hypermyotonia,筋緊張亢進
hypermyotrophy,筋肥大
hypernatremia,高ナトリウム血(症)、ナトリウム過剰血(症)
hyperopia,遠視
hyperopic,a〉遠視の
hyperorexia,食欲過剰
hyperosmosis,高浸透圧(症)
hyperosmotic,a〉高浸透圧(性)の
hyperovulation,排卵過剰
hyperoxia,高酸素(症)、酸素過剰(症)
hyperparasite,高次寄生体、重寄生体
hyperparasitism,高次寄生、重寄生
hyperparathyroidism,副甲状腺機能亢進症
hyperpathia,痛覚過敏(症)
hyperperfusion,過潅流
hyperperistalsis,蠕動亢進
hyperpigmentation,色素沈着過度、過色素沈着(症)
hyperpituitarism,下垂体機能亢進(症)
hyperplasia,過形成
hyperplastic,a〉過形成(性)の
hyperpnea,過呼吸
hyperpolarization,過分極
hyperproteinemia,高蛋白血症
hyperpyrexia,超高熱
hyperreflexia,反射亢進
hypersalivation,唾液分泌過多
hypersecretion,分泌過多
hypersensibility,感覚過敏
hypersensitive,a〉過敏(症)の、過敏症の、感覚過敏(症)の
hypersensitivity,過敏(性)、過敏症、感覚過敏(症)
hypersialosis,唾液分泌過多(症)
hypersplenism,脾機能亢進(症)
hypertelorism,隔離症
hypertension,高血圧(症)
hypertensive,a〉高血圧(性)の
hypertensor,昇圧剤
hyperthermia,高体温(症)、過温症、高熱
hyperthyroidism,甲状腺機能亢進(症)
hypertonic,a〉高張の
hypertriglyceridemia,高トリグリセリド血(症)
hypertrophic,a〉肥大(性)の、肥大型の
hypertrophy,肥大(症)
hyperuricemia,高尿酸血症
hyperuricemic,a〉高尿酸血症の
hyperuricuria,高尿酸尿症
hypervariable,a〉超可変の
hypervascular,a〉血管分布過多の、血管過多の
hypervascularity,血管分布過多
hyperventilation,過換気
hypervolemic,a〉循環血液量増加(性)の、血液量増加(性)の
hypesthesia,感覚減退、感覚鈍麻
hypesthesiahypoesthesia,感覚減退、感覚鈍麻
hypha,菌糸
hyphae,菌糸
hyphomycosis,糸状菌症
hypnoanalysis,催眠分析
hypnodontics,催眠歯科療法
hypnogenesis,催眠(法)
hypnogenetic,a〉催眠(法)の
hypnology,1_睡眠学 2_催眠術
hypnophobia,催眠恐怖(症)
hypnophobic,a〉催眠恐怖(症)の
hypnosis,催眠
hypnotherapy,催眠療法
hypnotic,a〉催眠(性)の
hypnotism,催眠法
hypnotist,催眠術者
hypoacusishypacusis,聴力低下
hypoadiponectinemia,低アディポネクチン血症
hypoadrenalemia,低アドレナリン血(症)
hypoadrenalism,低アドレナリン症、副腎機能低下(症)
hypoalgesia,痛覚不全(症)、痛覚鈍麻
hypoalimentation,低栄養
hypoalphalipoproteinemia,低α蛋白血(症)
hypobaric,a〉低圧(症)の
hypobarism,低圧(症)
hypocalcemia,低カルシウム血(症)
hypocalcemic,a〉低カルシウム血症の
hypocapnia,低炭酸症
hypocellular,a〉低細胞(性)の、細胞数の少ない
hypochloraemia,低塩素血(症)、低クロール血(症)
hypochloremia,低塩素血(症)、低クロール血(症)
hypochondrial,a〉季肋部の
hypochondrium,季肋部、下肋部
hypochondrogenesis,軟骨低形成(症)
hypochondroplasia,軟骨低形成(症)
hypochordal,a〉脊索腹側の
hypochromic,a〉低色素性の
hypochylia,1_胃液減少(症) 2_乳糜減少(症)
hypocorticosteroidism,副腎皮質機能低下(症)
hypocyclosis,眼調節不全
hypocytosis,血球減少(症)
hypodermic,a〉皮下の
hypodontia,部分性無歯(症)、歯数不足(症)
hypoechoic,a〉低エコーの
hypoergia,低力(症)
hypoexophoria,下外斜位
hypofunction,機能低下(症)、機能減退(症)
hypogastric,a〉下腹の
hypogenesis,形成不全(症)、発育不全(症)
hypogeusia,味覚鈍麻
hypoglossal,a〉舌下の
hypoglycemia,糖欠乏(症)、低糖(症)
hypoglycemic,a〉低血糖(性)の
hypoglycorrhachia,髄液糖減少(症)
hypognathism,下顎発育不全(症)
hypogonadism,性腺機能低下(症)
hypogrowth,劣成長
hypohidrosis,発汗減少
hypohydration,脱水症
hypoinsulinemia,低インスリン血症
hypoinsulinism,低インスリン症
hypokalemia,低カリウム血(症)
hypokinesia,運動低下(症)、減動
hypokinesis,運動低下(症)、減動
hypokinetic,a〉運動低下(症)の、減動の
hypolipemia,低脂肪血(症)
hypoliposis,低脂肪(症)、脂肪減少(症)
hypologia,発語減退、沈黙症
hypolymphemia,リンパ球減少(症)
hypomagnesemia,低マグネシウム血(症)
hypomania,軽躁[病]
hypomelanotic,a〉低メラニン色素性の
hypomelia,低肢発育(症)
hypomenorrhea,過少月経
hypomere,1_腹外側筋節 2_中胚葉外節板
hypometabolic,a〉低代謝の、代謝低下の
hypometabolism,低代謝、代謝低下
hypomethylation,低メチル化
hypometria,測定過少
hypomnesia,記憶減退
hypomobile,a〉低移動性の、低運動性の、低可動性の
hypomorph,1_矮小体型 2_ハイポモルフ
hypomorphic,a〉1_矮小体型の 2_ハイポモルフの
hypomotility,低運動(性)、運動減退
hypomyotonia,筋弛緩(症)
hyponasality,鼻音減弱[化]
hyponatremia,低ナトリウム血(症)
hypopallesthesia,低振動感覚
hypoperfusion,低灌流
hypopharyngeal,a〉下咽頭の
hypophosphatemia,低リン酸血(症)
hypophrasia,寡言症
hypophrenia,精神遅滞
hypophrenic,a〉精神遅滞の
hypophrenium,横隔膜下腔
hypophrenosis,精神発達低下
hypophyseal,a〉下垂体の
hypophysial,a〉下垂体の
hypophysectomy,下垂体切除(術)
hypophysis,下垂体
hypophysitis,下垂体炎、脳下垂体炎
hypopigmentation,色素脱失、低色素沈着(症)
hypopituitarism,下垂体機能低下(症)、下垂体機能減退(症)
hypoplasia,低形成、減形成
hypoplastic,a〉低形成の、減形成の、形成不全の、発育不全の
hypopnea,呼吸低下
hypopotassemia,低カリウム血(症)
hypoproteinemia,低蛋白血(症)
hyposecretion,分泌不全、分泌減退
hyposplenism,脾機能低下症
hypotension,低血圧(症)、緊張低下(症)
hypotensive,a〉低血圧(症)の
hypothalamalhypothalamic,a〉視床下部の
hypothalamus,視床下部
hypothenar,《解》小指球 [L]
hypothermia,低体温
hypothermic,a〉低温の、低体温の
hypothermal,a〉低温の、低体温の
hypothesis,仮説
hypothetical,a〉仮説の、仮定の
hypothymia,気分沈滞
hypothyroid,a〉甲状腺機能低下(症)の、甲状腺機能減退(症)の、甲状腺機能不全(症)の
hypothyroidism,甲状腺機能低下(症)
hypothyroxinemia,低チロキシン(サイロキシン)血(症)、低甲状腺ホルモン血(症)
hypotonia,1_低圧 2_弛緩、緊張低下
hypotonic,a〉低張(性)の、低浸透圧の
hypotonicity,低張性
hypotrichosis,睫毛欠損
hypotympanic,a〉鼓室下の
hypoventilation,低換気、呼吸低下
hypovitaminosis,ビタミン不足(症)
hypovolemia,低血液量(症)、血液量減少(症)
hypovolemic,a〉血液量減少(性)の
hypovolia,減量症
hypoxemia,低酸素血症
hypoxia,低酸素(症)、酸素不足
hypoxic,a〉低酸素(症)の、低酸素性の
hypsicephalic,a〉高頭蓋(症)の、塔状頭蓋(症)の
hypsicephaly,高頭蓋症、塔状頭蓋症
hypsicrany,高頭蓋症
hypsodont,長冠歯
hypsophobia,高所恐怖(症)
hypsotherapy,高山治療
hysteralgia,子宮痛
hysterectomy,子宮摘出(術)
hystereurysis,子宮口拡張(法)
hysteria,ヒステリー
hysteric(al),a〉ヒステリーの
hysteritis,子宮炎
hysterodynia,子宮痛
hysterogram,子宮造影図
hysterographic,a〉子宮造影(法)の、子宮撮影(法)の
hysterography,子宮造影(法)、子宮撮影(法)
hysterolith,子宮結石
hysterometer,子宮計
hysteromyotomy,子宮筋腫切開(術)
hysteropexy,子宮固定(術)
hysteroptosis,子宮下垂
hysterorrhaphy,子宮縫合(術)
hysterorrhexis,子宮破裂
hysterosalpingogram,子宮卵管造影図
hysteroscope,子宮鏡
hysterospasm,子宮痙攣
hysterotomy,子宮切開(術)
iatric,a〉医師の、医療の
iatrical,a〉医師の、医療の
iatrogenic,a〉医原性の
iatrochemist,化学医学派
ice,氷
icy,氷
ichthyology,魚類学
ichthyophobia,魚類恐怖(症)
ichthyosis,魚鱗癬
icosahedral,a〉正二十面体の
icteric,a〉黄疸(性)の
icterus,黄疸
idea,観念
identical,a〉同一の、同一性をもつ
ideomotor,a〉概念運動性の、観念運動性の
idiogenesis,特発因
idiopathic,a〉特発性の
idiopathy,特発症
idiosyncrasy,特異体質
idiosyncratic,a〉特異体質の
idioventricular,a〉心室固有の、固有心室の
igniter,点火器、点火装置
ignitor,点火器、点火装置
ignition,発火、強熱
ileacileal,a〉腸閉塞(症)の
ileal,a〉回腸の
ileectomy,回腸切除(術)
ileitis,回腸炎
ileoanal,a〉回腸肛門の
ileocecal,a〉回盲の
ileocecostomy,回盲吻合(術)
ileocolitis,回結腸炎
ileocolostomy,回結腸吻合(術)
ileocystoplasty,回腸膀胱形成(術)
ileocystostomy,回腸膀胱吻合(術)
ileoileal,a〉回腸回腸の
ileoileostomy,回腸回腸吻合(術)
ileopexy,回腸固定(術)
ileoproctostomy,回腸直腸吻合(術)
ileopubic,a〉回腸恥骨の
ileorectal,a〉回腸直腸の
ileorrhaphy,回腸縫合(術)
ileosigmoidostomy,回腸S状結腸吻合(術)
ileostomy,回腸造瘻(術)、回腸瘻
ileotomy,回腸切開(術)
ileum,《解》回腸
ileus,腸閉塞(症)、イレウス
iliac,a〉腸骨の
iliococcygeal,a〉腸骨尾骨の
iliocostal,a〉腸骨肋骨の、腸肋の
iliofemoral,a〉腸骨大腿骨の
iliohypogastric,a〉腸骨下腹の
ilioinguinal,a〉腸骨鼠蹊の
iliolumbar,a〉腸腰の
iliopectineal,a〉腸骨恥骨の、腸恥の
iliopsoas,《解》腸腰筋
iliopubic,a〉腸骨恥骨の、腸恥の
iliosacral,a〉腸骨仙骨の
iliotibial,a〉腸骨脛骨の、腸脛の
ilium,《解》腸骨 [L]
ill defined,a〉境界不明瞭な
illness,病気、疾患
illumination,1_照明(法) 2_照度 3_投射光量
image,像、画像、映像、イメージ
imagination,想像、想像力
imaging,画像、撮影、造影、イメージング
imbalance,不均衡
immediate,a〉即時の
immobilization,不動化
immortality,不死性
immortalization,不死化
immune,a〉免疫の
immunity,免疫
immunization,能動免疫化
immunoadjuvant,免疫アジュバント
immunoadsorption,免疫吸着
immunoassay,免疫定量法
immunochemical,a〉免疫化学の、免疫化学的な
immunochemistry,免疫化学
immunocompetence,免疫適格(性)
immunocompetent,a〉免疫適格(性)の
immunocompromised,a〉免疫低下の
immunoconjugate,免疫複合体、免疫コンジュゲート
immunocyte,免疫細胞
immunocytochemistry,免疫細胞化学(法)
immunocytological,a〉免疫細胞学の、免疫細胞学的な
immunodeficiency,免疫不全(症)
immunodiffusion,免疫拡散(法)
immunoelectron,a〉免疫電子の
immunoelectrophoresis,免疫電気泳動法
immunoengineering,免疫工学
immunofluorescence,免疫蛍光(法)
immunofluorescent,a〉免疫蛍光(法)の
immunogenetics,免疫遺伝学
immunogenic,a〉免疫原性の
immunogenicity,免疫原性
immunoglobulin,免疫グロブリン
immunohistochemical,a〉免疫組織化学の、免疫組織化学的な
immunohistochemistry,免疫組織化学
immunohistologic(al),a〉免疫組織学の、免疫組織学的な
immunohistology,免疫組織学
immunomarker,免疫マーカー
immunoneuroendocrine,a〉免疫神経内分泌の
immunoperoxidase,免疫ペルオキシダーゼ
immunophagocytosis,免疫貪食、免疫貪食現象
immunophenotype,免疫表現型
immunopathologic(al),a〉免疫病理学の･的な
immunopathology,免疫病理学
immunophoresis,免疫泳動
immunopositive,a〉免疫陽性の
immunopotent,a〉免疫能のある
immunoregulatory,a〉免疫調節の
immunostaining,免疫染色
immunosuppressive,a〉免疫抑制の
immunotherapeutic,a〉免疫療法の
immunotoxic,a〉免疫毒性の
immunotoxicity,免疫毒性
impact,衝撃、インパクト
impaction,1_嵌入 2_《歯》埋伏
impairment,異常、障害
impedent,a〉切迫した
imperfecta,不全の
imperforate,a〉無孔の、開口部のない、閉鎖の
impetigo,膿痂疹
implant,《歯》インプラント、人工歯根
implantable,a〉植込み型の
impotence,インポテンス、性不能(症)
impracticability,1_実行不可能 2_実行不可能な事
impracticable,a〉1_実行不可能な 2_通行できない<道路が>
impractical,a〉非現実的な、実用性の乏しい
impregnation,受精
impressio,《解》圧痕
impression,1_《解》圧痕 2_《歯》印象
imprinting,刷込み
improper,a〉不適切な、不正の、間違いの、無作法な
impuberal,a〉未成熟の
impulse,1_衝動 2_インパルス、衝撃、刺激
impulsive,a〉衝動的な、感情的な
impure,a〉不純物のある
impurities,[pl] 不純物
impurity,不純物を含むこと
inactivation,不活性化、不活化、失活
inactivity,活動不能
inbred,a〉同系交配の、近親交配の
inbreeding,同系交配、近親交配
incapacity,無能力
incarceration,嵌頓(症)
incarcerated,嵌頓(症)
incarnation,肉芽形成、肉芽発生
incidence,発病、発病率
incineration,灰化(法)
incipient,a〉始まりの、初期の、初発の、発端の
incisal,切歯の、切端の
incision,1_切開(術) 2_《歯》切断<食べ物を>
incisional,a〉切開の
incisive,a〉《歯》切歯の
incisivization,《歯》切歯化
incisor,《歯》切歯
inclusion,封入体
incompatibility,不適合(性)、配合禁忌
incompatible,a〉不適合(性)の
incompetence,不全(症)
incomplete,a〉不完全な、不全の
incontinence,失禁
incontinent,a〉失禁の
incubator,ふ卵器、培養器、保育器
incurable,a〉不治の、治療不能の
incus,キヌタ骨
indenization,転移増殖
independence,自立
index,指数
indication,1_指示、表示 2_徴候、指標 3_適応(症)
indicative,a〉1_指示･表示する 2_示唆する
indifferent,a〉基準の
indigenous,a〉土着の
indispensable,a〉不可欠の
individual,a〉個人の、単一の n〉個人
individualization,個別化
indolent,a〉無痛(性)の
inducible,a〉誘致･誘導できる、誘導性の
indurated,a〉硬化の、硬結の
induration,硬化、硬結
indurative,a〉硬化(性)の
industrial,a〉工業の、産業の
industry,1_工業、産業 2_業界
indwelling,a〉留置の
inevitable,a〉不可避の
infant,乳児
infanticide,新生児殺し
infantile,a〉乳児(性)の、幼児(性)の、乳幼児(性)の、小児(性)の
infarct,梗塞
infarction,梗塞
infection,感染(症)
infectious,a〉感染(性)の、感染症の
infective,a〉感染(性)の、感染症の
inferior,a〉下の、下方の
inferotemporal,a〉下側頭の
infertility,不妊(症)
infiltrate,浸潤細胞、浸潤物
infiltration,浸潤
infiltrative,a〉浸潤(性)の
inflammability,1_引火性、可燃性 2_炎症性 3_〔精神〕興奮性
inflammable,a〉1_引火性の、可燃性の 2_炎症性の 3_〔精神〕興奮性の
inflammation,炎症
inflammatory,a〉炎症(性)の
infliction,苦しみ、苦痛
influence,影響、影響力
influenza,インフルエンザ
influx,流入、内向き流束
infolding,陥入
informatics,情報学
information,情報
informational,a〉情報の
infrabony,a〉骨縁下の
infracardiac,a〉心臓下の
infraclavicular,a〉鎖骨下の
infracostal,a〉肋骨下の
infraction,骨屈折、不完全骨折、亀裂骨折
infraduodenal,a〉下十二指腸の
infrafusal,a〉(筋紡錘の)錘内の
infraglottic,a〉声門下の
infrahepatic,a〉肝下の、肝臓下の
infrahyoid,a〉舌骨下の
infranasal,a〉鼻下の
infraocclusal,a〉低位咬合の
infraocclusion,低位咬合
infraorbital,a〉眼窩下の
infraorder,(生物分類の)下目
infrapatellar,a〉膝蓋下の
infrapyramidal,a〉錐体下の
infrared,a〉赤外の、赤外線の
infrarenal,a〉腎臓下の
infraspinatus,棘下筋
infraspinous,a〉棘下の
infrasternal,a〉胸骨下の
infratemporal,a〉側頭窩下の
infratrochlear,a〉滑車下の
infraversion,低位
infundibulum,《解》漏斗 (a〉)
infusion,継続注入
ingestion,服用(薬物の)、経口摂取 食物摂取
ingrowth,内成長
inguen,鼠蹊
inguinal,a〉鼠蹊の、鼠蹊部の
inhalant,a〉吸入用の n〉吸入剤
inhalation,吸入、吸引 吸入剤
inhalatorium,吸入室
inhaler,吸引器
inheritance,遺伝
inhibition,抑制、阻害
inhibitor,阻害剤
inhibitory,a〉抑制の、阻害の
inhomogeneous,a〉非一様な
initial,a〉最初の、初期の、初回の、開始の
injection,1_注射、注入 2_注射剤
injector,注射器
injury,損傷、傷害
inlay,《歯》インレー
inner,a〉内の、内部の
innervation,神経分布、神経支配
innidiation,転移増殖
innocent,a〉無害(性)の
innocuous,a〉無害の、(虫が)無毒の
inoculation,接種
inoperable,a〉手術不能の
inorganic,a〉無機の、無機質の
inotropic,a〉変力性の、収縮を影響する<筋肉の>
insane,a〉精神異常の、狂気の
insanitary,a〉非衛生的な
insanity,精神異常
insect,昆虫
insecticidal,a〉殺虫の、殺虫剤の
insecticide,殺虫薬、殺虫剤
insectivorous,a〉食虫(性)の
insemination,授精
insertion,挿入
insidious,a〉潜行性の
insight,示唆、洞察
insignificant,a〉1_意味のない 2_重要でない 3_有意差のない
insipidus,無味の
insomnia,不眠(症)
inspection,1_検査 2_視診(法)
inspiratory,a〉吸気性の
instance,1_実例、場合 2_発議 3_〔精神〕力域
instillator,点眼器
instinct,本能
institute,研究機関、研究所
instrument,器具、器械
instrumental,a〉器具の、器械の
insufficiency,欠乏(症)、不全(症)
insufficient,a〉欠乏の
insufflation,吹送(法)、通気(法)
insula,《解》島 [L]
insular,a〉島の、島性の
insulin,インスリン
insulin producing,a〉インスリン産生の
insulinemia,インスリン血(症)
insulinemic,a〉インスリン血(症)の
insulinization,インスリン療法
insulinoma,インスリン腫
integrative,a〉統合の
integrodifferential,a〉積分微分の
integumental,a〉1_〔動〕外皮の、皮膚の 2_〔植〕珠皮の
intellectual,a〉知的な、知力の、知性のある
intellectuality,知力、聡明、理解力
intellectualization,知性化
intelligibility,1_理解できること、聞き分けられること 2_(言語表現の)明白、明瞭
intemperance,1_不摂制、放縦 2_暴飲、深酒
intemperant,a〉不摂制の
interaction,相合作用
interalveolar,a〉肺胞間の
interatrial,a〉心房間の
interauricular,a〉心房間の
intercalated,a〉介在部の
intercanine,a〉犬歯間の
intercarpal,a〉手根間の
intercavernous,a〉海綿間の
intercellular,a〉細胞間の
intercolumnar,a〉柱間の
intercondylar,a〉顆間の、顆頭間の
intercostal,a〉肋間の、肋骨間の
intercristal,a〉稜間の
intercrural,a〉脚間の
intercuspal,a〉咬頭間の
interdental,a〉歯間の
interdentium,《歯》歯間
interdigital,a〉指間の、趾間の
interdisciplinary,a〉学問分野間の
interfacial,a〉界面の
interference,干渉
interferential,a〉干渉の
interferometer,干渉計
interferometric,a〉干渉測定(法)の、干渉使用(法)の
interferometry,干渉測定(法)、干渉使用(法)
interferon,インターフェロン
interfollicular,a〉濾胞間の
interglobular,a〉球間の
intergluteal,a〉殿間の
intergrowth,《理化》連晶
interior,a〉内部の
interlobar,a〉葉間の
interlobular,a〉小葉間の
intermammary,a〉乳房間の
intermaxillary,a〉顎間の
intermediary,a〉中間の
intermediate,a〉中間の n〉中間産物、中間体
intermenstrual,a〉月経間の
intermetallic,a〉金属間の
intermetatarsal,a〉中足間の
intermission,中止、中断、中絶、間欠期
intermittence,間欠、間欠状態
intermittent,a〉間欠(性)の、間欠的な
intermolecular,a〉分子間の
intermuscular,a〉筋間の
intern,実習生、インターン
internal,a〉内の、内部の
internist,内科医
internuclear,a〉核間の
interocclusal,a〉咬合面間の
interocular,a〉眼間の
interosseous,a〉骨間の
interosseous,a〉骨間の
interosseal,a〉骨間の
interpalpebral,a〉眼瞼間の
interparietal,a〉頭頂間の
interpeduncular,a〉大脳橋間の、橋間の
interphalangeal,a〉指節間の、趾節間の
interphase,中間期
interplanetary,a〉惑星間の
interplay,1_出来事、小事件<挿話的> 2_相互作用、相互反応
interposition,1_介入[物] 2_中間挿入[物] 3_間置(術)
interpotential,a〉棘波間の
interprismatic,a〉小柱間の
interproximal,a〉隣接歯間の
interpubic,a〉恥骨間の
interpupillary,a〉瞳孔間の
interradial,a〉放射状の間にある、放射線間の
interradicular,a〉根間の
interrenal,a〉腎間の
intersegmental,a〉体節間の、脊髄節間の
interspace,間腔
interspinal,a〉棘間の
interspinous,a〉棘間の
interstitial,a〉間質(性)の、介在性の
interstitium,間質
intersubject,a〉被験者間の
intersystole,中間収縮期
intertarsal,a〉足根間の
interthalamic,a〉視床間の
intertragic,a〉珠間の
intertrochanteric,a〉転子間の
intertubercular,a〉結節間の
intertubular,a〉(象牙細管の)管間の
interureteric,a〉尿管間の
intervaginal,a〉鞘間の
interval,1_間隔<時間の> 2_間隔<空間の>
intervalvular,a〉弁間の、弁膜間の
intervarietal,a〉〔遺伝〕品種間の
intervascular,a〉脈管間の
intervention,1_介入 2_処置、インターベンション
interventricular,a〉心室間の
intervertebral,a〉脊椎間の、椎骨間の、椎間の
intervillous,a〉絨毛間の
intestinal,a〉腸の、腸管の、腸内の
intestine,《解》腸
intima,内膜
intimin,インチミン
intimitis,血管内膜炎
intolerable,a〉不耐性の
intolerance,不耐性
intonation,抑揚、イントネーション
intorsion,内方捻転、内転
intoxication,中毒
intra abdominal,a〉腹内の、腹腔内の
intra acinous,a〉小葉内の、細葉内の
intra alveolar,a〉1_肺胞内の 2_《歯》歯槽内の
intra amniotic,a〉羊膜内の
intra arterial,a〉動脈内の
intra articular,a〉関節内の
intra atomic,a〉原子内の
intra atrial,a〉心房内の
intrabiventral,a〉二腹小葉内の
intrabony,a〉骨内の
intrabronchial,a〉気管支内の
intracanal,a〉1_管内の 2_《歯》根管内の
intracanalicular,a〉管内(性)の
intracardiac,a〉心臓内の
intracarotid,a〉頚動脈内の
intracavitary,a〉腔内の
intracellular,a〉細胞内の
intracerebellar,a〉小脳内の
intracerebral,a〉脳内の
intracervical,a〉頚内の
intracisternal,a〉槽内の
intraclass,a〉クラス内の
intracochlear,a〉蝸牛内の
intracoelomic(al),a〉体腔内の
intracoronal,a〉歯冠内の
intracranial,a〉頭蓋内の
intracrevicular,a〉歯肉溝内の
intractable,a〉難治(性)の
intracutaneous,a〉皮膚内の、皮内の
intracyclic,a〉環内の
intracytoplasmic,a〉細胞質内の
intradermal,a〉真皮内の
intradiscal,a〉椎間板内の
intraductal,a〉導管内の、管内の
intraduodenal,a〉十二指腸内の
intradural,a〉硬膜内の
intraembryonic,a〉胚内の
intraepithelial,a〉上皮内の
intraexaminer,a〉検者内の
intrafallopian,a〉卵管内の
intrafascicular,a〉束内の
intrafat,a〉脂肪内の
intrafilar,a〉網状体内の
intrafissural,a〉脳溝内の
intrafistular,a〉瘻孔内の
intrafollicular,a〉濾胞内の
intrafusal,a〉筋紡錐内の
intragastric,a〉胃内の
intragemmal,a〉味蕾内の
intragenic,a〉遺伝子内の
intraglandular,a〉腺内の
intraglobular,a〉球内の
intragluteal,a〉臀筋内の
intragroupal,a〉集団内の
intragyral,a〉脳回内
intrahepatic,a〉肝内の、肝臓内の
intrajugular,a〉頚静脈孔内の
intralamellar,a〉層内の
intralaminar,a〉板内の
intralaryngeal,a〉喉頭内の
intralenticular,a〉水晶体内の
intralesional,a〉病変内の、病巣内の
intraleukocytic,a〉白血球内の
intraligamentary,a〉靭帯内
intraligamentous,a〉靭帯内
intralingual,a〉舌内の
intralobar,a〉葉内の
intralobular,a〉小葉内の
intraluminal,a〉腔内の
intramammary,a〉乳腺内の、乳房内の
intramarginal,a〉辺縁内の
intramatrical,a〉基質内の
intramedullary,a〉髄内の
intramembranous,a〉膜内の
intrameningeal,a〉髄膜内の
intramucosal,a〉粘膜内の
intramural,a〉壁内の; 院内の
intramuscular,a〉筋内の
intramyocardial,a〉心筋内の
intranarial,a〉鼻孔内の
intranasal,a〉鼻内の
intraneural,a〉神経内の
intranuclear,a〉核内の
intranucleolar,a〉核小体内の
intraocular,a〉眼内の、眼球内の
intraoperative,a〉術中の
intraoral,a〉口内の、口腔内の
intraorbital,a〉眼窩内の
intraosseous,a.骨内の
intraosteal,a〉骨内の
intraovarian,a〉卵巣内の
intraparenchymal,a〉実質内の
intrapartum,a〉分娩時の、分娩中の
intraperitoneal,a〉腹腔内の
intraplacental,a〉胎盤内の
intrapleural,a〉胸腔内の
intrapulmonary,a〉肺内の
intrarectal,a〉直腸内の
intrarenal,a〉腎内の
intraretinal,a〉網膜内の
intraspinal,a〉脊髄内の、髄腔内の、脊柱管内の
intrasplenic,a〉脾臓内の
intrasternal,a〉胸骨内の
intrastromal,a〉間質内の
intratendinous,a〉腱間の
intratesticular,a〉精巣内の、睾丸内の
intrathecal,a〉1_硬腔内の 2_腱鞘内の 3_髄腔内の
intrathoracic,a〉胸腔内の
intratonsillar,a〉扁桃内の
intratracheal,a〉気管内の
intratubal,a〉1_卵管内の 2_耳管内の
intraureteral,a〉尿管内の
intraurethral,a〉尿道内の
intrauterine,a〉子宮内の、胎内の
intravaginal,a〉膣内の
intravarian,a〉卵巣内の
intravascular,a〉血管内の、脈管内の
intravenation,静脈内注入
intravenous,a〉静脈内の
intraventricular,a〉心室内の、脳室内の
intravertebral,a〉脊椎内の
intravesical,a〉膀胱内の
intravital,a〉生存内の
intravitreal,a〉水晶体内の
intrinsic,a〉内在性の、内因性の
introduction,1_紹介 2_前書き、緒言
intromittent,a〉挿入の、送入の
introversion,内翻
intubation,挿管
intubator,挿管器
intuition,直覚、直観
intuitional,a〉直覚の、直観の
intumescence,膨大、膨大性、膨張
intumescent,a〉膨大(性)の
intumescentia,膨大
invalid,a〉病身の、病弱な
invariant,a〉不変の n〉1_<[数]>不変系、不変式、不変量 2_《理化》不変量
invasive,a〉侵襲性の
inversion,1_逆位、内反(症) 2_〔遺伝〕逆位 3_<[心]>性対象倒錯 4_《理化》反転; (結晶の)転移; 5.〔動〕逆立
invertebrate,a〉無脊椎動物の n〉無脊椎動物
inverted,a〉1_逆の、倒立の 2_逆性の、陥没した
inverting,a〉内翻の
investigation,1_調査 2_研究
investing,a〉《歯》包埋の
investment,《歯》埋没
inviable,a〉生存不能の
involuntary,a〉1_不随意の 2_無意識の
involution,
iodate,ヨウ素酸塩
iodide,ヨウ化塩
iodimetry,ヨウ素酸化滴定
iodination,ヨウ素化
iodine,ヨウ素
ion,イオン
ionic,a〉イオンの
ionization,イオン化、電離
iontophoresis,イオン導入(法)
ipsefact,自己環境
ipsilateral,a〉同側(性)の
iralgia,虹彩痛
iridal,a〉虹彩の、虹様の
iridic,a〉虹彩の、虹様の
iridalgia,虹彩痛
iridectome,虹彩切除刀、虹彩刀
iridectomy,虹彩切除(術)
iridectropium,虹彩外反(症)
iridemia,虹彩出血
iridentropium,虹彩内反(症)
irideremia,無虹彩(症)、虹彩欠損(症)
iridescence,虹色、真珠光
iridescent,a〉虹色の、真珠光の
iridesis,虹彩結合(術)
iridization,虹視(症)
iridoavulsion,虹彩裂離
iridocele,虹彩嚢胞
iridochoroiditis,虹彩脈絡膜炎
iridocorneal,a〉虹彩角膜の
iridocyclitis,虹彩毛様体炎
iridodiagnosis,虹彩診断
iridodilator,散瞳筋 散瞳薬*
iridokeratitis,虹彩角膜炎
iridopathy,虹彩症
iridotomy,虹彩切開(術)
iris,虹彩
iritis,虹彩炎
iron,鉄、鉄分
irradiation,Ｘ線照射、照射
irreducible,a〉整復不能の
irregular,a〉不規則な
irreversible,a〉非可逆(性)の
irrigation,灌注(法)、洗浄
irrigative,a〉灌注(法)の
irrigator,灌注器、洗浄器、イリゲータ
irritability,被刺激性
irritation,1_過敏(症) 2_刺激、刺激作用、刺激効果
ischemia,虚血、乏血
ischemic,a〉虚血(性)の、乏血(性)の
ischial,a〉坐骨の
ischiofemoral,a〉坐骨大腿骨靭帯の
ischiopubic,a〉坐骨恥骨の
ischiorectal,a〉坐骨直腸の
ischium,《解》坐骨 [L]
islet,島
isochromia,等色性、無色性、整色性
isochromosome,イソ染色体
isochronism,同時値性
isogeneic,a〉1_同系の、同種の 2_同遺伝子型の
isogenic,a〉1_同系の、同種の 2_同遺伝子型の
isolation,隔離
isomer,異性体
isomerase,異性化酵素、イソメラーゼ
isomerism,異性
isometric,a〉等長(性)の、等尺(性)の
isomorphism,同形
isoserum,同種免疫血清
isostatic,均衡の
isothermal,a〉等温線の、等温曲線の
isothiocyanate,イソチオシアン酸
isotonia,等張(性)
isotonic,a〉等張(性)の
isotonicity,等浸透圧
isotope,同位体、同位元素
isotransplantation,同系移植
isthmus,《解》峡(部)
iteration,反復
jaundice,黄疸
jaw,顎 あご 、顎骨
jawbone,顎骨
jejunal,a〉空腸の
jejunitis,空腸炎
jejunogastric,a〉胃空腸の
jejunoileitis,空回腸炎
jejunoileostomy,空回腸吻合(術)
jejunoileum,空回腸
jejunojejunostomy,空腸間吻合(術)
jejunorrhaphy,空腸縫合(術)
jejunostomy,空腸造瘻(術)
jejunum,《解》空腸
jerk,1_単収縮 2_反射
jerky,a〉律動の
joint,関節
journal,ジャーナル
jugal,a〉1_軛状の 軛=くびき  2_頬骨の
jugular,a〉頚の、頚部の、頚静脈の
jugulation,病状制止
jugulogastric,a〉頚静脈二腹筋の
jugum,1_隆起、突起、軛 くびき  2_構造物間の辺縁
juice,液
junction,1_接合、接合部、連合、連接 2_移行部
junctional,a〉接合の、接合部の、結合部の
juvenile,a〉若年性の
juxta articular,a〉関節近接の
juxta oral,a〉口腔傍の
juxtacortical,a〉傍骨性の、皮質近接(部)の
juxtaductal,a〉傍動脈管の
juxtaglomerular,a〉傍糸球体の、糸球体近接(部)の
juxtamedullary,a〉傍髄質の、髄質近接(部)の<腎臓の>
juxtaposition,近位、並置、並列
juxtapyloric,a〉幽門近接の
juxtavascular,a〉血管近接の、脈管近接の
kalemia,カリウム血症
kaliopenia,カリウム欠乏(症)
karyocyte,1_有核細胞 2_正常赤血球母細胞
karyokinesis,1_核動 2_間接核分裂
karyologic,a〉核学の、核学的な
karyology,核学
karyolysis,核溶解
karyolytic,a〉核融解の
karyometric,a〉核測定(法)の
karyometry,核測定(法)
karyopyknosis,核濃縮、核凝縮
karyopyknotic,a〉核濃縮の、核凝縮の
karyorrhexis,核崩壊
karyotheca,核膜
keloid,ケロイド
keratalgia,角膜痛
keratectasia,角膜拡張(症)、角膜突出
keratectomy,角膜切除(術)
keratic,a〉1_角質の、ケラチンの 2_角膜の
keratin,角質、ケラチン
keratinization,角化
keratinized,a〉角化の
keratinocyte,角化細胞
keratitis,角膜炎
keratoacanthoma,角化棘細胞腫
keratocentesis,角膜穿刺
keratoconjunctival,a〉角膜結膜の、角結膜の
keratoconjunctivitis,角膜結膜炎
keratoconus,円錐角膜
keratocyst,角化性嚢胞
keratocyte,角膜実質細胞
keratoderma,角皮症
keratoglobus,球状角膜
keratoma,角化腫
keratometer,角膜曲率計
keratoscleritis,角膜強膜炎
keratoscope,角膜鏡、ケラトスコープ
keratoscopy,角膜鏡検査(法)、検影法
keratosis,角化症
kernicterus,核黄疸
ketogenic,a〉ケトン産生の
ketolysis,ケトン分解
ketone,ケトン
ketonemia,ケトン血症
ketonuria,ケトン尿症
kidney,腎、腎臓
kidney shaped,a〉腎形の
kilogram,キログラム
kilometer,キロメートル
kilovolt,キロボルト
kinematic,a〉運動学的な、運動学上の
kinematics,運動力学
kineplastic,a〉動形成の
kinesalgia,筋運動痛
kinesiology,運動学、キネシオロジー
kinesthesia,運動感覚
kinesthesis,運動感覚
kinesthesiometer,運動感覚計、筋覚計
kinetic,a〉動態の
kinetics,1_運動学、動力学 2_《理化》速度論
kinetism,筋運動力
kingdom,〜界<生物学名>
kinocilium,運動線毛、運動毛
kinocilia,運動線毛、運動毛
kleptomania,盗癖、窃盗狂
kleptomaniac,a〉盗癖の
knee,膝
knob,ノブ
knock knee,外反膝
koilocyte,空胞細胞、コイロサイト
koilocytosis,空胞細胞症、コイロサイトーシス
koilosternia,漏斗胸
konimeter,粉塵計
kraurosis,萎縮症
kyphoplasty,椎骨形成術
kyphoscoliosis,脊椎後側彎症
kyphosis,脊椎後彎症、後彎症、亀背
kyphotic,a〉脊椎後彎症の、後彎症の
labia,labiumの複数形
labial,a〉口唇の、唇状の、唇側の、唇側面の
labiate,a〉唇状の
labile,a〉不安定の、変わりやすい; 移動しやすい
lability,不安定性
labioalveolar,a〉口唇歯槽の
labiobuccal,a〉口唇頬の
labiocervical,a〉唇面歯頚(部)の、歯頚唇側の
labiochorea,口唇舞踏病
labiogingival,a〉口唇歯肉の、唇歯肉の
labioglossopharyngeal,a〉口唇舌咽頭の
labiolingual,a〉唇舌の
labiopalatine,a〉唇口蓋の
labioplasty,唇形成(術)
labioversion,唇側転位
labium,陰唇
labor,分娩
laboratory,実験室
labyrinth,《解》迷路 [L]
labyrinthal,a〉迷路性の、内耳の
labyrinthian,a〉迷路性の、内耳の
labyrinthic,a〉迷路性の、内耳の
labyrinthine,a〉迷路性の、内耳の
labyrinthus,《解》迷路
laceration,裂傷、裂創
lack,不足、欠乏、欠如
lacrimal,a〉涙の、涙腺の、涙管の
lacrimomaxillary,a〉涙骨上顎の
lactate,乳酸塩
lactation,授乳
lacteal,a〉乳腺の、乳汁の
lactic,a〉乳汁の、乳酸の
lactiferous,乳汁運搬性の、乳汁分泌性の
lactobacillus,乳酸桿菌
lactocele,乳瘤
lactogenesis,催乳
lactogenic,a〉催乳(性)の
lactogogue,催乳薬、催乳物質
lactometer,乳比重計
lactose,乳糖
lactotherapy,牛乳療法
lacuna,1_小窩、裂孔 2_骨小腔 3_欠損、欠陥、空所
lacunar,a〉小窩(性)の
lacunule,細窩
lacus,湖
ladle,大さじ
lambdoidal,a〉ラムダ状
lamella,葉
lamellar,a〉層状の、葉状の
lamina,層
laminar,a〉層の、層状の
laminated,a〉層状の、薄層状の
lamination,薄層化
laminography,断層撮影(法)
laminoplasty,椎弓形成(術)
lamp,灯
landform,〔地理学〕地形
language,言語
laparocele,腹部ヘルニア
laparohysterectomy,腹式子宮摘出(術)
laparohysterotomy,腹式子宮切開(術)
laparoscope,腹腔鏡
laparoscopic,a〉腹腔鏡の、腹腔鏡検査(法)の
laparoscopy,腹腔鏡検査(法)
laparotomy,開腹(術)
lardaceous,a〉豚脂の
large,a〉大きな
larva,幼虫、蛹 さなぎ
larval,a〉1_幼虫の 2_仮性の
laryngalgia,喉頭痛
laryngeal,a〉喉頭の
laryngectomee,喉頭切除患者
laryngectomy,喉頭切除(術)、喉頭摘出(術)
laryngismus,喉頭痙攣、声門痙攣
laryngitis,喉頭炎
laryngocele,喉頭瘤、喉頭嚢腫
laryngocentesis,喉頭穿刺
laryngofissure,1_喉頭切開 2_喉頭漏
laryngography,喉頭撮影(法)、喉頭造影(法)
laryngologic(al),a〉喉頭科学の、喉頭科学的な
laryngologist,喉頭科医
laryngology,喉頭科学
laryngopharyngeal,a〉喉頭咽頭の
laryngopharyngectomy,喉頭咽頭切除(術)
laryngopharyngitis,喉頭咽頭炎
laryngopharynx,喉頭咽頭(部)
laryngophony,喉頭聴診音
laryngophthiasis,喉頭結核
laryngoplasty,喉頭形成(術)
laryngoplegia,喉頭麻痺
laryngoptosis,喉頭下垂(症)
laryngorrhagia,喉頭出血
laryngoscope,喉頭鏡
laryngoscopy,喉頭検査(法)
laryngospasm,喉頭痙攣、声門痙攣
laryngostat,喉頭部ラジウム保持器
laryngostenosis,喉頭狭窄(症)
laryngostomy,喉頭開口(術)、喉頭造瘻(術)
laryngotome,喉頭切開刀
laryngotomy,喉頭切開(術)
laryngotracheal,a〉喉頭気管の
laryngotracheitis,喉頭気管炎
laryngotracheoscopy,喉頭気管検査(法)
laryngotracheotomy,喉頭気管切開(術)
larynx,《解》喉頭
latent,a〉潜伏(性)の、潜在性の
lateral,a〉側方の、外側の
lateroversion,側方転位
latex,ラテックス
lattice,格子
lavage,洗浄、灌流
law,1_法律 2_法則
lawrencium,<[元素]>ローレンシウム
laxity,1_弛緩(症) 2_粗雑 3_軟便、下痢
leaching,浸出
lead,<[元素]>鉛
leakage,《歯》漏洩
learning,学習
lecture,講義
left,a〉左の、左方の
leg,脚、下腿、下肢
leiomyofibroma,平滑筋線維腫
leiomyoma,平滑筋腫
leiomyomatosis,平滑筋腫症
leiomyomectomy,平滑筋切除(術)
leiomyosarcoma,平滑筋肉腫
lemniscal,a〉毛帯の
lemniscus,《解》毛帯
length,長さ
lengthening,延長(術)
lens,水晶体 [L]a〉〈=レンズ〉
lenticular,a〉水晶体の
lentiginosis,多発性黒子症
lentigo,黒子 ほくろ 、雀斑 そばかす 、しみ
lentis,水晶体の
leprosy,癩病、ハンセン病
leprotic,a〉癩病の、ハンセン病の
leprous,a〉癩病の、ハンセン病の
leptocephaly,狭小頭蓋症、狭頭症
leptocephalia,狭小頭蓋症、狭頭症
leptocyte,標的赤血球
leptocytosis,標的赤血球増加(症)
leptomeningeal,a〉軟膜の、軟髄膜の
leptomeningitis,軟膜炎
leptomeningitides,軟膜炎
leptomeninx,軟膜、軟髄膜
leptopellic,a〉狭骨盤の
leptophonia,音声微弱、弱声症
leptospira,〔菌 学名〕レプトスピラ属
leptospirosis,レプトスピラ症 〈interrogansによる感染症〉
leptoprosopia,長顔症
leptorrhine,a〉狭い鼻の、細い鼻の
leptostaphyline,a〉狭高口蓋の
lesion,病変
lesser,a〉小〜
lethal,a〉致死(性)の、致死的な
lethargic,a〉1_嗜眠性の、嗜眠症の、嗜眠状態の 2_無気力の、不活発な 3_鈍感な
lethargy,嗜眠
leuconychia,爪甲白斑(症)
leukemia,白血病
leukemic,a〉白血病性の
leukemogen,白血病誘発物質
leukemogenesis,白血病誘発
leukemogenic,a〉白血病誘発性の
leukoagglutinin,白血球凝集素
leukocoria,白色瞳孔
leukocyte,白血球
leukocytopenia,白血球減少(症)
leukocytoplania,白血球遊出
leukocytopoiesis,白血球産生、白血球生成
leukocytosis,白血球増加(症)
leukocytotactic,a〉白血球遊走性の
leukocytotaxis,白血球遊走性
leukoedema,白色浮腫
leukoencephalopathy,白質脳症
leukogram,白血球像
leukomalacia,白質軟化(症)
leukomyelitis,白質脊髄炎、脊髄白質炎
leukonychia,爪甲白斑(症)
leukopedesis,白血球漏出
leukopenia,白血球減少(症)
leukopenic,a〉白血球減少(症)の
leukoplakia,白板症
leukorrhea,白帯下、帯下=たいげ
leukoscope,ロイコスコープ
leukosis,白血症
leukostasis,白血球停滞
leukotactic,a〉白血球遊走性の
leukotaxia,白血球遊走性
levator,《解》挙筋
level,濃度
lever,てこ、レバー
leverage,1_てこの作用 2_てこの装置
levorotation,左旋性
levorotatory,a〉左旋(性)の、反時計回転の
liberation,1_放出 2_《理化》遊離
libido,1_性欲、愛欲 2_<[精神分析]>リビド
lichen,苔癬
lichenoid,a〉苔癬様の、苔癬の
licorice,甘草 かんぞう
life,1_生命 2_生活 3_一生、寿命
life prolonging,a〉延命の
life threatening,a〉命にかかわる、生命を脅かす
lifetime,一生、生涯、終生、寿命
ligament,《解》靭帯
ligamental,a〉靭帯の
ligamentous,a〉靭帯の
ligation,結紮(法)
ligature,結紮糸
light,光り
lightheadedness,1_めまい 2_軽率
lighting,採光
limb,手足の１つ
limbic,a〉1_縁の 2_辺縁系の
limbless,a〉手足のない
limbus,《解》縁 [L]
liminal,a〉閾値の
limit,制限
limitation,制限、限度
limp,跛行 はこう
line,線
linea,線
linear,a〉線形の、直線の
lingua,《解》舌 [L]
lingual,a〉1_舌の 2_舌側の
lingualar,a〉小舌の
linguiform,a〉舌状の
linguistic,a〉言語学の
linguistics,言語学
lingula,小舌
linguogingival,a〉舌側歯肉の
linguomandibular,a〉舌下顎の
lining,1_被覆、裏装 2_《歯》裏装
link,リンク、連結
linkage,1_連合、連鎖、結合 2_連鎖<遺伝子の> 3_《理化》結合<原子の>
lip,唇
lipase,リパーゼ、脂肪分解酵素
lipemia,脂血症、脂肪血症
lipemic,a〉脂血症の、脂肪血症の
lipid,脂質
lipoblast,脂肪芽細胞
lipoblastoma,脂肪芽細胞腫
lipocatabolic,a〉脂肪分解の
lipocyte,脂肪細胞
lipofibroma,脂肪線維腫
lipofibromyxoma,脂肪線維粘液腫
lipogenesis,脂質生合成、脂肪生成、脂肪産生
lipogenic,a〉脂肪原性の
lipogenous,a〉1_脂肪性の、脂肪産生の 2_肥満を起こす
lipogranuloma,脂肪肉芽腫
lipogranulomatosis,脂肪肉芽腫症
lipoid,類脂質
lipodemia,類脂血症
lipoidosis,類脂症
lipolysis,脂肪分解
lipolytic,a〉脂肪分解の
lipoma,脂肪腫
lipomatosis,脂肪腫症
lipomeningocele,脂肪髄膜瘤
lipoperoxide,過酸化脂質
lipophage,脂肪食細胞
lipophilia,脂肪親和性
lipophilic,脂肪親和性
lipoprotein,リポ蛋白質
liposarcoma,脂肪肉腫
liposoluble,a〉脂溶性の
liposuction,脂肪吸引
lipotrophic,a〉脂肪増多(症)の、体内脂肪増加の
lipotrophy,脂肪増多(症)
lipotropic,a〉脂肪親和性の、脂肪向性の
lipoxenous,a〉宿主離脱の
lipoxeny,宿主離脱
liquid,液体
liquorice,甘草 かんぞう
liquorrhea,髄液漏
lissencephaly,滑脳(症)
lissencephalia,滑脳(症)
lissotrichia,直毛(症)
lithic,a〉結石の
lithogenesis,結石形成
lithogenic,a〉結石形成の
lithogenous,a〉結石形成の
lithogeny,結石形成
litholapaxy,抽石術
lithonephritis,結石性腎炎
lithopedion,石胎
lithotroph,無機栄養生物
lithotrophic,a〉無機栄養の
lithous,a〉結石の
litigation,訴訟
livedo,青色皮斑
liver,肝、肝臓
load,負荷
loading,負荷
lobar,a〉大葉(性)の
lobate,a〉葉状の
lobe,葉
lobular,a〉小葉(性)の、分葉(性)の
lobulated,a〉分葉の
lobulation,分葉、分葉構造、分葉化、分葉形成
lobule,小葉
lobulus,小葉
local,a〉1_地方の 2_局所の、局部の
localization,局在
localized,a〉局在性の、限局性の
location,局在、所在、位置
lockjaw,破傷風、開口障害
locomotive,a〉移動性の、運動性の
locomotor,a〉運動の、移動の
locus,座
logagnosis,失読症
logarithm,<[数]>対数
logasthenia,言語盲
logic,論理、論理学
logical,a〉論理的な、分析的な
logoclonia,言語間代(症)、語間代(症)
logopaedist,言語治療士、言語医学者
logopathy,言語障害
logopedist,言語治療士、言語医学者
logophasia,構音障害
logorrhea,言葉漏れ
logospasm,痙攣性発語症
long chain,a〉長鎖の
long term,a〉長期の
loop,1_環、ループ 2_《解》係蹄
lordoscoliosis,脊椎前側彎症
lordosis,脊椎前彎症
lordotic,a〉脊椎前彎症の、前彎症の
loss,1_消失、喪失、損失 2_《理化》減量
low power,a〉低倍の
low salt,a〉低塩の
lower,a〉1_下方の 2_下級の 3_《歯》下顎の
lubricant,潤滑剤
lubrication,潤滑
lucency,光輝、光沢
lucent,a〉1_輝く 2_透明な
lucid,a〉1_輝く、透明な、清澄な、光沢のある 2_清明の<意識の>
lucidity,光輝、透明、清澄、光沢
lues,1_梅毒(syphilis) 2_疫病、ペスト
luetic,a〉1_梅毒の 2_疫病の、ペストの
lukewarm,a〉微温の
lumbago,腰痛(症)
lumbar,a〉腰の、腰椎の、腰部の
lumbocostal,a〉腰肋の
lumbosacral,a〉腰仙[骨]の
lumbrical,a〉虫様筋の
luminal,a〉内腔の
luminescence,発光、無熱光、蛍光、輝度、ルミネセンス
luminescent,a〉発光の、無熱光の、蛍光を発する、ルミネセンスの
lung,肺、肺臓
lunogracile,a〉薄月状の
lupus,狼瘡、ループス
luteal,a〉黄体の
luteinization,黄体形成、黄体化
luteinizing,a〉黄体形成の
luteolysis,黄体退縮
luteotropism,黄体刺激
luteotropic,黄体刺激
luteum,黄色の [Ｌ属格]
luting,a〉《歯》合着用の
luxation,脱臼
lymph,リンパ
lymphadenitis,リンパ節炎
lymphadenoma,リンパ節腫
lymphadenopathy,リンパ節障害、リンパ節症
lymphangiogenesis,リンパ管新生、リンパ管形成
lymphangioma,リンパ管腫
lymphangitis,リンパ管炎
lymphapheresis,リンパ球除去
lymphatic,a〉リンパの、リンパ液の、リンパ性の n〉リンパ管
lymphatitis,リンパ組織炎
lymphedema,リンパ水腫
lymphoblastic,a〉リンパ芽球性の
lymphoblastoid,a〉リンパ芽球様の
lymphocyte,リンパ球
lymphocytic,a〉リンパ球の
lymphocytopenia,リンパ球減少(症)
lymphocytosis,リンパ球増加(症)
lymphocytotoxin,リンパ球毒素、リンホトキシン
lymphoduct,リンパ管
lymphoepithelial,a〉リンパ上皮性の
lymphoepithelioma,リンパ上皮腫
lymphogranulomatosis,リンパ肉芽腫症
lymphoid,a〉リンパ系の、リンパ球様の
lymphoma,リンパ腫
lymphoplasmacytic,a〉リンパ球形質細胞(性)の
lymphoproliferation,リンパ球増殖
lymphosarcoma,リンパ肉腫
lymphotaxis,リンパ球走性
lymphotoxin,リンパ球毒素、リンホトキシン
lymphotrophic,a〉リンパ親和性の
lymphuria,リンパ尿症
lyogenic,a〉溶原(性)の
lyophile,a〉乳濁性の、親液性の
lyophilization,1_親液性化 2_凍結乾燥
lysate,溶解産物
lysine,リシン
lysis,溶解、溶菌
lysogen,a〉溶原
lysogenic,a〉溶原
lysogenization,溶原化
,a〉リソソーム=ライソソームの
lysosome,リソソーム、ライソソーム
lysosomal,リソソーム、ライソソーム
lysozyme,リゾチーム
macrocheilia,巨唇(症)
macrochilia,巨唇(症)
macrocythemia,大赤血球症
macrodactylia,大指(症)
macrodontia,《歯》巨大歯
macrogenitosomia,早発性大性器症
macroglobulinemia,マクログロブリン血症
macroglossia,大舌(症)、巨大舌
macrognathia,大顎(症)
macromelia,巨肢(症)
macromolecular,a〉高分子
macromolecule,高分子
macronucleus,大核
macronychia,巨爪(症)
macrophage,大食細胞、マクロファージ
macropsia,大視(症)、巨視(症)
macropyuria,肉眼的膿尿
macroscopic,a〉肉眼的な
macrosomia,巨人症
macrostomia,巨口(症)
macula,1_しみ、斑点 2_痣 あざ  3_角膜斑 4_黄斑<網膜の>
macular,a〉1_しみ･斑点の 2_痣の あざ  3_角膜斑の 4_黄斑の
maculate,a〉斑点のある、不潔な
macule,斑
maculocerebral,a〉黄斑大脳の
maculopapular,a〉斑丘疹状の
maculopathy,1_黄斑症 2_黄斑障害
mad,a〉狂気の
madarosis,睫毛欠損
magnetic,a〉磁性の
magnetism,磁気、磁気学
magnetization,《理化》磁化
magnetocardiogram,心磁図
magnetochemistry,磁気化学
magnetosphere,磁気圏
magnetotherapy,磁気療法
magnification,拡大
magnocellular,a〉大細胞部の
major,a〉大の、主な、主要な
mal,病気、疾患、痛み [F]
malabsorption,吸収不良、吸収障害
malacia,軟化(症)
malactic,軟化薬
maladjustment,不適応
malar,a〉頬骨の、頬部の
malaria,マラリア
malarial,a〉マラリアの
maldigestion,消化不良
male,男性、雄
malformation,奇形
malignancy,1_悪性 2_悪性腫瘍
malignant,a〉悪性の
malleolar,a〉踝の くるぶし
mallet,槌 つち
malleus,《解》ツチ骨
malnutrition,栄養失調、栄養不良
malnutritional,a〉栄養失調の、栄養不良の、栄養障害の
malocclusion,不正咬合、咬合異常
malodor,悪臭
malposed,a〉位置異常の
malposition,1_不良肢位 2_位置異常
malpractice,医療過誤、診療過誤、医療事故
malpresentation,胎位異常
malreduction,不全整復
malrotation,回転異常<腸管の>
mamelon,《解》切縁結節
mamma,乳房
mammalgia,乳房痛
mammary,a〉乳房の、乳腺の
mammogram,乳房造影図、乳房Ｘ線像
mammography,乳房造影(法)、乳房Ｘ線撮影(法)
mammoplasia,乳房発育
mammotomy,乳房切開(術)
mammotropic,a〉乳房刺激(性)の
man,1_男、男性 2_ヒト
management,処置
mandible,下顎、下顎骨
mandibular,a〉下顎の、下顎骨の
mandibulectomy,下顎骨切除(術)
mandibulofacial,a〉下顎顔面の
mania,躁病
manic,a〉躁病の
manic depressive,a〉躁鬱病の
manipulation,操作
manubriosternal,a〉胸骨柄結合の
manus,手
map,地図
mapping,マッピング
marasmus,消耗症
marble,大理石
margin,辺縁、境界
marginal,a〉辺縁の、周辺の 境界の
margination,辺縁化
margo,縁
marine,a〉海の、海洋の
mark,記号、符号、マーク
marker,標識、マーカー
marriage,結婚、婚姻
marrow,髄
marsupialization,造袋(術)
massage,マッサージ
masseteric,a〉咬筋の
mastalgia,乳房痛
mastectomy,乳房切除(術)
mastication,咀嚼
masticatory,a〉咀嚼の
mastitis,乳腺炎
mastocyte,肥満細胞
mastocytoma,肥満細胞腫
mastocytosis,肥満細胞症
mastoid,a〉1_乳頭状の 2_乳突の、乳様突起の
mastoidalgia,乳突痛、乳様突起痛
mastoidectomy,乳突開放(術)、乳突蜂巣切除(術)
mastoiditis,乳突炎、乳様突起炎
mastopathy,乳腺症
mastopexy,乳房固定(術)
mastoptosis,乳房下垂(症)
mastotomy,乳房切開(術)
material,材料
maternal,a〉母の、母性の、母系の、母方の
maternity,母性、母性愛
mathematics,数学
matrix,1_基質、マトリックス 2_《歯》隔壁 3_<[数]>行列
matter,物質
maturation,1_成熟 2_《理化》熟成
maxilla,《解》上顎骨、上顎†
maxillary,a〉上顎の、上顎骨の
maxillectomy,上顎骨切除(術)
maxillitis,上顎炎
maxillodental,a〉上顎歯の
maxillofacial,a〉上顎顔面の、顎顔面の
maximal,a〉最大の、最大限の、最高の、極大の
maximum,最大、最大限、最高点
measurement,測定、計測、計量
meatal,a〉(外耳)孔の、(外耳)道の
mechanic(al),a〉機械的な、人工の; 力学的な
mechanics,力学
mechanism,機序、機構
meconium,胎便
medial,a〉内側の
median,a〉正中の
mediastinal,a〉縦隔の
mediastinitis,縦隔炎
mediastinopericarditis,縦隔心膜炎
mediastinum,縦隔
medical,a〉1_医学の、医学的な 2_医療の、医事の 3_薬物の
medicament,医薬品、薬物、薬剤
medication,1_薬物療法、投薬(法) 2_薬物
medicinal,a〉医薬の、医薬品の、薬物の
medicine,1_医学、医科学、医療 2_医薬品
medicolegal,a〉法医学[的]の
mediocarpal,a〉手根骨間関節の
medioccipital,a〉後頭中央の、後頭中点の
mediodens,《歯》正中歯
mediodorsal,a〉中央背側の、背側中央の
mediolateral,a〉中央外側の
medionecrosis,中膜壊死
mediopubic,a〉恥骨正中の
mediotarsal,a〉足根骨間関節の、足根骨中央の
medium,培地
medulla,髄質
medullary,a〉1_髄の、髄質の 2_髄様の
medullization,骨髄化
medulloadrenal,a〉副腎髄質の
medulloblast,髄芽細胞
medulloblastoma,髄芽細胞腫
medulloencephalitis,髄質脳炎
medulloepithelioma,髄様上皮腫
medullopontine,a〉延髄橋の
megacolon,巨大結腸
megacystis,巨大膀胱
megakaryocyte,巨核球
megakaryocytosis,巨核球症
megaloblast,巨赤芽球
megaloblastosis,巨赤芽球症
megalocardia,巨心症
megalocystis,巨大膀胱
megalodactyly,巨指症
megalodactylia,巨指症
megalodactylism,巨指症
megaloglossia,巨大舌、大舌(症)
megalokaryoblast,巨核芽球
megalomania,誇大妄想、誇大妄想癖、誇大妄想狂
megalomelia,巨肢症
megasigmoid,巨大S状結腸
megasoma,巨体症
meibomian,a〉マイボーム腺の
meibomitis,マイボーム腺炎
meiosis,減数分裂
meiospore,還元胞子
melagra,四肢筋痛、肢筋痛
melalgia,肢痛
melanidrosis,黒色汗症
melanin,メラニン
melanocarcinoma,黒色癌腫
melanocyte,メラニン産生細胞、メラノサイト
melanocytic,a〉メラニン産生細胞の、メラノサイトの
melanoderma,黒色症
melanoma,黒色腫
melanomatosis,黒色腫症
melanophore,黒色素胞
melanoplakia,黒斑症
melanosarcoma,黒色肉腫
melanosis,黒色症
melanuria,黒色尿、メラニン尿
melanuric,a〉黒色尿の、メラニン尿の
melatonin,メラトニン
melasma,黒皮症
melena,黒色便、下血、メレナ
melioidosis,類鼻疽
melitis,頬炎
mellituria,糖尿 〈glycosuriaの旧語〉
melituria,糖尿 〈glycosuriaの旧語〉
mellitus,蜂蜜の [L]
melomania,音楽狂
melomelus,副肢体、副肢奇形体、副肢奇形体
meloplasty,頬形成(術)
melorheostosis,メロレオストーシス、流蝋様骨硬化(症)
melt,融成物
membered,a〉四肢のある
memberless,a〉四肢のない
membrane,膜
membrane attached,a〉膜付着(性)の
membrane bound,a〉膜結合(性)の
membranoproliferative,a〉膜性増殖性の
membranous,a〉膜の、膜性の、膜様の、膜質の
menalgia,月経痛
menarche,初経、《旧》初潮
meningeal,a〉髄膜(性)の
meningioma,髄膜腫
meningiomatosis,髄膜腫症
meningitic,a〉髄膜炎(性)の
meningitis,髄膜炎
meningocele,髄膜瘤
meningococcal,a〉髄膜炎菌(性)の
meningococcemia,髄膜炎菌血症
meningocortical,a〉髄膜皮質の
meningocyte,髄膜組織球
meningoencephalitic,a〉髄膜脳炎の
meningoencephalitis,髄膜脳炎
meningoencephalocele,髄膜脳瘤
meningoencephalomyelitis,髄膜脳脊髄炎
meningoencephalopathy,髄膜脳障害、髄膜脳症
meningohypophyseal,a〉髄膜下垂体の
meningomalacia,髄膜軟化(症)
meningomyeloencephalitis,髄膜脊髄脳炎
meningorachidian,a〉髄膜脊髄の
meningorrhagia,髄膜出血
meningorrhaphy,髄膜縫合(術)
meningovascular,a〉髄膜血管の
meniscocyte,鎌状赤血球
meniscofemoral,a〉半月大腿の
meniscosynovial,a〉半月滑膜の
meniscus,《解》1_半月 2_関節半月*
menolipsis,月経停止
menometrorrhagia,月経性子宮出血、機能性子宮出血
menopause,閉経、月経閉止
menophania,月経初潮
menorrhagia,月経過多
menorrhalgia,月経痛
menorrhea,(正常な)月経
menorrhoea,(正常な)月経
menoschesis,月経閉止
menouria,月経尿
menoxenia,月経不順
menstrual,a〉月経の
menstruation,月経、月経期間
mental,a〉1_精神の、精神的な、知的な 2_《歯》オトガイの
mentality,1_精神、精神状態 2_心性?
mentolabial,a〉オトガイ唇の
mentum,オトガイ=頤=、あご [L]
mephitic,a〉悪臭の
meralgia,大腿痛、肢痛
mercurial,a〉水銀(性)の
mercurialism,水銀中毒(症)
mercury,水銀
mercury vapor,a〉水銀蒸気の
mercury vapour,a〉水銀蒸気の
merogenesis,分節発生、体節発生
merogenetic,a〉分節発生の、体節発生の
merotomy,分断
mesangial,a〉メサンギウムの
mesangium,メサンギウム
mesaortitis,大動脈中膜炎
mesarteritis,動脈中膜炎
mesencephalic,a〉中脳の
mesencephalon,中脳 [L]
mesenchymal,a〉間葉(性)の、間葉系の
mesenchyme,間葉
mesenchymoma,間葉腫
mesenteric,a〉腸間膜の
mesenteritis,腸間膜炎
mesenterium,腸間膜
mesenteronic,a〉中腸の
mesentery,腸間膜
mesial,a〉近心の、近心側の
mesiobuccal,a〉《歯》近心頬側の
mesiolingual,a〉《歯》近心舌側の
mesiocclusion,《歯》近心咬合
mesiodistal,a〉《歯》近遠心の
mesiopulpal,a〉《歯》近心歯髄側の
mesioversion,《歯》近心転位
mesmeric,a〉催眠(術)の
mesmerism,1_催眠術 2_催眠(状態)
mesocortical,a〉中脳皮質の
mesodermal,a〉中胚葉(性)の
mesodermic,a〉中胚葉(性)の
mesogluteus,《解》中殿筋
mesonephroma,中腎腫
mesophryngeal,a〉中咽頭の
mesophilic,a〉中温性の
mesorchium,《解》精巣間膜
mesosalpinx,《解》卵管間膜
mesothelial,a〉中皮の
mesothelioma,中皮腫
mesothelium,中皮
mesovarian,a〉卵巣間膜の
mesovarium,《解》卵巣間膜
meta analysis,メタ分析
metabacterium,《理化》後生細菌
metabolic,a〉代謝(性)の
metabolism,代謝
metabolite,代謝産物、代謝物、代謝体
metacarpal,a〉1_中手骨の 2_中手の
metacarpophalangeal,a〉中手指節の
metacarpus,《解》中手(骨)
metacentric,a〉中部動原体の
metachromacy,異染色性、異染性
metachromasia,異染色性、異染性
metachromasy,異染色性、異染性
metachromatism,異染色性、異染性
metachromatic,a〉異染性の
metal,金属
metallic,a〉金属(性)の
metalliferous,a〉金属を含む
metalloenzyme,金属酵素
metalloflavoprotein,金属フラビン蛋白[質]
metalloid,a〉金属様の n〉メタロイド、類金属
metallophobia,金属恐怖(症)
metalloporphyrin,金属ポルフィリン
metalloprotein,金属蛋白
metalloproteinase,〔酵素〕メタロプロテイナーゼ
metallosis,金属症
metallotherapy,金属療法
metallurgy,冶金
metalues,変性梅毒
metamorphocoria,瞳孔変形
metamyelocyte,後骨髄細胞
metanephric,a〉後腎の
metaphasic,a〉後期の
metaphyseal,a〉骨幹端の
metaphysial,a〉骨幹端の
metaplasia,1_化生 2_変質形成
metaplasm,後形質
metaplasmic,a〉後形質の
metaplastic,a〉1_化生の 2_変質形成の
metastasis,転移
metastatic,a〉転移(性)の
metatarsal,a〉中足[骨]の、蹠骨の
metatarsalgia,中足骨痛
metatarsectomy,中足骨切除(術)
metatarsophalangeal,a〉中足趾節の、中足指節の
metatarsus,《解》中足 [L]
metatropic,a〉変容性の、変形性の
metazoan,後生動物
metencephalon,後脳
meteorism,鼓腸
meteorologist,《理化》気象学者
meteorology,《理化》気象学
meteoropathy,気象病、気象過敏症
meter,〜計、メータ
methanogen,《理化》メタン細菌
methanol,メタノール
method,方法
methyl,メチル基
methylation,メチル化
methylene,メチレン [-CH2-]
metra,子宮
metralgia,子宮痛
metratrophia,子宮萎縮(症)
metria,産褥熱
metrial,a〉子宮の
metritis,子宮炎
metrocyte,母細胞
metrodynia,子宮痛
metroendometritis,子宮内膜筋層炎
metroleukorrhea,子宮白帯下 帯下=たいげ
metrology,計測学
metromalacia,子宮軟化症
metroparalysis,子宮麻痺
metroperitonitis,子宮腹膜炎
metrophlebitis,子宮静脈炎
metroptosis,子宮脱
metrorrhagia,子宮出血
metrorrhea,子宮漏
metrorrhexis,子宮破裂(症)
metroscope,子宮鏡
metrostaxis,子宮漏血
metrostenosis,子宮狭窄
mica,雲母
micrencephaly,小脳症、小脳髄症
microabscess,微小膿瘍
microaerophilic,a〉微好気性の
microagglutination,微量凝集
microanatomy,微細解剖学、顕微解剖学
microangiography,微小血管造影(法)
microanalysis,微量分析
microanalytic(al),a〉微量分析の
microanalyzer,微量分析器
microaneurysm,微小動脈瘤
microangiopathy,微小血管症
microbe,微生物、細菌
microbial,a〉微生物の、細菌の
microbicidal,a〉殺菌(性)の
microbicide,殺菌剤
microbiological,a〉微生物学の、微生物学的な、細菌学の
microbiology,微生物学、細菌学
microcardia,小心症
microcephaly,小頭蓋(症)、小頭(症)
microcephalia,小頭蓋(症)、小頭(症)
microcephalism,小頭蓋(症)、小頭(症)
microcephalus,小頭体
microcephaly,小頭蓋(症)、小頭(症)
microcheilia,小唇症
microcheiria,小手症
microchemistry,微量化学
microcirculation,微小循環
microcolon,小結腸症
microcolonial,a〉微細集落の、ミクロコロニーの<細胞の>
microcolony,微細集落、ミクロコロニー
microcoria,小瞳孔(症)
microcrystal,微小結晶、微結晶
microcrystalline,a〉微小結晶の、微結晶の
microcurrent,微小電流、微弱電流、マイクロカレント
microcyst,微小嚢胞、小嚢胞
microcystic,a〉微小嚢胞の、小嚢胞の
microcyte,小赤血球
microcytic,a〉小赤血球(性)の
microcytosis,小球症
microdactylia,小指症、小趾症
microdactyly,小指症、小趾症
microdissection,顕微解剖、顕微切り出し
microdontia,《歯》小歯症、矮小歯
microelectrode,微小電極
microencephaly,小脳症、小脳髄症
microenvironment,微小環境
microenvironmental,a〉微小環境の
microerythrocyte,小赤血球
microevolution,小進化
microfauna,微小動物[類]
microfiltration,微小濾過
microflora,微生物叢
microfossil,微小化石
microfracture,微小骨折
microgastria,小胃(症)
microgenesis,矮小発育
microgenia,《歯》小下顎(症)
microgenitalism,小性器(症)
microglia,小膠細胞、ミクログリア
microglioma,小膠細胞腫
microgliosis,小膠細胞症
microglobulin,ミクログロブリン
microglossia,小舌(症)
micrognathia,《歯》小顎(症)
microgram,マイクログラム
micrographia,小書症、小字症
micrography,1_ 小書症(micrographia) 2_ 顕微鏡写真撮影(法)
microgyrus,小脳回
microhardness,微小硬さ
microhematuria,微小血尿、顕微血尿
microheterogeneity,微小不均一性
microimplant,ミクロインプラント
microincineration,顕微灰化(法)
microincision,微小切開
microinsemination,顕微授精(法)
microinvasion,微小浸潤
microleakage,微小漏洩
microlentia,小水晶体
microlith,小結石
micromanipulation,顕微操作
micromastia,小乳房(症)
micromelia,小肢症
micromelus,小肢体
micrometastasis,微小転移
micronucleation,微小核形成
micronucleus,微小核
micronutrient,微量栄養素
microoceanograpy,微海洋学
microorganic,a〉微生物の
microorganism,微生物
micropapillary,a〉微小乳頭の
micropathology,顕微病理学
microphakia,小水晶体
microphthalmia,小眼球(症)
micropipette,微小ピペット
microradiogram,顕微Ｘ線撮影図、微小Ｘ線撮影図、マイクロダジオグラム
microradiography,顕微Ｘ線撮影(法)、微小Ｘ線撮影(法)、マイクロダジオグラフィ
micropsia,小視症
micropuncture,刺絡
micropus,小足(症)
micropyuria,顕微鏡的膿尿(症)、顕微膿尿(症)
microscelous,a〉短脚の
microscope,顕微鏡
microscopic(al),a〉1_顕微鏡の、顕微鏡的な 2_顕微鏡観察[法]の
microscopically,ad. 顕微鏡的に
microscopy,顕微鏡観察法、顕微鏡研究法
microsomia,小人症
microspectrophotometer,顕微分光光度計
microspectrophotometry,顕微分光分析(法)、顕微分光測定(法)
microsplanchnic,a〉小内臓(症)の
microstomia,小口(症)
microtia,小耳(症)
microtome,ミクロトーム、組織切片作製器
microtomy,組織切片作製法、切片法
microtubule,微小管、微細管
microvascular,a〉微小血管の
microvessel,微小血管
microvillus,微絨毛
microwave,極超短波、マイクロ波、マイクロウエーブ
microzoon,微小動物
micturition,排尿
midaxillary,a〉中腋窩の
midbrain,《解》中脳
midclavicular,a〉鎖骨中央の
middiastole,拡張中期
middiastolic,a〉拡張中期の
middle,a〉中間の n〉中間
middorsal,a〉背中の
mideye,中央眼
midgut,中腸
midline,中心線
migrans,移動の
migration,1_遊走 2_《歯》移動<歯の>
migratory,a〉移動性の
mild,a〉病気の軽い、軽症の
miliaria,汗疹
miliarial,a〉汗疹の、粟粒疹の、紅色汗疹の 粟粒疹=ぞくりゅうしん
miliary,a〉粟粒(性)の、粟粒状の 粟粒=ぞくりゅう
milieu,1_環境 2_媒質 3_培地
milk,乳、牛乳
millimeter,ミリメートル
millivolt,ミリボルト
mineral,1_無機質、ミネラル 2_鉱物
minimal,a〉最小の、最小限の
minimum,最小、最小限
minocycline,<[薬品]>ミノサイクリン
minor,a〉小さい方の、少数の
miosis,1_縮瞳 2_軽減期
miotic,a〉縮瞳の n〉縮瞳薬
miscibility,《理化》混和性
misidentification,人物誤認
mismatch,ミスマッチ
misuse,誤用
mitochondrial,a〉糸粒体の
mitochondrion,糸粒体
mitochondria,糸粒体
mitogen,分裂誘発剤、分裂誘発物質、マイトジェン
mitogenic,a〉有糸分裂誘発の
mitosis,有糸分裂、有糸核分裂
mitotic,a〉有糸分裂の、有糸核分裂の、細胞分裂の
mitral,a〉僧帽弁の
mixed,a〉混合(性)の
mixing,《歯》練和
mnemonic,a〉記憶(術)の、記憶を助ける
model,1_(研究の)モデル 2_《歯》模型
modification,1_修飾 2_改変、改良 3_《理化》変態
module,モジュール
modulus,1_係数、率、モジュラス 2_絶対値、母数
molar,a〉奇胎の n〉1_モル 2_《歯》大臼歯
molariform,a〉大臼歯状の
molarity,モル濃度
mold,鋳型
molding,《理化》成形
mole,1_あざ、ほくろ、母斑 2_《理化》モル
molecular,a〉分子の
molecule,分子
mollification,和らげること、静めること、鎮静、緩和、減軽
momentum,1_惰性、はずみ 2_《理化》運動量
monarthric,a〉単関節の
monarthritis,単関節炎
moniliform,a〉連珠状の
monitor,監視装置、監視員、モニター
monkeypox,サル痘
monoarthralgia,単関節痛
monoarthritis,単関節炎
monarthritis,単関節炎
monoarticular,a〉単関節の
monobasic,a〉一塩基の
monoblast,単芽球
monochorditis,一側性声帯炎
monochromatic,a〉単色の
monochrome,単色
monoclonal,a〉モノクロナールの
monococcus,単球菌
monocular,a〉単眼性の
monoculus,単眼奇形
monocyte,単球
monocytic,a〉単球(性)の
monocytosis,単球増加(症)、単球増多(症)
monodactyly,単指症
monodactylia,単指症
monodactylism,単指症
monofocal,a〉単焦点の
monogastric,a〉単胃の
monogenic,a〉一遺伝子の
monograph,単行本
monohydrate,一水和物
monolayer,単層
monolocular,a〉単房性の
monomania,偏執狂
monomelic,a〉単肢の
monomer,モノマー、単量体
monomeric,a〉モノマーの、単量体の
monomorphic,a〉単一形の
monomorphous,a〉単一形の
monomyositis,単発性筋炎
mononephrous,a〉一腎の、一側腎の
mononeural,a〉単一ニューロンの、単一神経の
mononeuropathy,単ニューロンパチー、単神経障害
mononuclear,a〉単核の
mononucleate,a〉単核の
mononucleosis,単核症、単核球症、単核細胞症
monophasic,a〉一相性の
monophobia,孤独恐怖(症)
monophyodont,一生歯
monophyodonty,一生歯性
monoplegia,単麻痺
monoplegic,a〉単麻痺の
monoploid,a〉一倍性の、一倍体の n〉一倍体、単数体
monoploidy,一倍性
monopolar,a〉単極の
monorhinic,a〉単鼻腔の
monosaccharide,単糖[類]
monostotic,a〉単骨の
monotone,単調
monotrichous,a〉単鞭毛(性)の、単毛(性)の
monoxide,一酸化物
monozygotic,a〉一卵性の
mons,《解》丘
monster,怪物
monstrous,a〉奇怪な、奇形の
moon,月
morbid,a〉病気の、病的な
morbidity,罹患率、罹病率
morbilliform,a〉麻疹状の
morbillivirus,〔ウイルス〕麻疹ウイルス属、モルビリウイルス
morbillous,a〉麻疹の
mordant,媒染剤
mordanting,媒染
morphine,モルヒネ
morphinic,a〉モルヒネの
morphinism,モルヒネ中毒
morphinist,モルヒネ中毒[患]者
morphinistic,a〉1_モルヒネ中毒の 2_モルヒネ中毒(患)者の
morphinization,モルヒネ投与
morphogenesis,形態形成、形態発生
morphogenic,a〉形態形成の、形態発生の
morphogenetic,a〉形態形成の、形態発生の
morphologic(al),a〉形態の、形態学の、形態学的な
morphologist,形態学者
morphology,1\形態 2_形態学
morphometric,a〉形態計測(法)の
morphometrics,形態計測(法)
morphometry,形態計測(法)
morphosis,形態発生過程、形態形成過程
morphotype,形態型
mortality,死亡率
mortar,乳鉢
mortinatality,死産率
mortuary,a〉死の、埋葬の n〉死体置場
mosquito,カ=蚊
moss,コケ=苔=
mother,母、母親
motherhood,母性、母性愛
motile,a〉運動性の、可動性の
motility,運動性、可動性
motion,1a_運動 1b運行、運転 2_動作、挙動 3_動議
motive,動機
motor,a〉運動の
motorneuron,運動ニューロン
mottled,a〉《歯》斑状の
mouth,口
movable,a〉移動性の
movement,1_運動 2_動作
moxibustion,お灸、灸療法
mucin,ムチン
mucinoblast,粘液芽細胞
mucinogen,粘素原
mucinosis,粘液沈着症
mucinous,a〉粘液の、ムチンの
muciparous,a〉粘液分泌の
mucocele,粘液瘤
mucoclasis,粘膜破壊
mucocutaneous,a〉粘膜皮膚の
mucoenteritis,小腸粘膜炎
mucoepidermoid,a〉粘膜表皮の
mucogingival,a〉歯肉歯槽粘膜の
mucoid,a〉粘液の
mucolytic,a〉粘液溶解の、粘液分解の
mucoperiosteal,a〉粘膜骨膜の
mucoperiosteum,粘膜骨膜
mucopolysaccharide,ムコ多糖[類]
mucopolysaccharidosis,ムコ多糖症
mucopolysacchariduria,ムコ多糖尿
mucoprotein,ムコ蛋白
mucopurulent,a〉粘液膿性の
mucormycosis,ムコール[感染]症
mucosa,粘膜
mucosal,a〉粘膜の
mucosectomy,粘膜切除(術)、粘膜抜去(術)
mucositis,粘膜炎
mucosity,粘性
mucostatic,a〉粘液分泌抑制の
mucous,a〉粘液の
mucoviscidosis,膵線維症
mucus,粘液
mucus producing,a〉粘液産生の
mucus secreting,a〉粘液分泌の
multiarticular,a〉多関節の
multicenter,a〉複数の医療機関の連携による
multicenteric,a〉多中心の、発生源多数の
multicentricity,多中心性
multidrug,a〉多薬剤の
multifacet,a〉多面の
multifactorial,a〉多因子の
multigenic,a〉複遺伝子性の
multilobular,a〉多小葉(性)の
multilocular,a〉多胞(性)の、多房(性)の
multimammae,多乳房症
multimer,多量体
multimeric,a〉多量体の
multinodular,a〉多結節(性)の
multinuclear,a〉多核(性)の
multinucleated,a〉多核(性)の
multiorgan,a〉多臓器の
multipara,多産婦
multiparous,a〉多産の、多産婦の、経産婦の
multiplanar,a〉多断面の
multiple,a〉多い、多重の、多発性の
multiplex,a〉多様な、複合の
multiplication,増殖
multipolar,a〉多極の、多極的な
multipotential,a〉多型潜在性の
multirooted,a〉多根の
multistage,a〉多段階の
multivalent,a〉多価の
multivariate,a〉〔統計〕多変量の
multivesicular,a〉多小胞(性)の
mummifying,a〉《歯》乾屍の
mural,a〉壁性の、洞壁の
muralytic,a〉壁分解の
murine,a〉ネズミ(科)の
murmur,雑音
muscle,《解》筋肉、〜筋
muscular,a〉筋肉の、筋性の
musculoaponeurotic,a〉筋腱膜の
musculocutaneous,a〉筋皮の
musculophrenic,a〉筋横隔の
musculoskeletal,a〉筋骨格の
musculotendinous,a〉筋腱の
musculotubal,a〉筋耳管管の
musculus,《解》筋肉、〜筋
mutagen,突然変異原
mutagenesis,突然変異誘発、変異誘発
mutagenic,a〉突然変異誘発(性)の、変異誘発(性)の
mutagenicity,突然変異誘発性、変異誘発性
mutant,ミュータント、突然変異体、変異体
mutarotation,変旋光
mutation,突然変異
mutilation,切断、離断
mutism,無言(症)、緘黙(症)
myalgia,筋肉痛
myasthenic,a〉筋無力症の
myatrophy,筋萎縮(症)
mycelial,a〉菌糸の
mycelioid,a〉菌糸状の
mycelium,菌糸、菌糸体
mycetism,キノコ中毒
mycetismus,キノコ中毒
mycetoma,菌腫
mycobacteriaceae,マイコバクテリア科
mycobacterial,a〉マイコバクテリウム菌の
mycobacteriology,抗酸菌学
mycobacterium,1_[Cap] マイコバクテリウム属 2_[pl] マイコバクテリウム菌
mycobacteria,1_[Cap] マイコバクテリウム属 2_[pl] マイコバクテリウム菌
mycobacteriosis,マイコバクテリウム症、抗酸菌症
mycocide,抗真菌薬
mycologist,真菌学者
mycology,真菌学
mycoplasma,マイコプラズマ
mycosis,真菌症
mycotic,a〉真菌(性)の、糸状菌の、真菌症の
mydriasis,散瞳
mydriatic,a〉散瞳(性)の n〉散瞳薬
mydriatica,散瞳薬
myectomy,1_筋切除(術) 2_心室筋切除(術)
myelapoplexy,脊髄出血
myelatelia,脊髄形成不全
myelatrophy,脊髄萎縮
myelin,ミエリン
myelinated,a〉有髄の、有髄神経の
myelination,髄鞘形成
myelinization,髄鞘形成
myelinolysis,ミエリン溶解、ミエリン分解、髄鞘溶解
myelitic,a〉脊髄炎の
myelitis,脊髄炎
myeloblast,骨髄芽細胞、骨髄芽球
myelocele,脊髄瘤
myelocyte,骨髄細胞、骨髄球
myelocytomatosis,骨髄細胞腫症
myelodysplastic,a〉骨髄異形成の
myelofibrosis,骨髄線維症
myelogenic,a〉骨髄由来の、骨髄性の
myelogenous,a〉骨髄由来の、骨髄性の
myelogeny,ミエリン形成
myeloid,a〉1_骨髄様の、骨髄性の、骨髄系の 2_骨髄球様の
myelolipoma,骨髄脂肪腫
myelolymphocyte,骨髄性リンパ球
myelolysis,髄鞘分解、ミエリン分解
myeloma,骨髄腫
myelomeningitis,脊髄髄膜炎
myelomere,髄節
myelomonocytic,a〉骨髄単球性の
myeloparalysis,脊髄麻痺
myelopathy,脊髄症、髄症、ミエロパチー
myelophthisis,1_脊髄癆 2_骨髄癆
myelophthisic,a〉骨髄癆(性)の
myeloplegia,脊髄麻痺
myelopoiesis,骨髄形成、骨髄細胞発生
myeloproliferative,a〉骨髄増殖性の
myeloradiculitis,脊髄神経根炎
myelorrhagia,脊髄出血
myelosis,髄症、脊髄症
myelosuppression,骨髄抑制
myelosuppressive,a〉骨髄抑制の
myelosyphilis,脊髄梅毒
myelotomy,脊髄切開(術)
myenteric,a〉腸筋の
myesthesia,筋感覚
mylohyoid,a〉顎舌骨の
mylohyoideus,顎舌骨筋
myoatrophy,筋萎縮(症)
myoblast,筋芽細胞
myoblastic,a〉筋芽細胞の
myoblastoma,筋芽細胞腫
myocardial,a〉心筋の
myocardiopathy,心筋障害、心筋症
myocarditis,心筋炎
myocardium,心筋
myoclonic,a〉筋間代(性)の
myoclonus,筋間代、ミオクローヌス
myocutaneous,a〉筋皮(性)の
myodesopsia,飛蚊症
myodynamic,a〉筋運動(性)の
myodynamometer,筋力計
myoepithelial,a〉筋上皮の
myoepithelioma,筋上皮腫
myoepithelium,筋上皮
myofascial,a〉筋膜の
myofascitis,筋膜炎
myofibrillar,a〉筋原線維の、筋細線維の
myofibroblast,筋線維芽細胞
myofibrosis,筋線維症
myofilament,筋フィラメント
myofunctional,a〉筋機能の
myogenesis,筋発生
myogenic,a〉筋原性の
myogenous,a〉筋組織に発生する
myoglobin,ミオグロビン
myoglobulin,ミオグロブリン
myoglobulinuria,ミオグロブリン尿(症)
myogram,筋運動(記録)図、ミオグラム
myograph,筋(運動)記録器、ミオグラフ
myography,1_筋運動記録法、筋運動描記法 2_筋肉に関する記述 3_筋肉Ｘ線写真
myolipoma,筋脂肪腫
myology,筋学
myolysis,筋変性、筋融解、筋崩壊
myolytic,a〉筋変性の、筋融解の、筋崩壊の
myoma,筋腫
myomalacia,筋軟化(症)
myometrial,a〉子宮筋層の
myometrical,a〉子宮筋層の
myometritis,子宮筋層炎
myometrium,《解》子宮筋層
myonecrosis,筋壊死
myoneuralgia,筋神経痛
myoosseous,a〉筋骨の
myopalmus,筋攣縮
myopathy,筋症、筋障害
myopia,近視
myopic,近視
myorrhaphy,筋縫合(術)
myorrhexis,筋断裂、筋融解、筋崩壊
myosclerosis,筋硬化症
myoscope,1_筋収縮計 2_動眼計
myosin,ミオシン
myositis,筋炎
myostatic,a〉筋平衡性の
myotactic,a〉筋覚の
myotasis,筋伸張
myotatic,a〉筋伸張の
myotenoplasty,筋腱形成(術)
myotome,1_筋切刀 2_筋節(myomere)
myotonia,筋緊張(症)、ミオトニー
myotonic,筋緊張(症)、ミオトニー
myotube,筋管
myotubus,筋管
myringectomy,鼓膜切除(術)
myringitis,鼓膜炎
myringolysis,鼓膜剥離(術)
myringoplasty,鼓膜形成(術)
myrinx,鼓膜
mysophobia,不潔恐怖(症)、恐触症
mythomania,虚言症
myxasthenia,粘液分泌欠乏(症)
myxedema,粘液水腫
myxedematoid,a〉粘液水腫様の
myxedematous,a〉粘液水腫(性)の
myxoadenoma,粘液腺腫
myxochondroma,粘液軟骨腫
myxochondrosarcoma,粘液軟骨肉腫
myxocyte,粘液細胞
myxofibroma,粘液線維腫
myxofibrosarcoma,粘液線維肉腫
myxoglioma,粘液神経膠腫
myxoma,粘液腫
myxomatosis,粘液腫症
myxomatous,a〉粘液腫の、粘液腫状の、粘液腫様の
myxopoiesis,粘液生成
myxorrhea,粘液漏
myxosarcoma,粘液肉腫
nail,爪
name,名前
nanocephaly,小頭症
nanocephalia,小頭症
nanocephalic,a〉小頭症の
nanogram,ナノグラム
nanometer,ナノメートル
nanotechnology,ナノテクノロジー
narcolepsy,睡眠発作、過眠症、発作性睡眠、ナルコレプシー
narcoleptic,a〉睡眠発作の、過眠症の、発作性睡眠の、ナルコレプシーの
narcosis,昏睡、麻酔(法)、無感覚
narcotic,a〉昏睡の、麻酔(法)の、無感覚の
narcotherapy,麻酔療法
narcotic,a〉昏睡の、麻酔(性)の
narrow angle,a〉狭角の
nasal,a〉鼻の
nasality,鼻音性
nasalization,鼻音化
nascent,a〉発生期の
nasoalveolar,a〉《歯》鼻歯槽の
nasoauditory,a〉鼻聴道の
nasobasilar,a〉鼻基部の
nasociliary,a〉眉毛様体の
nasoenteric,a〉鼻腸の
nasogastric,a〉経鼻胃の
nasolabial,a〉鼻唇の
nasolacrimal,a〉鼻涙管の
nasology,鼻科学
nasomaxillary,a〉鼻骨上顎の
nasopalatine,a〉鼻口蓋の
nasopharyngeal,a〉鼻咽頭の
nasopharyngitis,鼻咽頭炎
nasopharyngoscope,鼻咽頭鏡、鼻咽腔鏡
nasopharynx,鼻咽頭、鼻咽腔
nasoscope,鼻鏡
nasospinale,鼻棘点
nasotracheal,a〉鼻気管の、経鼻気管の
nasotracheobronchial,a〉経鼻気管気管支(法)の
nasovestibular,a〉鼻前庭嚢胞
nasus,鼻
natal,a〉出生の、出産の
nature,1_自然 2_性質
nausea,悪心
navicular,a〉舟状の、舟状骨の
nebulization,1_噴霧化 2_噴霧療法
nebulizer,噴霧器
nebulous,a〉不透明な、曇った
necessary,a〉1_必要な 2_必然的な
neck,頚部
necrobiosis,類壊死(症)、死生
necrobiotic,a〉類壊死(性)の
necrophobia,死体恐怖(症)
necropsy,剖検
necrosis,壊死
necrotic,a〉壊死(性)の
necrotizing,a〉壊死性の
needle,針
neglect,無視
negligible,a〉無視してよい、無視できる<量･誤差が>
nematode,ネマトーダ、線虫
neoangiogenesis,血管新生
neocerebellum,新小脳
neofetal,a〉初期胎児の
neogenesis,新生
neologism,造語症
neonatal,a〉新生児の
neonate,新生児
neonatology,新生児学
neoplasm,新生物
neoplastic,a〉新生物の、腫瘍の
nephelometer,比濁計
nephelometry,比濁分析(法)、比濁法
nephralgia,腎疼痛
nephrectomy,腎切除(術)、腎摘出(術)、腎摘
nephritis,腎炎
nephroblastoma,腎芽細胞腫
nephrogenic,a〉腎原(性)の
nephrogenous,a〉腎原(性)の
nephrolith,腎結石、腎石
nephrolithiasis,腎結石症、腎石症
nephrolithotomy,腎石切り術
nephrological,a〉腎臓学の|的な
nephrologist,腎臓学者
nephrology,腎臓学
nephrolysin,腎細胞溶解素
nephrolysis,腎細胞溶解
nephrolytic,a〉腎細胞溶解の
nephroma,腎腫
nephromere,腎節
nephron,《解》腎単位、ネフロン
nephroparalysis,腎麻痺
nephropathy,腎症、腎障害
nephropexy,腎固定(術)
nephronophthisis,腎癆
nephroptosis,腎下垂(症)、遊走腎
nephrorrhaphy,腎縫着(術)
nephrosclerotic,a〉腎硬化(症)の
nephroscope,腎盂鏡
nephros,腎、腎臓 [L]
nephrosis,腎症、ネフローゼ
nephrostogram,腎瘻撮影図、腎瘻造影図
nephrotic,a〉腎症の、ネフローゼの
nephrotome,腎節
nephrotomography,腎断層撮影(法)、腎トモグラフィー
nephrotomy,腎切開(術)
nephrotoxic,a〉腎毒性の
nephrotoxicity,腎毒性
nephrotuberculosis,腎結核(症)
nephroureterectomy,腎尿管切除(術)
nephroureteric,a〉腎尿管の
nephroureterocystectomy,腎尿管膀胱切除(術)
nepiology,《旧》新生児学
neptunium,<[元素]>ネプツニウム
nerve,神経
nerve stimulating,a〉神経刺激の
nervous,a〉神経の
neural,a〉神経の
neuralgia,神経痛
neuranatomy,神経解剖学
neuraxial,a〉脊椎の
neurectomy,神経切除(術)
neurilemmoma,神経鞘腫
neurinofibroma,神経鞘線維腫
neurinomatosis,神経鞘腫症
neurite,軸索突起、神経突起
neuritis,神経炎
neuroactive,a〉神経刺激性の
neuroallergy,神経アレルギー
neuroanastomosis,神経吻合(術)
neuroanatomy,神経解剖学、神経構造
neurobiological,a〉神経生物学の、神経生物学的な
neurobiologist,神経生物学者
neuroblast,神経芽細胞
neuroblastoma,神経芽[細胞]腫
neurochemistry,神経化学
neurocytoma,神経細胞腫
neurodegenerative,a〉神経変性の
neuroectodermal,a〉神経外胚葉(性)の
neuroepithelial,a〉神経上皮の
neuroepithelioma,神経上皮腫
neuroepithelium,神経上皮
neurofibril,神経原線維
neurofibrillary,a〉神経原線維の
neurofibroma,神経線維腫
neurofibromatosis,神経線維腫症
neurofibrosarcoma,神経線維肉腫
neuroganglioma,神経節腫
neurogenetics,神経遺伝学
neurogenic,a〉神経原性の
neuroglia,神経膠細胞
neuroglial,a〉神経膠の、神経膠細胞の
neuroglioma,神経膠腫
neurohormonal,a〉神経ホルモンの
neurohormone,神経ホルモン
neurohypophysis,神経下垂体
neurointervention,脳血管内治療、脳血管インターベンション、神経インターベンション
neuroleptic,神経抑制薬
neurolinguistics,神経言語学
neurolipoma,神経脂肪腫
neurologic(al),a〉神経学的な、神経病学的な
neurologist,神経学者、神経内科医
neurology,神経学、神経病学
neurolysin,神経溶解素、ニューロリシン
neurolysis,神経溶解、神経破壊
neuroma,神経腫
neuromalacia,神経軟化(症)
neuromatosis,神経腫症
neuromuscular,a〉神経筋の
neuromyelitis,神経脊髄炎
neuromyopathy,神経症、神経筋障害、ニューロミオパシー
neuron,神経細胞、ニューロン
neuronal,a〉神経単位の、神経細胞の、ニューロンの
neuronevus,神経母斑
neuronic,a〉神経単位の、神経細胞の、ニューロンの
neuroparalysis,神経性麻痺
neuroparalytic,a〉神経(性)麻痺の
neuropathic,a〉神経症の、神経障害の
neuropathology,神経病理学
neuropathy,神経症、神経障害
neurophysiology,神経生理学
neuroplasty,神経形成(術)
neuroplegia,神経遮断
neuroplegic,a〉神経遮断の
neuroplexus,神経叢
neuropsychiatric,a〉神経精神[医学]の･的な
neuropsychiatry,神経精神医学
neuropsychosis,神経精神病
neuroradiologic(al),a〉神経放射線学の･的な
neuroradiology,神経放射線学
neurorrhaphy,神経縫合(術)
neurosensory,a〉感覚神経の、知覚神経の
neurosis,神経症
neuronosis,神経症
neurosurgery,神経外科(学)
neurosurgical,a〉神経外科の
neurosyphilis,神経梅毒
neurotendinous,a〉神経腱の
neurotony,神経伸張術
neurotoxic,a〉神経毒(性)の
neurotoxicity,神経毒性
neurotoxin,神経毒
neurotransmission,神経伝達
neurotrophic,a〉神経栄養の
neurotrophy,神経栄養
neurovascular,a〉神経血管の
neutral,a〉中性の
neutralization,中和
neutroclusion,中性咬合
neutrocyte,好中性白血球、好中球
neutropenia,好中球減少(症)
neutropenic,a〉好中球減少(症)の
neutrophil,a〉中性親和(性)の n〉好中球
neutrophilia,好中球増加(症)
neutrophilic,a〉1_好中性の 2_好中球(性)の
nevus,母斑
newborn,a〉新生児の n〉新生児
nickel,ニッケル
nicotine,ニコチン
nicotinic,a〉ニコチンの
nicotinism,ニコチン中毒
nidation,着床
night,夜、夜間
night blind,a〉鳥目の、夜盲症の
nigrostriatal,a〉黒質線条体の
nihilistic,a〉虚無の
nissl,〔人名〕ニッスル
nitrate,硝酸塩
nitric,a〉硝酸の
nitride,窒化物
nitrite,亜硝酸塩
nitrogen,<[元素]>窒素
nitrogenous,a〉窒素の
nitrometer,窒素計
nitroprusside,ニトロプルシド
nitrous,a〉亜硝酸の
nociceptor,侵害受容器、痛覚受容器
nociperception,痛覚
noctalbuminuria,夜間アルブミン尿(症)
noctambulation,夢遊症
noctambulism,夢遊症、夢遊病
noctilucent,a〉夜光の
noctiphobia,暗夜恐怖(症)
nocturia,夜間多尿(症)、夜間頻尿(症)
nocturnal,a〉夜間の、夜行(性)の
nodal,a〉節の、リンパ節の
node,《解》節、結節
nodosa,結節性の [Ｌ属格]
nodose,a〉結節性の
nodular,a〉小結節の、結節性の
nodule,《解》小結節、小節
nodus,《解》結節、節
noise,騒音
noma,水癌
non identity,非同一
nonarticular,a〉関節外の
nonatopic,a〉非アトピー(性)の
noncariogenic,a〉非う蝕性の
noncompetitive,a〉非競合(性)の、非競合的な
noncovalent,a〉非共有の
noncytotoxic,a〉無細胞毒性の
nondisjunction,非分離
nonendocrine,a〉非内分泌(性)の
nonessential,a〉非不可欠の、非不可欠的な
nonfat,a〉脱脂の
nonfibrotic,a〉非線維性の
nonhemolytic,a〉非溶血(性)の
nonhomogeneity,非均一性
nonhomogeneous,a〉(遺伝子が)非相同の
noninfectious,a〉非感染(性)の
nonionizing,a〉非電離の
nonlinear,a〉非線形の
nonlinearity,非線形性
nonloading,a〉非負荷の
nonluminous,a〉非発光の、発光しない
nonmalignant,a〉非腫瘍(性)の
nonneoplastic,a〉非腫瘍性の
nonodontogenic,a〉非歯原性の
nonoperative,a〉無観血的な、非侵襲性の、非手術の
nonparametric,a〉〔統計〕ノンパラメトリックな
nonpathogenic,a〉非病原性の
nonpolar,a〉無極の、非極性の
nonproliferative,a〉非増殖(性)の
nonprotein,a〉非蛋白(性)の
nonspecific,a〉非特異(性)の
nonspherical,a〉非球状の
nonstationary,a〉非定常の
nonsuppurative,a〉非化膿性の
nonsyndromic,a〉非症候群の
nontoxic,a〉非中毒(性)の
nontraditional,a〉非伝統の
nontumor,a〉非腫瘍の
nonulcer,a〉非潰瘍(性)の
nonverbal,a〉非言語の
noradrenalin,ノルアドレナリン
norm,1_標準、基準 2_型
normal,a〉正常の
normality,正常度、正規性
normalization,正常化; 正規化
normoactive,a〉正常に活動している
normoblast,正赤芽球
normocapnia,炭酸正常状態
normochromia,正色素性
normochromic,a〉正色素性の
normocyte,正常赤血球、正赤血球
normocytic,a〉正球性の
normocytosis,正赤血球状態
normoglycemia,正常血糖[血]
normoglycemic,a〉正[常]血糖(性)の
normotension,正常血圧
normotensive,a〉正常血圧の
normothermia,正常体温、平熱
normovolemia,正常循環血液量、正常血液量
normovolemic,a〉正常血液量性の
normoxia,正常酸素状態
nose,《解》鼻
nosocomephrenia,入院うつ病
nosocomial,a〉院内の
nosogenesis,病因
nosogenic,a〉病原性の
nosogeographic,a〉疾病地理学の、疾病地理学的な
nosogeography,疾病地理学
nosographic,a〉疾病記述学の、疾病論の
nosography,疾病記述学、疾病論
nosologist,疾病分類学者
nosology,疾病分類学、疾病分類表、病気の知識
nosomania,疾病狂、疾病妄想症
nosophilia,好病症、疾病希求症
nosophobia,疾病恐怖(症)
nosotaxy,疾病分類学
nosotoxicosis,中毒性疾患
nosotropic,a〉抗病性の、闘病性の
notalgia,背痛
notch,切痕
notencephaly,背脳症
notencephalia,背脳症
notice,1_知らせ 2_注視
notochord,脊索
notochordal,a〉脊索の
nubility,結婚適齢期
nucha,《解》項 a〉うなじ
nuchal,a〉1_項の、項部の、うなじの 2_《生物》背頚部の
nuclear,a〉原子核の; 細胞核の; (レンズの)核性の
nucleic,a〉細胞核の
nucleoanalysis,核分析
nucleography,髄核造影(法)
nucleoid,a〉核様の、核状の n〉核様体
nucleolar,a〉核小体の
nucleoliform,a〉核小体状の
nucleolus,核小体
nucleolus associated,a〉核小体付随の
nucleophile,《理化》求核剤
nucleophilic,a〉求核(性)の
nucleoside,ヌクレオシド
nucleospindle,核紡錘
nucleotide,ヌクレオチド
nucleotomy,髄核摘出(術)
nucleotoxin,核毒素
nucleus,細胞核、核
number,1_番号 2_数
numerous,a〉数多くの
nurse,看護婦、看護士、看護師
nursery,育児室、新生児室
nursing,1_看護、介護 2_養育、育児 3_〔産〕授乳(法)
nutation,転頭運動
nutrient,栄養分、栄養素、栄養物
nutrition,栄養
nutritional,a〉栄養の、栄養分の、栄養摂取の、栄養学の
nutritive,a〉栄養の、栄養のある
nutriture,栄養状態
nyctalgia,夜間痛
nyctalope,夜盲症患者
nyctalopia,夜盲症、鳥目
nyctalopic,a〉夜盲症の、鳥目の
nycterine,a〉夜間の
nyctophilia,暗夜愛好(症)、好暗黒(症)
nyctophobia,暗闇恐怖(症)
nyctophonia,昼間失声(症)
nycturia,夜間頻尿(症)
nympha,小陰唇
nympholabial,a〉外陰唇の
nymphomania,女子色情症
nystagmus,眼振
obese,a〉肥満の
obesity,肥満(症)
obfuscation,精神錯乱、混迷
obicular,a〉球状の
object,物体
objection,反対
objective,a〉客観的な n〉1_対物レンズ 2_(実験の)目的
objectivity,客観性
obligate,a〉絶対の、真正の 〈他に代替の道がない〉
obliterating,a〉閉塞(性)の
obliteration,閉塞、閉鎖、遮断
obliterative,a〉閉塞(性)の
observation,観察、注視
obsessive,a〉強迫の
obstetric,a〉産科の、産科学の、妊娠･出産にかかわる
obstruction,閉塞
obstructive,a〉閉塞(性)の
obstruent,a〉閉鎖性の n〉1_塞栓剤 2_止痢薬
obturating,a〉閉塞性の
obturation,閉塞、閉鎖、密閉
obturative,a〉閉塞性の
obtuse,a〉1_鈍感な 2_知能が低い、理解が遅い
obtusion,感覚鈍麻
occipital,a〉後頭の、後頭骨の
occipitobregmatic,a〉後頭頭頂の
occipitofacial,a〉後頭顔面の
occipitofrontal,a〉後頭前頭の
occipitofrontalis,《解》後頭前頭筋
occipitolevoanterior,a〉左後頭前方の
occipitolevoposterior,a〉左後頭後方の
occipitolevotransverse,a〉左後頭横の
occipitomastoid,a〉後頭骨乳様突起の
occipitomental,a〉後頭オトガイの、後頭頤の
occipitoparietal,a〉後頭頭頂骨の
occipitoposterior,a〉後方後頭位の
occipitosacral,a〉後頭仙骨の
occipitotemporal,a〉後頭側頭骨の
occipitothalamic,a〉後頭葉視床の、後頭視床の
occluder,閉塞物
occlusal,a〉咬合(性)の、咬合側の
occlusion,1_閉塞、閉鎖 2_《歯》咬合
occlusive,a〉閉塞性の
occlusocervical,a〉咬合面歯頚側の
occupation,1_占有、占領 2_職業
occupational,a〉職業(性)の
occurrence,発生
ocean,海洋
oceanic,a〉海洋の
oceanity,《理化》海洋度
oceanography,海洋学
oceanology,海洋学
ochlophobia,群集恐怖症
octahedron,八面体
octane,オクタン
ocular,a〉眼の n〉接眼レンズ
oculist,眼科医
oculoauricular,a〉眼耳の
oculoauriculovertebral,a〉眼耳脊椎の
oculocardiac,a〉眼心の
oculocecephalogyric,a〉1_眼頭回転の 2_眼球頭回の
oculocephalic,a〉眼頭(部)の
oculocephalogyric,a〉眼頭回転の
oculocerebrorenal,a〉眼脳腎の
oculocutaneous,a〉眼皮膚の
oculodynia,眼痛、眼球痛
oculofacial,a〉眼顔面の
oculogenesis,眼発生
oculogyration,眼球運動
oculolacrimal,a〉眼涙の
oculomelic,a〉眼肢の
oculomotor,a〉動眼の、眼球運動の
oculomycosis,眼真菌症
oculonasal,a〉眼鼻の
oculopathy,眼病、眼疾患
oculopharyngeal,a〉眼咽頭の
oculopupillary,a〉眼瞳孔の
oculoreaction,眼反応、結膜反応
oculozygomatic,a〉眼頬骨の
oculus,《解》眼
odontalgia,《歯》歯痛
odontectomy,《歯》抜歯、歯牙摘出(術)
odontitis,《歯》歯髄炎
odontoameloblastoma,《歯》歯牙エナメル上皮腫
odontoblast,《歯》象牙芽細胞
odontoblastic,a〉象牙芽細胞の
odontoclast,《歯》破歯細胞
odontoclastic,a〉破歯細胞の
odontodysplasia,《歯》歯牙異形成(症)
odontogenesis,《歯》歯牙形成、歯牙発生
odontogeny,《歯》歯牙形成、歯牙発生
odontogenic,a〉歯原性の
odontoid,a〉歯状の
odontolith,歯石
odontologic(al),a〉歯学の
odontology,《歯》歯学
odontoma,《歯》歯牙腫
odontopathic,a〉歯科疾患の
odontophobia,《歯》歯科治療恐怖(症)
odor,臭気
odorant,臭気物質、着臭剤、臭気剤
odoriferous,a〉有臭の、芳香性の
odorimetry,臭気測定(法)
odynacusis,騒音耳痛
odynolysis,鎮痛
odynometer,疼痛計
odynophagia,嚥下痛
odynophobia,疼痛恐怖(症)
odynophonia,発声痛、発声疼痛(症)
oikophobia,屋内恐怖(症)
oil,オイル、油
ointment,軟膏
olecranon,肘頭
olfaction,嗅覚
olfactometer,嗅覚計
olfactometry,嗅覚検査
olfactory,a〉嗅覚の
oligemia,乏血(症)
oligoamnion,羊水過少症
oligoanuria,乏尿性無尿(症)
oligodendroblast,希突起膠芽細胞、乏突起膠芽細胞
oligodendroblastoma,希突起膠芽[細胞]腫、乏突起膠芽[細胞]腫
oligodendrocyte,希突起神経膠細胞、乏突起神経膠細胞
oligodendrocytoma,希突起膠[細胞]腫、乏突起膠[細胞]腫
oligodendroglia,希突起膠細胞、乏突起膠細胞
oligodendroglioma,希突起膠[細胞]腫、乏突起膠[細胞]腫
oligodontia,《歯》寡歯症
oligodynamia,微量作用、微量作用能
oligodynamic,a〉微量作用の
oligohydramnion,羊水過少(症)
oligohydrosis,発汗減少(症)
oligomer,低重合体、オリゴマー
oligomery,減数性
oligophrenia,精神遅滞
oligophrenic,a〉精神遅滞の
oligopoly,寡占
oligotrichia,貧毛症
oliguria,乏尿(症)
omalgia,肩痛
omarthritis,肩関節炎
omental,a〉大網の
omentum,《解》大網 [L]
omnipotence,全能
omnivore,雑食動物
omnivorous,a〉雑食(性)の
omoclavicular,a〉肩甲鎖骨の
omohyoid,a〉肩甲舌骨の
omohyoideus,肩甲舌骨筋
omothyroid,a〉肩甲甲状の
omphalic,a〉臍帯の
omphalion,臍点
omphalitis,臍炎
omphalocele,臍帯ヘルニア
omphalogenesis,臍発生
omphalomesenteric,a〉臍腸の
oncocyte,1_腫瘍細胞 2_膨大細胞、好酸性顆粒細胞、オンコサイト(oxyphilic granular cell)
oncocytoma,膨大細胞腫、好酸性腺腫、オンコサイトマ
oncofetal,a〉腫瘍胎児性の
oncogen,発癌性物質
oncogene,発癌遺伝子、腫瘍遺伝子
oncogenesis,発癌、腫瘍形成
oncogenicity,発癌性、腫瘍形成性、腫瘍形成力
oncologic(al),a〉腫瘍学の･的な
oncologist,腫瘍学者、腫瘍研究者
oncology,腫瘍学、オンコロジー
oncometer,容積計、容積記録器
oncoprotein,オンコプロテイン
oncosis,腫瘍症
oncovirus,腫瘍ウイルス、オンコウイルス
one,１、一
one step,a〉一段の
onomatomania,名称脅迫
onset,発病
onychatrophy,爪萎縮
onychectomy,爪切除(術)
onychia,爪床炎
onychitis,爪床炎
onychocryptosis,爪甲嵌入(症)
onychodystrophy,爪ジストロフィー
onychogryposis,爪甲鉤湾(症)
onychoheterotopia,爪甲異所症
onycholysis,爪甲離床(症)、爪甲剥離(症)
onychomadesis,爪甲脱落(症)
onychomycosis,爪真菌症
onychopathy,爪疾患
onychorrhexis,爪裂症
onychoschizia,爪甲離症、爪離症
onychotillomania,爪甲損傷癖、爪甲引抜癖
onychotomy,爪切開(術)
oocyesis,卵巣妊娠
oocyst,接合子嚢
oocyte,卵母細胞、卵原細胞
ookinesis,卵子分裂
oophorectomy,卵巣摘出(術)
oophoritis,卵巣炎
opacifier,乳白剤
opacity,1_不透明、混濁 2_《理化》不透明度、乳白度
opalescence,乳光
opalescent,a〉乳白色の
opaque,a〉1_不透明な 2_Ｘ線不透過像の、不透過像の
opeidoscope,オピドスコープ
open,a〉開放(性)の
opener,《歯》開口器
opening,《解》開口部
operating,a〉1_操作の 2_手術の
operation,1_操作 2_手術
operative,a〉1_操作の 2_手術の
opercular,a〉弁蓋の
operculitis,弁蓋炎
operculum,弁蓋、蓋板
ophthalmagra,痛風性眼痛
ophthalmalgia,眼球痛、眼痛
ophthalmic(al),a〉眼の、眼科の
ophthalmoiconometer,網膜像測定器
ophthalmological,a〉眼科学の|的な
ophthalmologist,眼科医
ophthalmology,眼科学
ophthalmomalacia,眼球軟化(症)
ophthalmomaxillary,a〉眼上顎の
ophthalmometer,眼球計
ophthalmophobia,視線恐怖(症)
ophthalmoplastic,a〉眼形成(術)の
ophthalmoplasty,眼形成術
ophthalmoplegia,眼筋麻痺
ophthalmoplegic,a〉眼筋麻痺の
ophthalmorrhagia,眼出血
ophthalmorrhexis,眼球破裂
ophthalmoscope,検眼鏡、眼底鏡
ophthalmoscopy,眼底検査
ophthalmotonometer,眼圧計
ophthalmotonometry,眼圧測定(法)
ophthalmotoxic,a〉眼毒性の
ophthalmotoxicity,眼毒性
ophthalmovascular,a〉眼血管
opioid,オピオイド
opisthenar,手背部
opportunistic,a〉日和見の
opportunity,機会
opposite,a〉逆の、正反対の; 反対側の
opsonin,オプソニン
opsoninic,a〉オプソニンの
opsonization,オプソニン作用
optic(al),a〉1_光学の 2_視覚の、視神経の
optician,眼鏡商、眼鏡屋
optics,光学
optimal,a〉最適の
optophone,聴光器
oral,a〉口腔の
orange,オレンジ
orbicular,a〉球状の、環状の、輪状の
orbital,a〉1_《解》眼窩の 2_《理化》軌道の n〉軌道
orbito occipital,a〉眼窩後頭の
orbitofrontal,a〉眼窩前頭の
orbitonasal,a〉眼窩鼻腔の
orbitonometer,眼窩内圧計
orchialgia,精巣痛、睾丸痛
orchic,a〉精巣の、睾丸の
orchichorea,睾丸痙攣
orchidectomy,精巣摘出(術)、睾丸摘出(術)
orchidic,a〉精巣の、睾丸の
orchiectomy,精巣摘出(術)、睾丸摘出(術)
orchiepididymitis,精巣上体炎、睾丸副睾丸炎
orchiocatabasis,精巣下降
orchiocele,精巣ヘルニア
orchiodynia,精巣痛、睾丸痛
orchiopathy,精巣疾患、睾丸疾患
orchiopexy,精巣固定(術)、睾丸固定(術)
orchidopexy,精巣固定(術)、睾丸固定(術)
orchioplasty,精巣形成(術)、睾丸形成(術)
orchiorrhaphy,精巣縫合(術)、睾丸縫合(術)
orchiotomy,精巣切開(術)、睾丸切開(術)
orchotomy,精巣切開(術)、睾丸切開(術)
orchis,精巣、睾丸
orchitic,a〉精巣炎の、睾丸炎の
orchitis,精巣炎、睾丸炎
orexia,食欲
orexis,食欲
orexigenic,a〉食欲促進の
oreximania,病的食欲亢進
organ,器官、臓器
organelle,小器官
organic,a〉1_有機の 2_器質性の
organicism,<[心]>有機体説
organism,生体、有機体、生物
organization,組織; 器質化
organogenesis,器官形成、器官発生
organogenetic,a〉器官発生の、器官形成の
organoleptic,a〉感覚刺激に反応する、感覚器の反応検査による、器官感覚受容性の
organology,器官学、臓器学、動植物の器官研究
organomegaly,臓器巨大(症)
organotroph,有機栄養生物
orgasm,高潮、オルガスム
orientation,1_配置方向 2_見当識 3_《理化》(分子の)配向
oriented,a〉方向の
orifice,穴、孔、口
origin,起原、由来、起始
original,a〉元の、元来の
ornithology,鳥類学
oroantral,a〉口腔上顎洞の
orofacial,a〉口腔顔面の
orogenital,a〉口性器の
orolingual,a〉口舌の
oromandibular,a〉口下顎の
oromaxillofacial,a〉口腔顎顔面の
oronasal,a〉口鼻の
oropharyngeal,a〉口腔咽頭の、口咽頭の
orosomucoid,オロソムコイド
orotracheal,a〉経口気管内の
orrery,《理化》太陽系儀
orthesis,装具
orthobiosis,健康生活、健康良好
orthochromatic,a〉正染性の
orthodontia,《歯》歯科矯正学、矯正歯科学
orthodontic,a〉歯科矯正(学)の、歯科矯正科の
orthodontics,《歯》歯科矯正学、矯正歯科学
orthodromic,a〉順方向(性)の、順行(性)の
orthognathic,a〉《歯》顎矯正(学)の
orthogonal,a〉直交の、直交する
orthokeratinization,正角化
orthokeratosis,正角化
orthologue,オルソログ
orthopantomogram,《歯》オルソパントモグラフム
orthopantomography,《歯》オルソパントモグラフィー
orthopedic,a〉整形外科の、整形法の
orthopercussion,限界打診(法)
orthoperiodic,a〉オルト過ヨウ素酸の
orthophoria,正常眼位
orthopnea,起座呼吸
orthopneic,a〉起座呼吸の
orthopsychiatric,a〉矯正精神医学の
orthopsychiatrist,矯正精神医
orthopsychiatry,矯正精神医学
orthosis,1_整形術 2_装具
orthostatic,a〉起立(性)の、直立の
orthotopic,a〉(組織移植の)正位の、同所性の
orthotropic,a〉1_〔植〕正常屈性の 2_
os,《解》骨
oscheal,a〉陰嚢の
oscheitis,陰嚢炎
oscheoplasty,陰嚢形成(術)
oscillatory,a〉振動の
oscillogram,振動記録図、オシログラム
oscillograph,オシログラフ
oscillography,振動測定(法)、オシログラフ測定(法)
oscillometer,振動計、振動測定器、オシロメータ
oscillometry,振動測定(法)
oscilloscope,オシロスコープ
osmidrosis,臭汗症
osmification,オスミウム酸処理
osmiophilic,a〉オスミウム親和性の
osmolality,重量オスモル濃度
osmolar,a〉浸透圧の、オスモル濃度の
osmolarity,容量オスモル濃度
osmology,嗅覚学
osmometer,浸透圧計
osmometry,浸透圧測定
osmoreceptor,浸透圧受容器
osmoregulation,浸透圧調節
osmosis,浸透
osmotic,a〉浸透(性)の、浸透圧の
osphresiology,嗅覚学
osphresiometer,嗅覚計
osphresis,嗅覚
osphyalgia,坐骨神経痛
osseocartilaginous,a〉骨軟骨の
osseous,a〉骨の、骨組織の
ossicle,小骨
ossicula,小骨
ossicular,a〉小骨の
ossification,骨化、骨形成
ossifying,a〉骨化(性)の
ostalgia,骨痛
ostectomy,骨切除(術)
osteitis,骨炎
ostitis,骨炎
osteoarthritis,骨関節炎
osteoblast,骨芽細胞
osteoblastic,a〉骨芽細胞(性)の
osteoblastoma,骨芽細胞腫
osteochondroma,骨軟骨腫
osteoclast,"1_破骨細胞 2_砕骨器 a〉""破骨細胞の"""
osteoclastic,a〉破骨細胞(性)の
osteoclastoma,破骨細胞腫
osteoconduction,骨伝導、骨導
osteocyte,骨細胞
osteocytic,a〉骨細胞の
osteodentin,《歯》類骨象牙質
osteodynia,骨痛
osteodystrophy,骨異栄養症
osteofluorosis,骨フッ素症
osteogenesis,骨発生、骨形成
osteogenetic,a〉骨原性の、骨形成(性)の
osteogenic,a〉骨原性の
osteohalisteresis,骨軟化(症)、骨石灰脱失
osteoid,類骨
osteoinduction,骨誘導
osteoinductive,a〉骨誘導(性)の
osteology,骨学
osteolysis,骨溶解
osteolytic,a〉骨溶解(性)の、溶骨性の
osteon,骨単位
osteoma,骨腫
osteomalacia,骨軟化(症)
osteomalacic,a〉骨軟化(症)の
osteomyelitis,骨髄炎
osteon,骨単位
osteonecrosis,骨壊死
osteopathy,骨障害、骨症、オステオパシー 整骨療法
osteopenia,骨減少(症)
osteopetrosis,大理石骨病、骨化石症
osteopetrotic,a〉大理石骨病の、骨化石症の
osteophyte,骨棘、骨増殖体
osteoporosis,骨粗鬆症、骨多孔症
osteoprogenitor,骨前駆体
osteoradionecrosis,放射線骨壊死
osteorrhagia,骨出血
osteosarcoma,骨肉腫
osteosclerosis,骨硬化(症)
osteosclerotic,a〉骨硬化(症)の
osteotrophy,骨栄養
ostitis,骨炎
ostitisosteitis,骨炎
ostium,《解》口、小口、開口部
ostomy,造瘻(術)
ostrich,ダチョウ=駝鳥=
otalgia,耳痛
otalgic,a〉耳痛の
otic,a〉1_耳の、耳性の 2_聴力の 3_耳介の
otitic,a〉耳炎(性)の
otitis,耳炎
otocephaly,耳頭症
otocranium,耳頭蓋
otodynia,耳痛
otoencephalitis,耳性脳炎
otolaryngologic,a〉耳鼻咽喉科学の･的な
otolaryngological,a〉耳鼻咽喉科学の･的な
otolaryngologist,耳鼻咽喉科医
otolaryngology,耳鼻咽喉科学
otolith,耳石
otolithic,a〉耳石の
otologic(al),a〉耳科の
otologist,耳科医
otology,耳科学
otomycosis,耳真菌症
otoneuralgia,耳神経痛
otopathy,耳病、耳疾患
otoplasty,耳形成(術)
otopolypus,耳茸、耳ポリープ
otopyosis,耳化膿(症)
otorhinolaryngology,耳鼻咽喉科
otorrhagia,耳出血
otorrhea,耳漏
otoscope,耳鏡、耳聴診管
otoscopic,a〉耳鏡の、耳聴診管の、オトスコープの
otoscopy,耳鏡検査(法)
otosteal,a〉耳骨の、耳小骨の
ototomy,耳切開(術)
ototoxic,a〉内耳神経毒性の
ototoxicity,内耳神経毒性、耳毒性
outbreak,突然発症
outcome,結果
outer,a〉外の
outgrowth,派出物、増殖物
outlet,出口
outlook,顔貌、外観; 予後
outlying,a〉身体表面の
oval,a〉卵円の、卵形の
ovarial,a〉卵巣の
ovarialgia,卵巣痛
ovarian,a〉卵巣の
ovariectomy,卵巣摘出(術)
ovariocele,卵巣瘤、卵巣ヘルニア
ovariocentesis,卵巣穿刺
ovariogenic,a〉卵巣原性の
ovariopathy,卵巣病
ovariorrhexis,卵巣破裂
ovariostomy,卵巣造瘻(術)
ovariotomy,卵巣切開(術)
ovaritis,卵巣炎
ovarium,《解》卵巣
ovary,《解》卵巣
over the counter,a〉対面式の
overbite,被蓋咬合
overdosage,過量投与、過剰投与
overdose,(薬の)過剰摂取、過量、用量過剰、過剰投与
overextension,伸展過度
overweight,超過重量
ovicidal,a〉殺卵(性)の
ovicide,殺卵薬
oviductal,a〉卵管の
ovoid,a〉卵形の、卵円形の
ovulating,a〉排卵(性)の
ovulation,排卵
ovulatory,a〉排卵(性)の
ovum,卵子
oxalic,a〉蓚酸の
oxidant,酸化剤、オキシダント
oxidase,酸化酵素、オキシダーゼ
oxidation,酸化[作用]
oxidation reduction,酸化還元
oxidative,a〉酸化の、酸化力のある
oxide,酸化物
oximetric,a〉酸素計の、酸素濃度計の
oxycephalic,a〉尖頭の、塔状頭蓋の
oxygen,<[元素]>酸素
oxygenation,酸素化、酸素添加
oxyntic,a〉酸分泌(性)の
oxyphilic,a〉好酸性の
oxytetracycline,オキシテトラサイクリン
oxytocia,分娩促進
oxytocin,オキシトシン
oxyuriasis,蟯虫症
oxyuric,a〉蟯虫の
ozone,オゾン [O3]
ozonolysis,オゾン分解
ozostomia,口臭
pace,一歩、一歩の幅 ペース、歩調
pacemaker,ペースメーカー、脈拍調整装置
pacemaking,脈拍調整
pachyblepharon,眼瞼肥厚(症)
pachycheilia,口唇肥厚(症)
pachydactyly,指趾肥厚
pachyderma,強皮症、硬皮症
pachyglossia,厚舌症
pachymetry,厚度計測(法)、厚度測定(法)
pachymeter,厚度計
pachyonychia,厚爪症、爪硬化(症)
pachyperiostitis,肥厚性骨膜炎
pachypleuritis,肥厚性胸膜炎
pachysalpingitis,肥厚性卵管炎
pachysalpingo ovaritis,肥厚性卵管卵巣炎
pachyvaginalitis,肥厚性鞘膜炎
pachyvaginitis,肥厚性膣炎
pacing,ペーシング
packing,1_詰込み(染色体の) 2_パッキング 3_充填
pain,痛み、疼痛
paint,塗料、ペイント
palatal,a〉口蓋[側]の、口蓋音の
palate,《解》口蓋
palatine,a〉口蓋の、口蓋側の
palatitis,《歯》口蓋炎
palatoethmoidal,a〉口蓋篩骨の
palatogenesis,口蓋発生
palatogenetic,a〉口蓋発生の
palatogingival,a〉口蓋歯肉の
palatoglossal,a〉口蓋舌の
palatoglossus,《解》口蓋舌筋
palatognathous,a〉口蓋裂の
palatogram,口蓋図
palatomaxillary,a〉口蓋上顎の
palatonasal,a〉口蓋鼻の
palatopharyngeal,a〉口蓋咽頭の
palatoplasty,口蓋形成(術)
palatoplegia,軟口蓋麻痺
palatorrhaphy,口蓋縫合(術)
palatoschisis,口蓋裂
palatoversion,口蓋側転位
paleobotany,古植物学
paleocerebellum,《解》古小脳、旧小脳
paleocortex,《解》旧皮質、古皮質
paleolith,旧石器
paleontologist,古生物学者
paleontology,古生物学
paleopathology,古病理学
paligraphia,書字反復
palindromic,a〉再発性の、回帰性の
pallesthesia,振動感覚
pallial,a〉外套の、外皮の、外套膜の
pallidal,a〉淡蒼球の
pallidofugal,a〉淡蒼球遠心性の
pallium,《解》外套
palm,手掌
palmar,a〉手掌の
palmate,a〉粽状の
palmoplantar,a〉手掌足底の
palmospasm,振戦痙攣
palpation,触診(法)
palpatory,a〉触診(性)の
palpebral,a〉眼瞼の
palpebritis,眼瞼炎
palpebronasal,a〉瞼鼻の
palsied,a〉中風の
palsy,麻痺
panacinar,a〉汎小葉(性)の、汎細葉(性)の
panarthritis,汎関節炎
panbronchiolitis,汎細気管支炎
pancarditis,汎心炎
pancreas,《解》膵、膵臓
pancreatalgia,膵痛、膵臓痛
pancreatic,a〉膵の、膵臓の
pancreaticocolic,a〉膵結腸の
pancreaticoduodenal,a〉膵十二指腸の
pancreaticoduodenectomy,膵十二指腸切除(術)
pancreaticoduodenostomy,膵十二指腸吻合術
pancreatoduodenostomy,膵十二指腸吻合術
pancreaticosplenic,a〉膵脾の
pancreatitis,膵炎、膵臓炎
pancreatolith,膵石、膵結石
pancreatolithiasis,膵石症
pancreatopathy,膵疾患、膵臓疾患
pancytopenia,汎血球減少(症)
pandemia,汎流行、汎発流行
pandemic,a〉汎流行の、汎発流行の
panencephalitic,a〉全脳炎の、汎脳炎の
panencephalitis,全脳炎、汎脳炎
panendoscopic,a〉万能内視鏡の、万能内視鏡検査の
panlobular,a〉汎細葉性の
panniculitis,脂肪織炎
panophobia,汎恐怖(症)
panoramic,a〉(Ｘ線撮影の)パノラマの
panotitis,全耳炎
panphlebitis,汎静脈炎
panretinal,a〉汎網膜の
pantalgia,全身痛
pantaphobia,恐怖心欠如
pantomograph,パントモグラフ
papanicolaou,<[人名]>パパニコロー
paper,1_紙、ペーパー 2_新聞紙 3_論文
papilla,《解》乳頭
papillary,a〉乳頭状の
papilledema,乳頭浮腫、乳頭水腫
papilloma,乳頭腫
papillomatosis,乳頭腫症
papillomatous,a〉乳頭腫[状]の
papillotubular,a〉乳頭腺管の
papular,a〉丘疹(性)の
papule,丘疹
papulosis,丘疹症
para aortic,a〉傍大動脈の
paracentesis,穿刺(術)、穿開(術)
paracentetic,a〉穿刺の
paracentral,a〉中心に近い、傍中心の、副中心の
paracerebellar,a〉傍小脳の、小脳近接の、小脳周辺の
parachromatism,錯色覚(症)、色覚不全(症)
paracortical,a〉傍皮質の
paracrine,a〉パラクリンの
paracusia,錯聴(症)、聴覚性錯覚
paracusis,錯聴(症)、聴覚性錯覚
paradidymis,《解》精巣傍体
paradoxical,奇異
paraduodenal,a〉十二指腸傍の
paraffin,パラフィン
parafollicular,a〉傍濾胞の
paraformaldehyde,パラホルムアルデヒド
paraganglioma,傍神経節腫
paraganglion,《解》傍神経節
paragenital,a〉傍精腺の
parageusia,錯味(症)
paragnathus,下顎過剰症、下顎結合奇形
paragonimiasis,肺吸虫症
paragonimus,肺吸虫属
paragrammatism,錯文法
paragraphia,錯書(症)
parahidrosis,#NAME?
parahippocampal,a〉海馬傍の
parakeratosis,錯角化(症)
parakeratotic,a〉錯角化(症)の
parakinesia,運動錯誤
parakinetic,a〉運動錯誤の
paralgesia,痛覚異常
paralgesic,a〉痛覚異常の
paralinguistics,周辺言語学
parallax,視差
parallaxic,a〉視差の
paralogia,錯論理(症)
paralysis,完全麻痺、麻痺
paralytic,a〉(運動の)麻痺(性)の
paramedian,a〉傍正中の
paramedical,a〉医療補助の n〉パラメディカル
paramesial,a〉傍正中の
paramesonephric,a〉傍中腎の
parameter,指標、パラメーター
parametrial,a〉傍子宮の
parametritis,傍子宮炎、子宮傍結合織炎
paramolar,《歯》臼傍歯
paramyxoviridae,パラミクソウイルス
paramyxovirus,パラミクソウイルス
paranasal,a〉鼻傍の、副鼻腔
paraneoplastic,a〉傍腫瘍性の
paranesthesia,対感覚消失
paranoiac,a〉偏執症の
paranoid,a〉偏執の、偏執妄想の、偏執症の、誇大妄想の、誇大妄想的な
paranuclear,a〉(細胞の)副核の、小核の
paraoral,a〉傍口腔の、口腔周囲の
paraparesis,不全対麻痺
paraparetic,a〉不全対麻痺の
parapharyngeal,a〉咽頭周囲の
parapharynx,副咽頭
paraphia,触覚錯誤(症)
paraphimosis,嵌頓包茎
paraplastic,a〉副形質の
paraplegia,対麻痺、両側麻痺
paraplegic,a〉対麻痺の、両側麻痺の
parapsoriasis,類乾癬
parapsychology,超心理学
pararectal,a〉直腸傍の
pararenal,a〉腎臓周囲の
parasagittal,a〉側副平面の
parasite,寄生虫
parasitic,a〉寄生虫(性)の
parasitism,寄生
parasitogenic,a〉寄生誘発の
parasitology,寄生虫学、寄生生物学
paraspinal,a〉傍脊椎の、傍脊柱の
parasplenic,a〉傍脾臓の、脾臓周囲の
parasporal,a〉副芽胞の
parasternal,a〉傍胸骨の、胸骨傍の
parasubiculum,《解》海馬台傍野、傍海馬台
parasympathetic,a〉副交感神経の
parasympatholytic,a〉副交感神経遮断の
parasympathomimetic,a〉副交感神経興奮の
parasynapsis,平行対合
parataxis,平行思考
paratenon,傍腱組織、腱周囲組織、パラテノン
parathymia,気分倒錯
parathyroid,a〉副甲状腺の、上皮小体の、傍甲状腺の n〉傍甲状腺
paratracheal,a〉傍気管の
paratrichosis,異所生毛
paratrigeminal,a〉傍三叉神経の、三叉神経周囲の
paratrophic,a〉寄生栄養による
paratrophy,寄生栄養性
paratyphlitis,盲腸周囲炎
para umbilical,a〉臍傍の
paravesical,a〉膀胱側の
parenchyma,実質
parenchymal,a〉実質の
parenchymatous,a〉実質の
parent,両親の一人
parenteral,a〉腸管外の、非経口の
paresis,不全麻痺
paresthesia,感覚異常(症)、知覚異常(症)、触覚性錯覚
paretic,a〉不全麻痺の
pareunia,性交、交接
paridrosis,発汗異常(症)
paries,壁、体壁
parietal,a〉壁の、壁側の 頭頂の、頭頂骨の
paroccipital,a〉傍後頭[骨]の
parolivary,a〉傍オリーブ核の
paronychia,爪壁炎
paroophoritis,卵巣傍体炎、傍卵巣炎
paroophoron,《解》卵巣傍体
parophthalmia,眼傍結合組織炎、眼周囲炎
parorexia,異物嗜好
parosmia,異嗅症
parostosis,傍骨症
parotid,a〉耳下腺の
parotidectomy,耳下腺摘出(術)
parotitis,耳下腺炎
parous,a〉分娩の、経産の
paroxysmal,a〉1_痙攣(性)の 2_発作(性)の
pars,《解》部
part,1_一部、部分 2_役割(role) 3_[pl] 部品 4_部位、領域 5_成分
partal,a〉分娩の、出産の
partial,a〉1_部分(性)の 2_局部の
particle,粒子
pariticulate,a〉粒子状の
partilateral,a〉父方の
partimute,聾唖者 ろうあ
partimutism,聾唖 ろうあ
partition,1_分配 2_区分 3_分割 4_隔壁
partitive,a〉分配的な、部分的な
parturition,分娩、出産
partus,分娩、出産
parvule,小球、顆粒
passion,1_痛み、疼痛 2_情熱 3_熱望
passive,a〉受動的な
past,a〉過去の
patella,膝蓋[骨] しつがい
patellar,a〉膝蓋[骨]の 膝=しつ
patellofemoral,a〉膝蓋骨と大腿骨の
patent,a〉開存(症)の
pasteurization,低温殺菌(法)、パスツール法
pathogen,病原体
pathogenesis,病原性
pathogenetic,a〉病原性の
pathogenic,a〉病原性の
pathogenicity,病原性
pathognomonic,a〉疾患特徴[的]の、病理特徴[的]の
pathologic(al),a〉病理学の、病理学的な
pathologist,病理学者、病理医
pathology,病理、病理学
pathomimesis,仮病
pathomorphologic(al),a〉形態病理学[的]の
pathomorphology,形態病理学
pathophobia,疾病恐怖(症)
pathophysiology,病態生理学
pathosis,病的状態
patient,患者
patient triggered,a〉患者誘発式の
pattern,類型、パターン
pear shaped,a〉梨形の
pectinate,a〉櫛状の
pectoral,a〉1_胸の 2_胸筋の
pectoralgia,胸痛
pectoriloquy,胸声
pedialgia,足痛
pediatrician,小児科医
pediatrics,小児科学
pedicle,茎、脚
pediculicide,殺シラミ薬
pediculosis,シラミ寄生症、ケジラミ症
pediococcus,〔菌 学名〕ペディオコッカス
pediphalanx,足指節
pedodontic,a〉小児歯科(学)の
pedodontics,小児歯科(学)
pedodontist,小児歯科医
pedometer,歩数計
pedophilic,a〉小児性愛の、小児愛の、少年愛の
pedunculated,a〉有茎(性)の、有柄の
peliotic,a〉紫斑病の、ペリオーシスの
pellicle,薄膜、小皮
pelvic,1_骨盤の 2_腎盂の
pelvicalgia,骨盤痛
pelvis,《解》1_骨盤 2_杯、腎盂
pelvoscopy,腎盂検査(法)
pelvospondylitis,骨盤脊椎炎
pelycogram,骨盤Ｘ線像
pelycometry,骨盤計測法
pelycoscopy,骨盤診察法
pemphigoid,類天疱瘡
pemphigus,天疱瘡
penetration,1_貫通 2_浸透 3_侵入
penile,a〉陰茎の、ペニスの
penis,《解》陰茎、ペニス
penitis,陰茎炎
penoscrotal,a〉陰茎陰嚢の
pentagon,五角体、五辺体
pentahedron,五面体
peptic,a〉消化(性)の
peptidase,ペプチダーゼ
percentage,パーセンテージ、百分率
perception,1_知覚 2_認知、認識 3_感覚
perceptional,a〉知覚の
perceptive,a〉1_知覚の 2_認知の 3_感覚の
perchlorate,過塩素塩
perchloric,a〉過塩素酸の
percussion,打診(法)
percutaneous,a〉経皮(性)の、経皮的な
perfection,完全、完璧
perforation,穿孔
perforator,穿孔器
perfusate,灌流液
perfusion,灌流
periacinar,a〉腺房周囲の
periadenitis,腺周囲炎
periadventitial,a〉外膜周囲の
perianal,a〉肛門周囲の
periangiocholitis,胆管周囲炎
periapical,a〉《歯》根尖周囲の、根尖性の
periappendicitis,虫垂周囲炎
periarterial,a〉動脈周囲の
periarteritis,動脈周囲炎
periarthritis,関節周囲炎
periarticular,a〉関節周囲の
periatrial,a〉心房周囲の
periauricular,a〉耳周囲の
peribiliary,a〉胆管周囲の
peribronchial,a〉気管支周囲の
peribronchiolar,a〉細気管支周囲の
peribursal,a〉滑液包周囲の
pericallosal,a〉脳梁周囲の
pericalyceal,a〉腎杯周囲の
pericanalicular,a〉細管周囲の、管周の
pericardial,a〉心外膜の、心嚢の 心臓周囲の
pericardiac,a〉心外膜の、心嚢の 心臓周囲の
pericardiectomy,心膜切除(術)
pericardiocentesis,心膜穿刺(術)
pericardiolysis,心膜剥離(術)
pericardiophrenic,a〉心膜横隔の
pericardiotomy,心膜切切開(術)
pericarditis,心膜炎、心外膜炎?、心嚢炎
pericardium,《解》心膜、心外膜†
pericementitis,《歯》根尖性セメント周囲炎
pericholangitis,胆管周囲炎
pericholecystitis,胆嚢周囲炎
perichondral,a〉軟骨周囲の、軟骨外の
perichondrial,a〉軟骨周囲の、軟骨外の
perichondritis,軟骨膜炎
perichondrium,軟骨膜
perichordal,a〉脊索周囲の
perichoroidal,a〉脈絡膜周囲の
pericolitis,結腸周囲炎
pericolpitis,膣周囲炎
pericoronal,a〉歯冠周囲の
pericyte,周皮細胞
periductal,腺腔周囲の 〈特に乳腺の〉
peridurography,硬膜外撮影(法)、硬膜外造影(法)
perifocal,a〉病巣周囲の
periganglionic,a〉神経節周囲の
perigastric,a〉胃周囲の
perigastritis,胃周囲炎、胃漿膜炎
periglandular,a〉腺周囲の
perigon,周角
perikaryon,核周体
perikymata,周波条
perilaryngeal,a〉喉頭周囲の
perilaryngitis,喉頭周囲炎
perilymph,外リンパ
perilympha,外リンパ
perilymphatic,a〉外リンパの
perimenopausal,a〉閉経周辺期の
perimenopause,閉経周辺期
perimeter,周界 視野計*
perimetric,a〉視野検査(法)の
perimetritis,子宮周囲炎、子宮外膜炎
perimetrium,子宮外膜
perimetry,視野検査(法)
perinatal,a〉分娩前後の、周産期の
perinatology,周産期学
perineal,a〉会陰の
perineoplasty,会陰形成(術)
perineovaginal,a〉会陰膣の
perineovaginorectal,a〉会陰膣直腸の
perineovulvar,a〉会陰外陰の
perinephric,a〉腎周囲の
perinephritic,a〉腎周囲炎の
perinephritis,腎周囲炎
perineural,a〉神経周囲の
perineurial,a〉神経鞘の、神経周膜の
perineuritis,神経周囲炎
perineurium,神経鞘、神経周膜
perinuclear,a〉核周囲の
period,1_期間、持続期間 2_周期
periodic,a〉周期(性)の、周期的な
periodontal,a〉歯周の、歯周組織の
periodontics,歯周病学
periodontitis,《歯》歯周炎
periodontium,《歯》歯周組織
periodontologic(al),a〉歯周病学の、歯周病学的な
periodontology,《歯》歯周病学
periodontopathic,a〉歯周病原の
periodontosis,《歯》歯周症
perionychium,爪床縁
perioophoritis,卵巣周囲炎
perioperative,a〉術前術後の、周術期の
periorbita,《解》眼窩骨膜 [L]
periorbital,a〉眼窩骨膜の、眼窩周囲の
periorbititis,眼窩骨膜炎
periorchium,精巣膜
periosteal,a〉骨膜(性)の
periosteomyelitis,骨膜骨髄炎
periosteum,骨膜
periostitis,骨膜炎 periostitisが常用
periosteitis,骨膜炎 periostitisが常用
periostosis,骨膜症
periovarian,a〉卵巣周囲の
peripancreatic,a〉膵周囲の
peripartum,a〉出産前後の
peripheral,a〉周辺(性)の、周辺部の
periphery,周囲、周辺部
periproctic,a〉肛門周囲の
perirectitis,直腸周囲炎、肛門周囲炎
perirenal,a〉腎周囲の
perirhinal,a〉鼻周囲の
perisalpingitis,卵管周囲炎
periscope,潜望鏡
periscopy,周辺視
perisigmoiditis,Ｓ状結腸周囲炎
perisplenic,a〉脾周囲の
perisplenitis,脾周囲炎
perispondylic,a〉脊椎周囲の
perispondylitis,脊椎周囲炎
peristalsis,蠕動
peristaltic,a〉蠕動の
peristome,口囲
peritendineum,腱鞘
peritendinitis,腱鞘炎、腱周囲炎
peritoneal,a〉腹膜の
peritonealgia,腹膜痛
peritonealization,腹膜化
peritoneocentesis,腹膜穿刺(法)
peritoneoclysis,腹膜内注輸(法)
peritoneotomy,開腹(術)
peritonitis,腹膜炎
peritonsillar,a〉扁桃周囲の
peritonsillitis,扁桃周囲炎
peritracheal,a〉気管周囲の
peritracheitis,気管周囲炎
peritubular,a〉1_尿細管周囲の 2_《歯》管周の
peritumoral,a〉腫瘍周囲の
perityphlic,a〉盲腸周囲の
perityphlitic,a〉盲腸周囲の
perityphlitis,盲腸周囲炎
periumbilical,a〉臍周囲の
perivaginal,a〉膣周囲の
perivaginitis,膣周囲炎
perivasculitis,血管周囲炎
periventricular,a〉脳室周囲の
perivulvar,a〉陰唇周囲の
permanganate,過マンガン酸塩
permeability,透過性、透過度、透過率、浸透性、通気率
permeation,浸透、透過
permission,許可
permissive,a〉許容(性)の
permissivity,許容性
permselective,a〉選択透過(性)の
pernicious,a〉壊滅的な、致命的な、悪性の
peromely,四肢奇形 〈peromelismはない〉
peromelia,四肢奇形 〈peromelismはない〉
peroneal,a〉腓骨筋の
peroxidase,過酸化酵素
peroxidatic,a〉過酸化酵素の
peroxidation,過酸化
peroxide,過酸化物
peroxidic,a〉過酸化物の
perpendicular,a〉垂直の
perpetual,a〉永続性の、永久の
persecutory,a〉迫害妄想(性)の
persistence,持続性 残留(刺激がなくなった後の感覚の)
persistency,持続性 残留(刺激がなくなった後の感覚の)
persistent,a〉持続(性)の、持続する 開存性の
persulfate,過硫酸塩
pertussis,百日咳
perverse,a〉倒錯の
perverted,a〉倒錯の、異常な、変態の
pervious,a〉透過性の
pes,《解》足
pesticide,農薬
pestilence,疫病、流行病、悪疫
pestle,乳棒
petechial,a〉点状出血の、溢血点の
petiolus,茎
petrifaction,石化
petroclival,a〉斜台錐体部の
petroleum,石油
petrology,岩石学
petro occipital,a〉錐体後頭の
petrositis,錐体炎
petrosphenoidal,a〉蝶錐体の
petrotympanic,a〉錐体鼓室の
phacoanaphylaxis,水晶体過敏症、水晶体アナフィラキシー
phacocele,水晶体転位
phacocyst,水晶体嚢胞
phacocystectomy,水晶体嚢胞切除(術)
phacoemulsification,超音波水晶体乳化吸引術
phacoid,a〉水晶体状の
phacolysis,水晶体融解
phacoma,水晶体腫
phacomalacia,水晶体軟化
phacometecesis,水晶体前眼房転位、水晶体遊走、水晶体変位
phacoplanesis,水晶体遊走
phacosclerosis,水晶体硬化(症)
phacoscope,水晶体鏡、水晶体検査器
phacoscotasmus,水晶体混濁
phacotrabeculectomy,超音波線維柱帯切除(術)
phagocyte,食細胞
phagocytic,a〉食細胞の
phagocytosis,食作用、呑食作用
phagocytotic,a〉食作用の
phagological,a〉食学の、食学的な
phagology,食学
phagophobia,恐食症
phalangeal,a〉指節骨の、趾節骨の
phallalgia,陰茎痛
phallectomy,陰茎切断(術)
phallic,a〉陰茎の
phallicism,男根崇拝、ファルス崇拝
phallitis,陰茎炎
phallocampsis,陰茎彎曲(症)
phallodynia,陰茎痛
phalloplasty,陰茎形成(術)
phallotomy,陰茎切開(術)
phallus,陰茎、男根
phanerogam,顕花植物
phanerogamic,a〉顕花植物の
phanerosis,出現症、表現性
phantom,1_幽霊 2_幻覚
pharmaceutical,a〉薬事の、薬剤(学)の、製剤(学)の、製薬(学)の
pharmacist,薬剤師
pharmacokinetic,a〉薬物動力学の、薬物動態学の、薬物速度論の
pharmacologic(al),a〉薬理学の、薬理学的な
pharmacology,薬理学
pharmacometrics,計量薬理学
pharmacotherapeutics,薬物治療学
pharmacotherapy,薬物療法
pharmacy,薬局
pharyngalgia,咽頭痛
pharyngeal,a〉咽頭の
pharyngectomy,咽頭切除(術)
pharyngismus,咽頭筋攣縮
pharyngitic,a〉咽頭炎の
pharyngitis,咽頭炎
pharyngoconjunctival,a〉咽頭結膜の
pharyngodynia,咽頭痛
pharyngoesophageal,a〉咽頭食道の -oesoは解剖用語
pharyngo oesophageal,a〉咽頭食道の -oesoは解剖用語
pharyngogastrostomy,咽頭胃吻合術
pharyngoglossal,a〉咽頭舌の
pharyngokeratosis,咽頭角化症
pharyngolaryngeal,a〉咽頭喉頭の
pharyngolaryngoesophagectomy,咽頭喉頭食道摘出術
pharyngomycosis,咽頭糸状菌症
pharyngonasal,a〉咽頭鼻腔の
pharyngo oral,a〉咽頭口腔の
pharyngopalatine,a〉咽頭口蓋の
pharyngoplasty,咽頭形成(術)
pharyngoplegia,咽頭麻痺
pharyngorrhea,咽頭漏
pharyngoscope,咽頭鏡
pharyngoscopy,咽頭検査(法)
pharyngotonsillitis,咽頭扁桃炎
pharyngotyphoid,咽頭チフス
pharyngoxerosis,咽頭乾燥(症)
pharynx,咽頭
phase,1_相、位相、状相 2_期
phenocopy,表現型模写
phenol,フェノール、石炭酸
phenolic,a〉フェノールの、石炭酸の
phenomenon,現象
phenomenology,現象学
phenomenological,a〉現象学の、現象学的な
phenomenologic,a〉現象学の、現象学的な
phenotype,表現型
phenotypic,a〉表現型の
pheochromoblastoma,クロム親和芽細胞腫
pheochromocytoma,クロム親和細胞腫
philanthropism,博愛主義
philanthropist,博愛主義者
philtrum,人中
phlebangioma,静脈瘤
phlebarteriectasia,動静脈拡張(症)
phlebectasia,静脈拡張(症)
phlebectomy,静脈切除(術)
phlebemphraxis,静脈血栓症、静脈塞栓症
phlebismus,静脈怒張
phlebitis,静脈炎
phleboclysis,静脈内注射、静脈注射
phlebogram,1_静脈造影像 2_静脈波図、静脈波曲線
phlebograph,静脈波計
phlebography,1_静脈造影(法)、静脈撮影(法) 2_静脈波描画法 3_静脈論
phlebolith,静脈石、静脈結石
phlebolithiasis,静脈結石症
phlebologist,静脈学者
phlebology,静脈学
phlebomanometer,静脈圧計
phleborrhaphy,静脈縫合(術)
phlebosclerosis,静脈硬化(症)
phlebostasis,静脈鬱血
phlebothrombosis,静脈血栓症
phlebothrombus,静脈血栓
phlebotome,静脈切開刀
phlebotomy,静脈切開(術)
phlegmon,蜂巣織炎
phlegmonous,a〉蜂窩織炎(性)の
phobia,恐怖(症)
phobism,恐怖症状態
phonasthenia,音声無力(症)、音声衰弱(症)
phonation,1_発声 2_《歯》発音
phoneme,音素
phonetics,音声学
phoniatrics,音声病学
phonocardiogram,心音図
phonocardiograph,心音計
phonocardiography,心音図検査(法)
phonology,音声学
phonometer,音声計
phosphatase,ホスファターゼ、燐酸加水分解酵素
phosphate,リン酸塩、燐酸塩
phosphoric,a〉リン酸の、燐酸の
phosphorus,<[元素]>リン、燐
phosphorylation,リン酸化、燐酸化
photoactivation,光活性化
photocatalyst,光触媒
photochemical,a〉光化学の、光化学的な
photocoagulation,光凝固(術)
photoconvulsive,a〉光痙攣(性)の
photodecomposition,光分解
photodegradable,a〉光分解性の
photodegradation,光分解
photodensitometry,光密度測定(法)
photodisruption,光切断
photodynamic,a〉光動的な
photograph,写真
photography,写真撮影(術)
photolysis,光分解
photometer,《理化》光度計
photometry,光度測定(法)
photon,光子
photophobia,光恐怖(症)
photoreception,光受容
photoreceptor,光受容体
photoreduction,光還元
photosensitive,a〉光感受性の、感光性の
photosynthesis,光合成
photosynthetic,a〉光合成の
phototaxis,走光性
phototherapeutic,a〉光線療法の
phototoxic,a〉光毒性の
phototoxicity,光毒性
phrase,<[文法]>句
phrenetic,a〉躁病の
phrenocolic,a〉横隔膜結腸の
phrenoplegia,横隔膜麻痺
phthiriophobia,シラミ恐怖(症)
phthisiophobia,結核恐怖(症)
phthisis,癆
phycology,藻類学
phycomycosis、phycomycetosis,藻菌症
phylactic,a〉抵抗(性)の、感染防御(性)の、感染予防の
phylaxis,抵抗、感染防御、感染予防
phyllode,a〉(腫瘍が)葉状の n〉偽葉
physic,a〉物理学の、物理学的な
physical,a〉1_身体的、肉体的な 2_物理学の、物理学的な 3_理学的な
physicochemical,a〉物理化学の、物理化学的な
physicochemistry,物理化学
physics,物理学
physiologic(al),a〉生理学の、生理学的な
physiology,生理学
physioneurosis,真性神経症
physiopsychic,a〉肉体精神の
phytochemistry,植物化学
phytochrome,フィトクロム
phytogenetic,a〉植物発生[論]の
phytohormone,植物ホルモン
phytoparasite,植物性寄生体
phytopharmacological,a〉植物薬理学の･的な
phytoprecipitin,植物性沈降素
phytosis,植物寄生(症)
picogram,ピコグラム
picometer,ピコメートル
picosecond,１兆分の１秒
picrogeusia,病的苦味[感]
piezoelectric,a〉圧電の
pigment,色素
pigmentary,a〉色素(性)の
pigmentation,着色
pigmented,a〉色素性の
pigmentovascular,a〉色素血管(性)の
pigmentosum,色素性の [Ｌ属格]
pilar,a〉毛の
piliform,a〉毛状の
pillar,柱
pilocarpine,ピロカルピン 〈副交感神経刺激薬〉
pilocystic,a〉毛嚢腫性の
pilocytic,a〉毛様細胞の
piloerection,立毛、鳥肌
pilomatrixoma,毛基質腫、毛質腫、毛母腫
pilomotor,a〉立毛の、起毛の
pilonidal,a〉毛巣の
pilose,a〉毛の多い、多毛の
pilosebaceous,a〉毛嚢脂腺の
pilosis,多毛症
pin,ピン
pineal,a〉松果体の
pinealoblastoma,松果体芽細胞腫
pinealocyte,松果体細胞
pinealoma,松果体腫
pipette,ピペット
pisiform,a〉豆状の
pit,《歯》小窩
pithed,a〉脊髄穿刺の
pituitary,a〉下垂体(性)の
pituitary adrenal,a〉下垂体副腎の
pituitectomy,下垂体切除(術)
pituitous,a〉粘液(性)の
pityriasis,粃糠疹 ひこうしん
pivotal,a〉1_回転軸の 2_中枢の、重要な
placenta,胎盤
placental,a〉胎盤の
placentitis,胎盤炎
placentoma,胎盤腫
pladaroma,眼瞼軟疣腫
plagiocephalic,a〉斜頭の、斜頭蓋の
plagiocephaly,斜頭(症)、斜頭蓋
plan,計画
planar,a〉平面の
plane,平面の
planetism,(植物学の)遊泳性
planetography,惑星表面学
planetology,惑星学
planimetric,a〉面積測定の
plankton,プランクトン
planoconvex,a〉平凸面の
planogamete,<[遺伝]>運動配偶子
planomania,放浪癖
planovalgus,扁平外反
plant,植物
planta,足底、足蹠
plantalgia,足底痛
plantar,a〉足底の、足蹠の
plantaris,《解》足底筋
planum,平面
planus,平面の [Ｌ属格]
plaque,《歯》歯垢
plasma,血漿
plasmablast,形質芽球
plasmacyte,形質細胞
plasmacytic,a〉形質細胞(性)の
plasmacytoma,形質細胞腫
plasmacytosis,形質細胞増加症
plasmapheresis,血漿分離交換法
plasmid,プラスミド
plasmin,プラスミン
plasminogen,プラスミノーゲン
plasmocyte,形質細胞
plasmodium,形質胞体、変形体、プラスモジウム
plasmogamy,原形質融合、細胞質融合
plasmatogamy,原形質融合、細胞質融合
plasmolemma,細胞形質膜、形質膜
plasmolysis,原形質分離
plasmorrhexis,原形質破裂
plasmoschisis,原形質分裂
plasmotomy,原虫分体
plaster,1_石膏 2_膏薬、硬膏
plasticity,塑性
plasticizer,可塑剤
plastometer,可塑度計
plasty,形成(術)
plateau,1_平坦な部分 2_学習高原
platelet,血小板
platelet specific,a〉血小板特異の
platinum,白金
platycoria,散瞳
platysma,《解》広頚筋
pleomorphic,a〉多形性の
plethysmographic,a〉体積変動測定の
pleural,a〉胸膜の
pleuralgia,胸膜痛
pleurectomy,胸膜切除(術)
pleurisy,胸膜炎
pleuritic,a〉胸膜炎の
pleuritis,胸膜炎
pleurocele,胸膜瘤
pleurocentesis,胸膜穿刺(術)
pleurodynia,胸膜痛
pleuroesophageal,a〉胸膜食道の
pleuroesophageus,胸膜食道筋
pleurogenic,a〉胸膜由来の
pleurography,胸腔Ｘ線撮影(法)
pleurolith,胸膜結石
pleuroparietopexy,胸膜癒着術
pleuropericarditis,胸膜心膜炎
pleuroperitoneal,a〉胸膜腹膜の
pleuroperitoneum,胸腹膜
pleuropneumonary,a〉胸膜肺の
pleuropneumonia,胸膜肺炎
pleurorrhea,胸腔漏
plexal,a〉叢の
plexectomy,叢切除(術)
plexiform,a〉叢状[型]の
plexus,《解》叢 [L]
plication,縫縮(術)
pliers,《歯》プライヤー、鉗子
plurihormonal,a〉多ホルモン(性)の
pluripara,経産婦
pluripotency,多能性
pluripotent,a〉多能性の
pluripotential,a〉多能(性)の
pluripotentiality,多能性
pneumarthrosis,関節気腫
pneumatic,a〉含気の
pneumatocele,気瘤
pneumonocele,気瘤
pneumatorrhachis,脊椎気腫
pneumatosis,気腫症、気症
pneumaturia,気尿(症)
pneumocentesis,肺穿刺
pneumococcal,a〉肺炎球菌(性)の
pneumoconiosis,塵肺症
pneumocranium,気脳症
pneumocystosis,ニューモシスチス症
pneumocyte,肺胞細胞
pneumogastroparietography,気体胃壁撮影(法)、気体胃壁造影(法)
pneumogram,呼吸曲線
pneumokoniosis,#NAME?
pneumologist,呼吸器学者、肺疾患学者
pneumology,呼吸器学、肺疾患学
pneumomalacia,肺軟化(症)
pneumomediastinum,1_気縦隔(症) 2_縦隔気腫
pneumometer,呼吸圧力計
pneumomycosis,肺真菌症
pneumonectasia,肺気腫
pneumonectomy,肺切除(術)
pneumonia,肺炎
pneumonitis,肺炎
pneumonocentesis,肺穿刺
pneumonoconiosis,#NAME?
pneumonokoniosis,#NAME?
pneumopericardium,気心膜(症)、心膜気腫
pneumoperitoneum,1_気腹(症) 2_気腹(法)、気腹(術) 3_腹腔気体造影(法)
pneumoperitonitis,含気性腹膜炎
pneumopleuritis,肺胸膜炎
pneumoradiography,気体撮影(法)、気体造影(法)
pneumoroentgenography,気体注入Ｘ線撮影(法)
pneumosclerosis,肺硬化症
pneumotachography,呼吸気流描写
pneumothorax,気胸
pocket,《歯》ポケット
podagra,足の痛風
podalgia,足痛
podarthritis,足関節炎
podiatry,足治療(学)、足病学
podocyte,足細胞
pododynia,足痛
podology,足治療(学)、足病学
poikilocyte,変形赤血球
poikilocytosis,変形赤血球症
poikiloderma,多形皮膚萎縮(症)
poikilothermal,a〉変温(性)の
poikilothermism,変温(性)
poikilothrombocyte,変性血小板
point,1_点 2_尖端 3_限界
pointing,1_指示、指で指し示すこと 2_尖らすこと
poise,1_体姿、姿勢 2_平衡、均衡
poison,毒
poisoning,中毒
poisonous,a〉有毒性の、有害な
polar,a〉極性の
polarimeter,偏光計
polarity,極性
polarization,1_分極 2_偏光
polarized,a〉偏光の
polarizing,a〉偏光の
pole,極
poliodystrophy,灰白質萎縮(症)
polioencephalitis,灰白脳炎
polioencephalomeningomyelitis,灰白脳脊髄髄膜炎
polioencephalomyelitis,灰白脳脊髄炎
polioencephalopathy,灰白脳症
poliomyelitis,脊髄性小児麻痺
poliosis,白毛(症)
poliovirus,ポリオウイルス
polishing,《歯》研磨
pollakisuria,頻尿(症)
pollakiuria,頻尿(症)
pollen,花粉
polyangiitis,多発性血管炎
polyarteritis,多発性動脈炎
polyarthralgia,多発性関節痛
polyarthric,a〉多関節(性)の
polyarthritis,多発性関節炎
polyarticular,a〉多関節(性)の
polyaxial,a〉多軸の
polybasic,a〉多塩基(性)の
polycholia,胆汁過多(症)
polychondritis,多発性軟骨炎
polychondrolysis,多発性軟骨溶解症
polyclonal,a〉多クローン(性)の
polycrotic,a〉多段脈(症)の
polycystic,a〉多嚢胞(性)の
polycythemia,多血症、赤血球増加(症)
polycythemic,a〉赤血球増加(症)の
polydipsia,多飲(症)、多飲多食(症)
polydysplasia,多発異形成
polyestrous,a〉多発情性の
polyethylene,ポリエチレン
polygamy,一夫多妻制
polygenic,a〉多遺伝子の
polyglandular,a〉多腺性の
polyglobulism,多血球症
polygnathia,多顎(症)
polygon,多角形
polygonal,a〉多角形の
polyhedral,a〉多面(性)の
polyhedron,多面体
polyhidrosis,発汗過多(症)、過剰発汗、多汗(症)
polyhydramnios,羊水過多
polyleptic,a〉多発症性の
polymastia,多乳房症
polymenorrhea,頻発月経
polymer,《歯》ポリマー、多量体
polymerase,重合酵素、ポリメラーゼ
polymeria,多節(症)
polymeric,a〉1_重合の、重合体の、ポリマーの 2_〔遺伝〕多因子の
polymerization,《歯》重合
polymorphic,a〉多形性の、多型性の
polymorphism,多形性
polymorphonuclear,a〉多形核の
polymorphous,a〉多形性の、多型性の
polymyalgia,多発性筋肉痛
polymyositis,多発性筋炎
polyneural,a〉多神経性の
polyneuralgia,多発性神経痛
polyneuritic,a〉多発性神経炎の
polyneuritis,多発性神経炎
polyneuromyositis,多発性神経筋炎
polyneuropathy,多発性神経障害、多発性ニューロパチー
polyostotic,a〉多骨性の
polyotia,多耳(症)
polyp,ポリープ、息肉
polypathia,多病
polypectomy,ポリープ切除(術)
polypeptide,ポリペプチド
polyphagia,大食(症)
polyphasic,a〉多相性の
polyphenol,ポリフェノール
polyphobia,多恐怖(症)
polyplegia,多発性麻痺
polyploid,a〉倍数(性)の n〉倍数体、多倍数体
polypnea,多呼吸
polypodia,多足(症)
polypoid,a〉ポリープ状の
polyposis,ポリポシス、ポリープ症
polypous,a〉ポリープ[状]の
polysaccharide,多糖[類]
polyspermic,a〉1_多精子進入の 2_多精液症の、精液過多(症)の
polysplenia,多脾症
polysyndactyly,多合指(症)
polytype,結晶多形、ポリタイプ
polyuria,多尿(症)
polyvalent,a〉多価の
pompholyx,汗疱
ponograph,疲労計
ponopalmosis,兵士心臓、神経循環性無力症
ponophobia,苦痛恐怖(症)、作業恐怖(症)
pons,《解》橋
pontocerebellar,a〉橋小脳の
pontocerebellum,《解》橋小脳
poor,a〉悪い
popliteal,a〉膝窩の
popliteus,膝窩筋
porcelain,《歯》陶質、陶材、ポーセレン
porcine,a〉豚の、豚からの、豚のような
pore,《解》孔
porifera,《理化》海綿動物
porocele,硬化性陰嚢ヘルニア
porokeratosis,汗孔角化(症)
poroma,1_炎症性硬結 2_汗孔腫
porphyria,ポルフィリン症
porphyromonas,〔菌〕ポルフィロモナス属
porta,《解》門
portal,a〉1_門の、入口の 2_門脈の
portion,一部、部分
portosystemic,a〉門脈体循環の
porus,《解》孔
position,位置
positivism,実証主義
positivity,陽性
post,《歯》ポスト
postadaptation,後適応
postanesthetic,a〉麻酔後の
postapoplectic,a〉脳卒中後の
postcaval,a〉大静脈後の
postcentral,a〉中心後方の
postcesarean,a〉帝王切開後の
postcibal,a〉食後の
postclimacteric,a〉閉経後の
postcoital,a〉性交後の
postcommissural,a〉交連後の
postcommunicating,a〉交通後の
postdiphtheritic,a〉ジフテリア感染後の 〈postdiphtheriticが常用〉
postdiphtheric,a〉ジフテリア感染後の 〈postdiphtheriticが常用〉
postdrug,a〉投薬停止後の
postembryonic,a〉出生後の
posterioanterior,a〉前後方の
posterior,a〉後の、後方の
posterolateral,a〉後外側の
postextraction,《歯》抜歯後
postfixation,後固定
postganglionic,a〉節後の 〈ganglionは｢神経節｣〉
postinflammatory,a〉炎症後の
postinjury,a〉損傷後の、傷害後の
postischemic,a〉虚血後の
postmature,a〉過熟の
postmenopausal,a〉閉経後の
postmenstrual,a〉月経後の
postmortem,a〉死後の
postnarial,a〉後鼻孔の
postnasal,a〉1_鼻後の、鼻後方の 2_後鼻腔の
postnatal,a〉生後の
postnecrotic,a〉壊死後の
postoperative,a〉術後の
postoral,a〉口後方の
postorbital,a〉眼窩後の
postorgasmic,a〉高潮後の
postovulatory,a〉排卵後の
postpancreatitic,a〉膵炎後の
postparalytic,a〉麻痺後の
postpartal,a〉分娩後の
postpartum,a〉分娩後の
postperfusion,a〉灌流後の
postpharyngeal,a〉後咽頭の
postprandial,a〉食後の
postreduction,後還元
postrenal,a〉腎後性の
postresuscitation,a〉蘇生後の
postretention,《歯》後保定
postsphygmic,a〉脈波後の
poststreptococcal,a〉溶連菌感染後の
poststroke,a〉卒中発作後の
postsurgical,a〉手術後の、術後の
postsurgery,手術後
post test,a〉検査後の
posttranscriptional,a〉翻訳後の
posttranlational,a〉転写後の
posttransfusion,a〉輸血後の
posttraumatic,a〉外傷後の
postural,a〉体位性の、起立性の
posture,姿勢
postvital,a〉死後の
potent,a〉(薬が)効能･効力のある
potential,電位
potentiation,増強
potion,頓服
pouch,1_嚢 2_《解》窩
pouchitis,回腸嚢炎
powder,粉末
power,1_力、体力、能力、パワー 2_(レンズの)拡大能
practice,(医療の)業務
practitioner,開業医
prandial,a〉食事(性)の
prealbuminuric,a〉蛋白尿前の
preanal,a〉肛門前の
preanesthesia,前麻酔
preanesthetic,a〉麻酔前の n〉前麻酔薬、基礎麻酔薬
preauricular,a〉耳前の
preaxial,a〉軸前の
prebiotic,a〉生物出現前の
precancerous,a〉前癌(性)の、前癌状態の
precapillary,a〉毛細管前の
precentral,a〉中心前の、中心溝前の
prechiasmatic,a〉前視交叉の
precipitant,沈澱剤
precipitate,沈澱物、沈着物
precipitation,沈澱、沈澱物、沈澱法、析出 沈降、沈降反応(免疫の)
precise,a〉正確な、明確な、精密な
precision,正確、明確、精密 精度
preclinical,a〉前臨床の
precocious,a〉早熟の、早発(性)の
precoital,a〉性交前の
precoma,昏睡前期
precomatose,a〉昏睡前期の
precommunicating,a〉交通前の
precordial,a〉心臓の前にある 前胸部の
precordialgia,前胸部痛
precostal,a〉肋骨前方の
precuneal,a〉楔前部の
precuneus,楔前部 楔=けつ  [L]
precursor,前駆体、前駆物質、前駆細胞
precursory,a〉先駆の、前兆の
predelivery,a〉分娩前の、出生前の
predentin,《歯》象牙前質
predigestion,前消化
predilection,偏愛、好み
predissociation,《理化》前期解離
prediverticular,a〉前憩室状態の
preductal,a〉管前の
preejaculatory,a〉射精前の
preeruptive,a〉発疹前の
preexcitation,早発興奮(症)
preformed,a〉《歯》既製の
prefrontal,a〉前頭前の、前頭前(部)の
prefunctional,a〉機能前の
preganglionic,a〉節前の 〈ganglionは｢神経節｣〉
pregnancy,妊娠、懐妊
pregnant,a〉妊娠の、懐妊の、妊娠している
prelaryngeal,a〉喉頭前の
preleukoplakia,前白板症
preliminary,a〉予備の、準備の
preload,前負荷
premalignant,a〉前癌(性)の
premature,a〉早期の、未成熟の、未熟の; 早産の
prematurity,1_早熟、未成熟、未熟 2_早産
premedication,前投薬
premenopausal,a〉閉経期前の
premenstrual,a〉月経前の
premixed,a〉既混合の
premolar,《歯》小臼歯
premonitory,a〉前駆の
premortal,a〉臨終の、死直前の
premotor,a〉前運動の
prenatal,a〉出生前の、産前の
preneoplastic,a〉前癌の
preoccipital,a〉後頭前の
preoperation,手術前
preoperative,a〉術前の
preovulatory,a〉排卵前の
preparalytic,a〉麻痺前の
preparation,1_用意、準備 2_(組織の)標本 3_《歯》形成 4_〔薬〕製剤
prepericardial,a〉心膜前の
prepharyngeal,a〉喉頭前の
preposition,前置詞
prepotential,前電位
preprandial,a〉食前の
preprosthetic,a〉補綴前の
prepsychotic,a〉精神病前の
prepuce,《解》包皮
prepucial,a〉包皮の
preputial,a〉包皮の
prepyloric,a〉幽門前の
prerenal,a〉腎前の
preretinal,a〉網膜前の
presbyatrics,老年医学
presbycusis,老年性難聴
presbyope,老視者
presbyophrenia,老年性痴呆、老年痴呆
presbyopia,老視、老眼
presbyopic,a〉老視の、老眼の
prescapular,a〉肩甲骨前の
prescriber,処方者
prescribing,処方
prescription,1_処方、処方箋 2_処方薬
prescriptive,a〉処方の
presence,存在、出現
presenile,a〉早老の
present,a〉現在の
presentation,1_提示 2_胎位
preservative,a〉防腐(性)の
presomite,a〉(胎児が)体節形成前の
presphygmic,a〉脈波前の
pressure,圧力
presumption,1_推定 2_見こみ、可能性
presumptive,a〉推定の
presuppurative,a〉化膿前の
presurgical,a〉手術前の
presymptom,前徴
presymptomatic,a〉前徴の
presynaptic,a〉シナプス前(部)の、接合部前(部)の
presystole,収縮前期
presystolic,a〉収縮前期の
pretectal,a〉視蓋前の
preterm,a〉早産の
pretracheal,a〉気管前の
pretreatment,前処理
preuremic,a〉尿毒症前の
preurethritis,前尿道炎
prevention,予防
preventive,a〉予防の、予防的な
prevertebral,a〉椎骨前の、椎前の
prevesical,a〉膀胱前の
primary,a〉一次(性)の 2_初発の 3_初期の 4_原発(性)の
primase,〔酵素〕プリマーゼ
primer,プライマー
primigravida,初妊婦
primipara,初産婦
primiparity,初産
primiparous,a〉初産の 初産婦の
primitive,a〉原始(性)の、原始的な
primitivism,原始性、原始主義
primordial,a〉原基の、原始(性)の、原生の
principle,原理、原則、法則
print,印刷
private,a〉個人の、私立の
proarrhythmia,催不整脈性
probability,可能性、確率
probation,1_検定、試験、立証 2_試験期間、見習い期間 3_〔法〕執行猶予、保護観察
probational,a〉試験の、試験的な
probationary,a〉試験の、試験的な
probiosis,共生関係
procallus,前仮骨
procaryote,原核生物
procaryotic,a〉原核生物の
procedure,1_手順 2_手順の中の一つ 3_進行(仕事の)
process,過程 《解》突起(processus[L])
processomania,訴訟癖
procoagulant,a〉凝固促進(性)の
proctalgia,肛門直腸痛
proctatresia,肛門閉鎖(症)
proctectomy,直腸切除(術)
proctocele,直腸脱
proctodynia,肛門直腸痛
proctologic(al),a〉肛門直腸病学の･的な
proctologist,肛門直腸病学者
proctology,肛門直腸病学
proctopexy,直腸固定(術)
proctoplegia,肛門括約筋麻痺
proctoptosis,肛門脱
proctorrhagia,直腸出血
proctoscope,肛門直腸鏡
proctoscopy,肛門直腸鏡検査
proctosigmoidoscopy,肛門Ｓ状直腸検査
proctostenosis,肛門直腸狭窄(症)
prodrug,プロドラッグ
product,産物
production,生産、産生、製造
proenzyme,プロ酵素、酵素前駆体
proestrus,発情前期
progenia,下顎前突(症)
progenital,a〉外陰部表面の、生殖器外表の
progeny,子孫
progeria,早老(症)
prognathia,上顎前突(症)
prognathism,上顎前突(症)
prognosis,予後
prognostication,予後判定
progravid,妊娠前期
progrenolone,プログレノロン
progression,進行
progressive,a〉進行性の
prohibition,禁止、禁制
prohibitive,a〉禁止の、禁制の
prohibitory,a〉禁止の、禁制の
proinsulin,プロインスリン
projectile,a〉噴出性の
projection,1_投射 2_投影(法) 3_突起
prokaryon,原核
prokaryote,原核生物
prokaryotic,a〉原核生物の
prolapse,脱出(症)
prolapsed,a〉脱出した
prolapsus,脱出(症)
proleptic,a〉早期発症の、早発(性)の
proliferating,a〉増殖性の
proliferation,増殖
proliferative,a〉増殖(性)の
prolonged,a〉長期の
prominence,《解》隆起
prominentia,《解》隆起
promyelocyte,前骨髄球、前骨髄細胞
promyelocytic,a〉前骨髄球の、前骨髄細胞の
pronation,回内
pronatis,未熟児 〈廃語〉
pronuclear,a〉前核の
pronucleus,前核
pronunciation,発音
pronunciaton,1_発音 2_発音法
proof,1_証明 2_証拠 3_校正、校正稿
property,性質
prophase,前期
prophylactic,a〉予防の、予防的な
prophylaxis,予防(法)
proportion,1_割合、比率 2_<[数]>比例、比例式
proportional,a〉1_(〜に)比例する、釣り合った 2_<[数]>比例の
proprioceptive,a〉固有受容の
propyl,プロピル基
prosencephalon,《解》前脳
prosopalgia,顔面痛
prosopodysmorphia,顔面変形症
prosopoplegia,顔面筋麻痺、顔面麻痺
prosoposchisis,顔面裂
prosopospasm,顔面筋痙攣
prostaglandin,プロスタグランジン
prostate,《解》前立腺
prostatic,a〉前立腺の
prostatitic,a〉前立腺炎の
prostatitis,前立腺炎
prostatometer,前立腺計
prostatorrhea,前立腺漏
prosthesis,補綴
prosthetic,a〉補綴(学)の、補綴学的な、義歯の、人工器官の、人工装具の
prosthodontic,a〉《歯》歯科補綴の、床義歯の
prosthodontics,《歯》歯科補綴学
prostration,疲憊
protein,蛋白[質]、タンパク[質]
proteinaceous,a〉蛋白[質]の、タンパク[質]の
proteinogenic,a〉蛋白新生の
proteinosis,蛋白症、蛋白蓄積症
proteinuria,蛋白尿(症)
proteogenic,a〉蛋白新生の
proteoglycan,プロテオグリカン、ムコ多糖蛋白
proteolysis,蛋白質分解
proteolytic,a〉蛋白質分解の
proteome,プロテオーム
proteomic,a〉プロテオームの
proteomics,プロテオミクス
proteopepsis,蛋白消化
proteopexis,蛋白固定
proto oncogene,癌原遺伝子、プロトオンコジーン
proton,陽子、プロトン
protonic,a〉陽子の、プロトンの
protoplasmic,a〉原形質の
protopsis,眼球突出(症)
protozoa,原虫類
protozoacidal,a〉殺原虫(性)の
protozoacide,殺原虫薬
protozoal,a〉1_原虫(性)の 2_原生動物(門)の
protozoan,a〉1_原虫(性)の 2_原生動物(門)の
protozoiasis,原虫感染症、原虫症
protozoologist,原虫学者
protozoology,原虫学
protozoophage,食原虫細胞
protozoosis,原虫感染症、原虫症
protozootherapy,原虫療法
protracted,a〉遷延(性)の、遅延(性)の
protrusion,1_突出(症) 2_《歯》前突
protrusive,a〉1_突出(症)の 2_《歯》前突の
protuberance,《解》隆起
protuberant,a〉隆起性の
protuberantia,《解》隆起
provirus,プロウイルス
provisional,a〉仮の、暫定の、一時(性)の、一時的な
proximal,a〉隣接の、近接の、近位の
proximity,隣接、近接
pruriginous,a〉痒疹の
pruritic,a〉かゆみの、掻痒(症)の
pruritus,掻痒(症)
pseudarthrosis,偽関節
pseudoankylosis,偽性強直(症)
pseudocyst,偽嚢胞、仮性嚢胞
pseudofracture,偽嚢胞、仮性骨折
pseudogene,偽遺伝子
pseudoglaucoma,偽緑内障
pseudogout,偽痛風
pseudohypertrophic,a〉偽肥大の
pseudohypha,仮性菌糸
pseudolaryngospasm,偽喉頭痙攣、偽声門痙攣
pseudolithiasis,偽胆石症
pseudology,虚言症
pseudolupus,偽狼瘡
pseudoluxation,仮性脱臼
pseudolymphoma,偽リンパ腫
pseudomandibular,a〉《歯》偽性下顎の
pseudomembrane,偽膜
pseudomembranous,a〉偽膜(性)の
pseudomnesia,仮性記憶
pseudomucinous,a〉偽粘液性の
pseudomyopia,仮性近視
pseudonym,偽名
pseudopelade,萎縮性脱毛(症)
pseudostratified,a〉(上皮の)多列の
pseudotic,a〉偽性の
pseudotumor,偽腫瘍
pseudovoice,偽声
psittacosis,オウム病
psoriasiform,a〉乾癬状の、乾癬様の
psoriasis,乾癬
psoriatic,a〉乾癬(性)の
psychalgia,精神痛
psychiatric,a〉精神医学[上]の
psychiatry,精神医学
psychic,a〉心的な
psychodiagnosis,精神診断
psychodiagnotic,a〉精神診断
psychodynamic,a〉精神力学の･的な
psychodynamics,精神力学
psychogenesis,心因
psychogenic,a〉心因性の
psychokinesis,念力
psychokinetic,a〉念力の
psychokinetics,念力学
psychologic(al),a〉心理学の･的な
psychologist,心理学者
psychology,心理学
psychometric,a〉精神測定の
psychometry,精神測定学
psychomimetic,向精神薬、精神作用薬
psychomotor,a〉精神運動の
psychoneuroimmunologic(al),a〉精神神経免疫学の、精神神経免疫学的な
psychoneuroimmunology,精神神経免疫学
psychoneurosis,精神神経症
psychoneurotic,a〉精神神経症の
psychonomic,a〉精神作用学の、精神法則学の
psychonomy,精神作用学、精神法則学
psychopathy,精神病、精神病質
psychopharmacology,精神薬理学
psychophonasthenia,精神性発音困難
psychophysiologic(al),a〉精神心理学の･的な
psychophysiology,精神心理学
psychoplegia,精神麻痺
psychoplegic,精神遮断薬
psychoprophylactic,a〉精神的予防の
psychoprophylaxis,精神的予防法
psychoreaction,精神反応
psychoreflex,精神反射
psychosedation,精神鎮静(法)
psychosis,精神病
psychosocial,a〉心理社会的な
psychosomatic,a〉心身の
psychostimulant,精神刺激薬
psychosurgery,精神外科(学)
psychotherapeutics,精神療法、心理療法
psychotherapist,心理療法師
psychotherapy,精神療法、心理療法
psychotic,a〉精神病性の
psychotropic,a〉精神作用性の、向精神性の n〉向精神薬
psychroalgia,寒冷痛
psychroesthesia,寒冷感、冷感
psychrolusia,冷水浴
psychrometer,乾湿計
psychrophile,低温細菌、低温菌
psychrophilic,a〉好冷性の、好冷温の、好寒冷の
psychrophobia,寒冷恐怖(症) 冷え性
psychrophore,冷却ゾンデ
psychrotherapy,寒冷療法
psyllium,〔植〕サイリウム
pterodactyl,翼手竜
pterophobia,羽毛恐怖(症)
pterygium,翼状片
pterygoid,a〉翼状の、翼突の、翼状突起の
pterygomandibular,a〉翼突下顎の、翼下顎の
pterygomaxillary,a〉蝶顎の
pterygopalatine,a〉翼口蓋の、翼突口蓋の、翼状口蓋の
pterygopharyngeal,a〉翼突咽頭の
pterygospinous,a〉翼棘突起の、蝶形骨翼状突起の
ptosis,下垂(症)
ptotic,a〉下垂(症)の
ptyalism,流唾症
ptyalogenic,a〉唾液由来の
pubic,a〉恥骨の
pubicoperitoneal,a〉恥骨会陰の
pubofemoral,a〉恥骨大腿骨の
puborectal,a〉恥骨直腸の、恥骨直腸筋の
pubovaginal,a〉恥骨膣の
pubovesical,a〉恥骨膀胱の
pudendal,a〉外陰(部)の
pudendum,外陰部 [L]
puerile,a〉小児の、幼稚な
puerilism,小児性、小児症
puerpera,産褥婦 褥=じょく
puerperal,a〉産褥の
puerperalism,産褥病
puerperium,産褥、産褥期
pulmonary,a〉肺の、肺臓の
pulmonic,a〉肺の、肺病の
pulmonitis,肺炎
pulmonocoronary,a〉肺冠動脈の
pulmonologist,肺疾患学者、肺学者、肺疾患専門医
pulmonology,肺疾患学、肺学
pulp,髄
pulpa,髄
pulpal,a〉髄の、歯髄の、歯髄側の
pulpalgia,《歯》歯髄痛
pulpectomy,《歯》抜髄、歯髄切除(術)
pulpitis,《歯》歯髄炎
pulpless,a〉《歯》無髄の
pulpoperiapical,a〉《歯》歯髄根尖周囲の
pulsation,1_拍動、脈拍、脈動、動悸 2_波動、振動(音の)、脈動(電流の)
pulse,脈拍
pulseless,a〉脈なしの、脈のない
pulvinar,視床枕
pumice,軽石
punctate,a〉点状の、斑点の
punctiform,a〉点状の
punctum,《解》点
puncture,穿刺
pupil,《解》瞳孔
pupillary,a〉瞳孔の
pupillograph,瞳孔反応記録計、瞳孔反応計
pupillography,瞳孔反応記録
pupillometer,瞳孔計
pupillometry,瞳孔計測
pupillostatometer,瞳孔距離計
purification,精製
purpura,紫斑病
purpuric,a〉紫斑病の、紫斑型の
pursuer,1_追求者 2_追跡者 3_遂行者 4_研究者
purulence,化膿
purulency,化膿
purulent,a〉化膿(性)の
pus,膿
pustulant,a〉pustule｢膿疱｣を生ずる
pustular,a〉膿疱(性)の
pustule,膿疱
pustulosis,膿疱症
pustulous,a〉膿疱(性)の
putamen,《解》被殻
putrefaction,1_腐敗 2_腐敗作用
putrefactive,a〉腐敗(性)の
putrescent,a〉腐敗(性)の
pyelic,a〉腎盂の
pyelitic,a〉腎盂炎の
pyelitis,腎盂炎
pyelogram,腎盂像
pyelographic,a〉腎盂撮影(法)の、腎盂造影(法)の
pyelography,腎盂造影(法)
pyelolith,腎盂結石
pyelolithiasis,腎盂結石症
pyelonephritis,腎盂腎炎
pyelonephrosis,腎盂腎症
pyeloplasty,腎盂形成(術)
pyelostomy,腎盂造瘻(術)
pyelotomy,腎盂切開(術)
pyemesis,吐膿症
pyemia,膿血症
pyesis,化膿(症)
pygalgia,臀痛
pyloric,a〉幽門の
pyloritis,幽門炎
pyo ovarium,卵巣膿瘍
pyocalyx,腎杯蓄膿
pyochezia,膿便
pyocyst,膿嚢胞
pyoderm,膿皮症
pyodermatosis,膿皮症
pyodermia,膿皮症
pyodermic,a〉膿皮症の
pyogen,発熱原
pyogenesis,化膿、膿形成
pyogenic,a〉化膿(性)の
pyogenous,a〉化膿(性)の
pyolabyrinthitis,化膿性迷路炎
pyometritis,化膿性子宮炎
pyomyositis,化膿性筋炎
pyonephrosis,膿腎症
pyopericarditis,化膿性心膜炎、化膿性心嚢炎
pyoperitonitis,化膿性腹膜炎
pyophthalmia,膿眼
pyophthalmitis,膿眼
pyopneumothorax,膿気胸
pyopoiesis,化膿、膿形成
pyorrhea,膿漏(症)
pyorrhoea,膿漏(症)
pyosis,化膿(症)
pyospermia,膿精液(症)
pyostomatis,化膿性口内炎
pyoureter,膿尿管、尿管蓄膿
pyovesiculosis,精嚢蓄膿
pyramid,《解》錐体
pyramidal,a〉錐体の
pyramis,《解》錐体
pyranometer,《理化》日射計
pyrheliometer,《理化》日射計
pyridoxine,ピリドキシン
pyrogenetic,a〉高温発生の
pyrogenic,a〉発熱(性)の
pyrolysis,熱分解
pyromania,放火癖
pyrometer,高温計
quadrangle,四角形
quadrant,象限
quadrate,a〉方形の
quadratus,《解》方形筋
quadrigeminal,a〉四重の 中脳蓋の
quadrigeminum,《解》中脳蓋 a〉〈｢四丘体｣の旧語〉
quadrilateral,四辺形
quadriplegia,四肢麻痺
quadrivalence,四価
qualification,資格、能力 制限、限定、修正
qualitative,a〉質的な、定性の、定性的な
quality,質、本質、性質、品質
quantification,定量化
quantimeter,Ｘ線線量計
quantitative,a〉定量の、定量的な
quantity,量、分量、数量 <[数]>量
quantizer,《理化》量子化器
quantum,量子
quarantine,検疫
quartz,石英
quasidominance,偽優性
quasireflex,準反射
quinsy,扁桃周囲膿瘍、扁桃膿瘍
quotient,1_指数 2_<[数]>商
racemose,a〉蔓状の つる
rachialgia,背痛、脊椎痛
rachidial,a〉脊柱の
rachischisis,脊椎披裂、脊椎裂、二分脊椎(症)
rachitic,a〉くる病の、くる病にかかった
rachitome,脊柱切開刀
racial,a〉人種の、人種的な
radial,a〉1_半径の 2_光線の、放射状の 3_橈骨の、橈側の
radiatio,《解》放線
radiation,1_放射線 2_《解》放線
radical,a〉根治的な
radicular,a〉歯根の、根部の、根側の
radioactivation,放射化
radioactive,a〉放射性の、放射能のある
radioactivity,放射能、放射性
radiocystitis,放射線膀胱炎
radiodermatitis,放射線皮膚炎
radiofrequency,ラジオ波
radiograph,Ｘ線写真
radiographic,a〉Ｘ線撮影(法)の
radiography,Ｘ線撮影(法)
radioimmunodiffusion,放射免疫拡散
radioimmunosorbent,a〉放射性免疫吸着の
radioiodine,放射性ヨウ素、放射性ヨード
radiological,a〉放射線医学の、放射線学の、Ｘ線学の
radiolucency,放射線透過(性)
radiolucent,a〉放射線透過(性)の
radiolysis,放射線分解
radiometer,放射計
radionecrosis,放射線壊死
radioneuritis,放射線神経炎
radionuclide,放射性核種
radiopacity,放射線不透過(性)
radiopaque,a〉放射線不透過(性)の
radioresistance,放射線抵抗性
radiosensitivity,放射線感受性
radiotherapy,放射線治療、放射線療法
radiotoxicity,放射線毒性
radiotracer,ラジオトレーサ、放射性トレーサー
radioulnar,a〉橈尺骨の、橈尺の
radium,<[元素]>ラジウム
radius,1_半径 2_橈骨
radix,《解》根
rage,怒り angerより強い
rain,雨
ramus,《解》枝
random,a〉無作為の
range,範囲
ranula,ガマ腫、ラヌラ
ranular,a〉ガマ腫の、ラヌラの
raphe,縫線
rash,発疹、皮疹
rasorium,剥離子
rasp,やすり
rat,ラット
rate,1_率、比率 2_量 3_速度
raticide,殺鼠剤
rattus,ラット
ray,光線
reabsorption,再吸収、逆吸収
reactant,a〉反応物の、反応体の n〉反応物、反応体
reaction,反応
reactivation,再活性化
reactive,a〉1_反応(性)の 2_反動の、反作用の 3_敏感な、感受性の
reactivity,1_活性 2_《理化》反応性
reactor,〔生化〕1_反応器 2_原子炉
reading,1_読むこと 2_読み物
ready made,a〉既製の
reagent,試薬
reanastomosis,再吻合
rearrangement,再配列
reattachment,再付着
recanalization,再開通
recapitulation,1_概要、摘要 2_反復、発生反復
receptor,受容器、受容体、レセプター
recessive,a〉1_退行の、逆行の 2_遺伝 劣性の
recipe,1_調理法、レシピ 2_秘訣
reciprocal,a〉相互の
recirculation,再循環
recognition,認識
recombinant,a〉組換えの
recombination,組み換え
reconstruction,再建(術)
reconstructive,a〉再建の
record,記録
recorder,記録計、記録器、記録装置、レコーダー
recovery,1_回復 2_回収
recrystallization,《理化》再結晶
rectal,a〉直腸の
rectalgia,直腸痛
rectectomy,直腸切除(術)
rectification,整流<電流の>
rectifier,整流器<電流の>
rectococcygeal,a〉直腸尾骨の
rectococcygeus,直腸尾骨筋
rectolabial,a〉直腸陰唇の
rectopexy,直腸固定(術)
rectorrhagia,直腸出血
rectoscope,直腸鏡
rectoscopic,a〉直腸鏡検査の
rectoscopy,直腸鏡検査
rectostenosis,直腸狭窄(症)
recto urethral,a〉直腸尿道の
recto uterine,a〉直腸子宮の
rectovaginal,a〉直腸膣の
rectovesical,a〉直腸膀胱の
rectum,《解》直腸
rectus,《解》直筋
recumbent,a〉1_臥位の、臥床の 2_不活発の、怠惰な
recumbency,臥床
recurrence,再発
recurrent,a〉再発(性)の、回帰性の、反回性の、反復性の
recurvation,後屈
red,a〉赤い、赤色の
redifferentiation,再分化
redness,発赤
reducing,a〉還元の 減少の
reductant,還元剤、還元体
reduction,1_還元 2_整復(法) 3_削除、縮小 4_《理化》還元 5_<[数]>約分
reepithelialization,再上皮化
reevaluation,再評価
reexamination,再検査
reference,1_参考、参照 2_参考文献 3_関係、関連 4_基準、標準
referer,参照元
referred,a〉関連(性)の
refinement,精製、純化
reflection,反射
reflective,a〉反射(性)の
reflex,反射
reflexograph,反射記録計
reflexometer,反射測定器、反射計
reflexotherapy,反射療法
refraction,屈折
refractive,a〉屈折の
refractory,a〉1_耐火の 2_不応性の、難治性の
regeneration,再生
regenerative,a〉再生の
regio,部
region,部、部位、領域
regional,a〉局所の、限局の、局在の
registration,登録、登記、記録 《歯》印記
registry,1_(看護婦の)登記所 2_記入、登記、登録
regression,1_回帰 2_退縮
regressive,a〉退行性の
regulation,調節
regulatory,a〉調節(性)の、調整(性)の、制御(性)の
regurgitation,逆流
rehabilitation,リハビリテーション
rehydration,1_水に戻すこと 2_水補給、水分補給、水補
reimbursement,1_払い戻し 2_給付
reinfarction,再梗塞
reinnervation,神経再支配、神経再生
rejection,拒否、拒絶、拒絶反応
relapse,回帰、再発
relapsing,a〉回帰(性)の
relative,a〉相対(性)の
relativity,1_関係のあること、相関(性) 2_《理化》相対性理論
reliever,救援者
religious,a〉宗教(性)の
remediless,a〉不治の、難治の
remedy,医薬、薬剤、薬物、医薬品
remineralization,再石灰化
remission,緩和、寛解[期]、軽快
remissive,a〉緩和の、軽減の
remnant,残存[物]、残遺[物]、残遺組織
remodeling,改造<骨の>、再構築
remote,a〉遠隔の
removable,a〉移動できる、除去できる、可撤(性)の、可撤式の
removal,切除
renal,a〉腎の、腎臓の、腎性の
reniform,a〉腎臓形の
renipelvic,a〉腎盂の
renoprival,a〉腎欠損の
renovascular,a〉腎血管性の
reocclusion,再閉塞
reopening,再開通
reoxygenation,再酸素化
repair,修復
reparative,a〉修復(性)の
repeated,a〉反復の、連用の
repetition,1_繰り返し、反復 2_暗唱
repetitive,a〉反復性の
replacement,補充
replication,複製
replicative,a〉複製の
repolarization,再分極
report,報告
reproduction,1_複写、複製 2_複写物、複製物 3_生殖
reproductive,a〉生殖の
rerupture,再破裂
research,研究
researcher,研究者
resectable,a〉切除可能な
resection,切除(術)
resector,切除器、切断器
resectoscope,レセクトスコープ、切除用内視鏡
resectoscopy,経尿道的前立腺切除(術)
reserpine,〔薬品〕レセルピン
reservoir,1_保存、保留 2_(病原菌の)保有者、保有体 3_貯留所、貯蔵所、レザバー 4_槽
resident,研修医、レジデント
residual,a〉残存の、遺残の
residue,1_残基 2_《理化》残留物、残分
resilience,弾力性
resiliency,弾力性
resin,レジン、樹脂
resinaceous,a〉樹脂状の
resinate,樹脂酸塩、樹脂塩
resiniferous,a〉樹脂の多い
resinification,樹脂化
resistance,抵抗
resonance,共鳴
resorption,吸収
resorptive,a〉吸収の
respiration,呼吸
respirator,呼吸器、レスピレーター
respiratory,a〉呼吸の、呼吸器系の
respirometer,肺活量計
response,反応
rest,休息、休止
resting,a〉安静の、休止の、停止の
restoration,1_回復 2_《歯》修復、修復物
restorative,a〉《歯》修復[用]の
restrictive,a〉拘束性
result,結果
resultant,a〉合成の、結果としてできた n〉合成物; 成績
resulting,a〉結果的な
resurfacing,1_再浮上 2_表面再建
resuscitation,蘇生(法)、蘇生術
resuscitator,蘇生器
retained,a〉停留の
retardation,遅延、遅滞
retention,1_貯留、停滞、滞留 2_《歯》保持、保定
reticular,a〉網状の、網様の、網様体の
reticulocyte,網状赤血球、網赤血球
reticuloenthelial,a〉網内系の
reticuloendothelium,細網内皮系細胞、網内系細胞
reticulosis,細網症
reticulospinal,a〉網様体脊髄の
retina,《解》網膜
retinaculum,《解》支帯 [L]
retinal,a〉網膜の
retinitis,網膜炎
retinoblastoma,網膜芽細胞腫、網膜芽腫
retinol,ビタミンＡ群の一つ
retinomalacia,網膜軟化症
retinopapillitis,乳頭網膜炎
retinopathy,網膜症、網膜障害
retinopexy,網膜復位術
retinopiesis,網膜圧迫
retinoschisis,網膜分離症
retinoscope,網膜検影器
retinoscopy,網膜検影法
retinosis,網膜症
retransfusion,返血(法)
retroaction,反動、逆作用
retroactive,a〉反動の、遡及の そきゅう 、背反の、逆方向性の
retroantegrade,a〉(通常の順序とは)逆の、後前方向の
retroauricular,a〉耳介後[方]の
retrobulbar,a〉1_眼球後の 2_延髄後[方]の
retrocardiac,a〉心臓後[方]の
retrocecal,a〉盲腸後[方]の
retrocession,後退、後屈
retrocolic,a〉結腸後[方]の
retroduodenal,a〉十二指腸後の
retrogenia,下顎後退(症)
retrognathic,a〉下顎後退(症)の
retrograde,a〉逆行(性)の、退行(性)の、逆方向の
retrogressive,a〉後退･逆行･退化･悪化する、退行的な
retrohyoid,a〉舌骨後の
retrojection,膣洗浄
retrolingual,a〉舌後の
retromandibular,a〉下顎後の
retromaxillary,a〉上顎後の
retromolar,a〉臼後の
retroperitoneal,a〉腹膜後の、後腹膜の
retropharyngeal,a〉咽頭後の、咽後の
retroplasia,退行形成
retroposition,後位
retropyloric,a〉幽門後の
retrorectal,a〉直腸後方の、直腸後の
retrospective,a〉1_回想の、追想の、回顧の 2_遡及(性)の
retrosternal,a〉胸骨後[方]の、後胸骨の
retrotarsal,a〉瞼板後[方]の
retrouterine,a〉子宮後[方]の
retroversion,1_反曲、反転 2_退化、退行 3_後傾(症)
retrovesical,a〉膀胱後[方]の
retrusive,a〉後退の、後退的な
reversible,a〉可逆(性)の、可逆的な
rhabdoid,a〉桿状の
rhabdomyolysis,横紋筋融解症
rhabdomyoma,横紋筋腫
rhabdomyosarcoma,横紋筋肉腫
rhagadiform,a〉亀裂性の
rhegma,破裂
rheologist,流動学者
rheotactic,a〉流れ走性の、水流走性の、走流性の
rheumatic,a〉リウマチ(性)の
rheumatism,リウマチ
rheumatoid,a〉リウマチ様の、リウマトイドの
rheumatology,リウマチ病学、リウマチ学
rheumatosis,リウマチ(性)疾患
rheumic,a〉1_カタル性の 2_分泌の多い
rhexis,破綻、崩壊
rhinal,a〉鼻の
rhinalgia,鼻痛
rhinesthesia,鼻感覚、嗅覚
rhinitis,鼻炎
rhinoantritis,鼻洞炎
rhinocleisis,鼻腔狭窄(症)
rhinoism,鼻音(症)、鼻声(症)
rhinolalia,鼻音(症)、鼻声(症)
rhinolith,鼻石
rhinolithiasis,鼻石症
rhinologic,a〉鼻科の･的な
rhinological,a〉鼻科の･的な
rhinology,鼻科
rhinomycosis,鼻糸状菌症
rhinopathy,鼻症、鼻障害
rhinopharyngeal,a〉鼻咽頭の
rhinopharyngitis,鼻咽頭炎
rhinophony,鼻音(症)、鼻声(症)
rhinophonia,鼻音(症)、鼻声(症)
rhinoplastic,a〉鼻形成(術)の
rhinoplasty,鼻形成(術)
rhinorrhagia,鼻血
rhinorrhea,鼻漏
rhinoscope,鼻鏡
rhinoscopy,鼻鏡検査(法)、検鼻(法)
rhinosinusitis,鼻副鼻腔炎
rhinosporidiosis,リノスポリジウム症
rhinostenosis,鼻腔狭窄(症)
rhinotracheitis,鼻気管炎、鼻腔気管炎
rhinovirus,ライノウイルス
rhizagra,《歯》歯根抜去器
rhizoid,《生物》仮根
rhizoidal,a〉根様の、根状の
rhizoid,a〉根様の、根状の
rhizosphere,《生物》根圏
rhizospheric,a〉根圏の
rhizotomy,根切離(術)、神経根切離(術)
rhombencephalon,《解》菱脳
rhomboid,a〉菱形の
rhypophobia,汚物恐怖(症)
rhythm,旋律、律動、リズム
rhythmic,a〉旋律の、律動の、リズムの
rib,肋骨
ribonucleic,a〉リボ核酸の
ribose,リボース
ribosome,リボゾーム
rickettsia,リケッチア
rickettsial,a〉リケッチア(性)の、リケッチア症の
rickettsiosis,リケッチア症
ridge,陵 《歯》隆線
right,a〉右の、右方の
rigid,a〉硬直の
rigidity,強直、硬直(症) 《理化》剛性、硬さ
rigor,強直、硬直
rim,辺、縁
rima,《解》裂
rinsing,洗浄
risk,危険、危機
risorius,《解》笑筋
rivalry,闘争
river,河川
rivus,河
rod,小柱
rodent,a〉侵食性の、蚕食性の n〉齧歯類、齧歯動物
rodentia,〔動〕齧歯目
rodenticidal,a〉殺鼠薬の
rodenticide,殺鼠薬
roentgenographic,a〉Ｘ線撮影(法)の
roentgenography,Ｘ線撮影(法)
roentgenologic,a〉Ｘ線学の、Ｘ線の
roentgenologist,放射線科医、Ｘ線専門家
roentgenology,Ｘ線学、Ｘ線医学
roentgenoscope,Ｘ線透視器
roentgenoscopy,Ｘ線透視(法)
roentgenotherapy,Ｘ線照射療法
role,役割
room,部屋、〜室
root,1_神経根 2_歯根
rosacea,酒さ性痊瘡、酒さ性アクネ [L] ざそう
roseola,バラ疹
rosette,ロゼット、菊座
rostellum,額嘴
rostral,a〉吻の、脳梁吻の
rostrum,《解》吻 [L]
rotary,a〉回転の
rotation,1_回転 2_捻転
rough,a〉粗面の
roughness,粗さ
route,道、道筋、ルート
routine,a〉日常の、ルーチンの
rubber,ラバー
rubella,風疹
rubor,発赤
rudimentary,a〉痕跡の
ruga,皺 しわ
ruminant,a〉反芻動物の n〉反芻動物
rupture,破裂
saccharic,a〉砂糖の
saccharide,糖、糖類
saccharomycosis,酵母菌症
saccharification,糖化
saccule,《解》小嚢
sacculus,《解》球状嚢
saccus,《解》嚢
sacral,a〉仙骨の、仙骨部の
sacrectomy,仙骨切除(術)
sacrococcygeal,a〉仙尾[骨]の
sacrococcyx,仙骨尾骨
sacroiliac,a〉仙腸骨の、仙骨腸骨の
sacrolumbar,a〉仙腰椎の
sacrosciatic,a〉仙骨坐骨の、仙坐骨の
sacrospinal,a〉仙棘の
sacrotuberal,a〉仙結節の
sacrovertebral,a〉仙骨椎骨の、仙椎骨の
sacrum,《解》仙骨
sagittal,a〉矢状の、矢状方向の
salicyclic,a〉サリチル酸の
salimeter,塩比重計
saliva,唾液
salivary,a〉唾液の
salivation,《歯》1_唾液分泌 2_流涎、唾液過多(症)
salpingemphraxis,卵管閉塞(症)
salpingian,a〉1_卵管の 2_耳管の
salpingitis,卵管炎
salpingo ovariotomy,卵管卵巣切除(術)
salpingocele,卵管ヘルニア
salpingogram,卵管造影図
salpingography,卵管造影(法)
salpingolithiasis,卵管結石症
salpingolysis,卵管癒着剥離(術)
salpingoperitonitis,卵管腹膜炎
salpingopexy,卵管固定(術)
salpingoplasty,卵管形成(術)
salpingorrhaphy,卵管縫合(術)
salpingostomatomy,卵管開口切開(術)
salpingostomy,卵管開口(術)
salpingotomy,卵管切開(術)
salt,塩、塩分
saltatory,a〉跳躍(性)の
salve,軟膏
sample,標本、サンプル
sand,砂
sane,a〉正気の、精神健全な
sanguineous,a〉血の、血液の
sanguis,《解》血、血液
sanitarium,療養所、保養地
sanitary,a〉衛生の
sanitation,公衆衛生 衛生設備
sanity,正気、精神健全
saphenous,a〉伏在の
saponification,鹸化
saprophyte,腐生植物
saprophytic,a〉腐生植物の
sarcoblast,筋原細胞
sarcocyst,肉胞嚢
sarcocystis,肉胞子虫属
sarcoid,類肉腫、サルコイド
sarcoidosis,類肉腫症
sarcolemma,筋鞘、筋線維鞘、筋線維膜
sarcolemmal,a〉筋鞘の、筋線維鞘の、筋線維膜の
sarcolysis,筋融解、筋肉融解
sarcoma,肉腫
sarcomatoid,a〉肉腫様の
sarcomatosis,肉腫症
sarcomatous,a〉肉腫(性)の、肉腫状の
sarcomere,筋節
sarcomeric,a〉筋節の
sarcoplasm,筋形質、筋漿
sarcoplasma,筋形質、筋漿
sarcoplasmic,a〉筋形質の、筋漿の
sarcostyle,筋原線維(横紋筋の)
sartorius,縫工筋
satellite,衛星
satiation,心的飽和
saturated,a〉飽和状態の、飽和になった
saturation,飽和、飽和度
saturnine,a〉鉛の
saturnism,鉛中毒
scabies,疥癬
scabietic,a〉疥癬の
scaffold,足場 骨格、骨組み
scale,1_スケール 2_麟屑
scalenotomy,前斜角筋切開(術)
scaler,《歯》歯石除去器、スケーラー
scaling,《歯》歯石除去、スケーリング
scallop,ホタテガイ=帆立貝=
scalloped,a〉帆立貝状の
scalp,頭皮
scalpel,外科用メス、解剖用メス
scalping,頭皮剥離
scalprum,骨膜剥離器、骨膜剥離子
scaly,a〉鱗状の
scan,走査
scanning,走査
scanning,a〉走査型の
scaphocephalia,舟状頭症、舟状頭蓋奇形
scaphocephalia,舟状頭症、舟状頭蓋奇形
scaphocephalism,舟状頭症、舟状頭蓋奇形
scaphoid,a〉1_舟状の 2_舟状骨の* n〉《解》舟状骨
scaphoiditis,舟状骨炎
scapulalgia,肩甲骨痛
scapular,a〉肩甲骨の
scar,瘢痕
scarification,乱刺(法)、乱切(法)
scarring,瘢痕化
scatemia,宿便中毒
scatology,糞便学
scatoma,糞腫
scatophagy,食糞症
scatoscopy,糞便検査(法)
scelalgia,脛痛
schindylesis,《解》挟合
schistocystis,膀胱裂
schistocyte,破砕赤血球
schistoglossia,舌裂
schistosomiasis,住血吸虫症
schizodontism,裂歯症
schizophrenia,精神分裂(症)
schizophrenic,a〉精神分裂(症)の
school,学校
schoolchild,学童
schwannoma,神経鞘腫
science,科学
scientific,a〉科学の
scientist,科学者
scintigram,シンチグラム
scintigraphy,シンチグラフィ
scintillascope,シンチラスコープ
scintillation,シンチレーション
scirrhoma,硬性癌
scirrhous,a〉硬性癌の
scirrhus,硬性癌
sclera,《解》強膜
scleral,a〉強膜の
scleredema,硬水腫、浮腫性硬化症
scleritis,強膜炎
scleroconjunctival,a〉強膜結膜の
sclerocorneal,a〉強膜角膜の
sclerodentin,硬化象牙質
scleroderma,強皮症、皮膚硬化(症)
sclerogenous,a〉硬化性の
scleroma,硬化腫
sclerometer,硬度計
scleronychia,爪(甲)硬化症
scleronyxis,強膜穿刺術
sclerosing,a〉硬化(性)の
sclerosis,硬化症
sclerotic,a〉1_硬化(症)の 2_強膜の 3_<[植物]>細胞壁硬化の
scoliosis,側彎症
scopophobia,視線恐怖(症)
scorbutic,a〉壊血病(性)の
scotoma,暗点、視野暗点<網膜の>
scotometry,暗点計測、暗点測定
scotophilia,暗所嗜好症
scotophobia,暗所恐怖(症)
scotopia,暗順応
scotopic,a〉暗所の、暗順応の
scototherapy,暗所療法
scrotal,a〉陰嚢の
scrotectomy,陰嚢切除(術)
scrotitis,陰嚢炎
scrotocele,陰嚢ヘルニア
scrotoplasty,陰嚢形成(術)
scrotum,《解》陰嚢
sealant,《歯》封鎖材
sealing,《歯》シーリング、填塞
search,検索
sebaceous,a〉皮脂(性)の
sebastomania,宗教狂
seborrhea,脂漏(症)
seborrheic,a〉脂漏(性)の、脂漏症の
secodont,《歯》切縁歯
second,a〉第２の、２番目の n〉秒
secondary,a〉二次(性)の、二次的な、続発性の
secretion,1_分泌 2_分泌物、分泌液
secretory,a〉分泌(性)の
section,切片
sectioning,切片作成
secular,a〉1_現世の、世俗の、非宗教的な 2_一世紀一回の、百年一度の 3_長期の
sedation,鎮静、鎮静作用
sedative,a〉鎮静の、鎮静させる、鎮静作用のある n〉鎮静薬
sediment,沈渣、沈澱物
sedimentary,a〉沈渣の、沈澱物の
sedimentation,1_沈降 2_《理化》堆積作用
seed,種、種子
segmental,a〉分節の
segmentation,分割、割卵; 分節化; 断節、分節
segmented,a〉分葉核の
seismologist,《理化》地震学者
seismometry,《理化》地震計測(学)
seizure,発作、癲癇発作
selection,選択、淘汰
selectivity,選択性
selenodont,半月歯
self administration,自己投与
self care,セルフケア、自己管理
self purification,自然浄化
semicanal,半管
semicircular,a〉半円の、半円状の
semiconductor,半導体
semidominant,a〉不完全優性の
semifixed,a〉半固定性の
semilogarithmic,a〉半対数
semilunar,a〉半月状の、半月形の
seminal,a〉精液の、精子の、精嚢の
seminar,セミナー、ゼミナール、(大学の)演習
seminiferous,a〉輸精の
semiosis,〔言語〕記号現象
semipermeability,半透性
semipermeable,a〉半透性の
semispinalis,半棘筋
semisulcus,半溝
semitendinosus,《解》半腱様筋
semitendinous,a〉半腱様筋の
semithin,a〉厚切りの(電顕切片の)
semitransparent,a〉半透明の
senescent,a〉老衰の、老化の
senile,a〉老人(性)の、老年性の、老人期の
senopia,視力再生
sensation,感覚
sense,感覚
sensibility,1_敏感 2_感覚能 3_《理化》感度
sensitive,a〉感じやすい、鋭敏な 敏感な、感受性の
sensitivity,感度
sensitization,感作 《理化》増感
sensitizer,増感剤
sensory,a〉感覚の、知覚の
separability,分離性
separation,分離
sepsis,敗血症
septal,a〉中隔の 隔壁の
septicemia,敗血症
septicopyemia,膿敗血症
septile,a〉中隔の、隔壁の
septimetritis,敗血性子宮炎
septomaxillary,a〉鼻中隔上顎の
septonasal,a〉鼻中隔の
septoplasty,鼻中隔形成(術)
septotome,鼻中隔切開器
septotomy,鼻中隔切開(術)
septulum,《解》中隔
septum,《解》中隔 隔壁
sequence,配列
sequester,腐骨
sequestral,a〉腐骨の
sequestration,1_腐骨分離、腐骨形成 2_患者の隔離 3_分離
sequestrectomy,腐骨摘出(術)
sequestrotomy,腐骨切開(術)
sequestrum,腐骨 [L]
serocele,漿液瘤
serocolitis,結腸漿膜炎
seroconversion,セロコンバージョン
serodiagnosis,血清学的診断(法)
serodiagnostic,a〉血清学的診断の、血清診断の
serologic(al),a〉血清学の、血清学的な
serology,血清学
seromembranous,a〉漿膜性の
seromucous,a〉漿液粘液(性)の
seronegative,a〉血清反応陰性の
seroprevalence,血清抗体陽性率
serosal,a〉漿膜の
serositis,漿膜炎
serotherapy,血清療法
serotonin,セロトニン
serotoxin,血清毒素
serous,a〉漿液性の
serrate,a〉鋸歯状の
serum,血清
serum free,a〉無血清の
serumal,a〉血清の
servo anesthesia,自動制御麻酔
sesamoid,a〉1_ゴマ状の 2_種子骨の
sesamoiditis,種子骨炎
sessile,a〉無茎(性)の
sewage,汚水
sex,1_性 2_性別
sexuality,1_性欲 2_性別
shadow,陰影
sheath,《解》鞘
shigella,[Cap] シゲラ属 n〉[pl] シゲラ菌
shock,ショック
shoulder,肩
shrinkage,収縮
sialadenitis,《歯》液腺炎
sialemesia,吐唾症
sialic,a〉シアル酸の
sialoadenitis,《歯》唾液腺炎
sialolith,《歯》唾石
sialolithiasis,《歯》唾石症
sialometaplasia,《歯》唾液腺化生
sialorrhoea,流涎
siccative,乾燥剤
sickness,病気、疾患
side,側
sigmoid,a〉S状の、S字状の、S状結腸の
sigmoidectomy,Ｓ状結腸切除(術)
sigmoidopexy,Ｓ状結腸固定(術)
sigmoidoscope,Ｓ状結腸[検査]鏡
sigmoidoscopy,S状結腸検査(法)
sigmoidostomy,Ｓ状結腸造瘻(術)
sigmoidotomy,Ｓ状結腸切開(術)
sign,徴候
signal,信号、シグナル
significance,1_意味、意義 2_重要性、重大さ
significant,a〉意義のある、有意差のある
silent,a〉沈黙の
silicate,《理化》珪酸塩、ケイ酸塩
silicosis,硅粉症、硅肺症
silver,銀
similar,a〉類似する、同様な
similarity,1_類似、類似性 2_類似点、共通点
simple,a〉1_(上皮の)単層の 2_(疾患の)単純性の
simplex,単純の
simultaneous,a〉同時(性)の
sinal,a〉洞の
single,a〉単一の、単独の
single step,a〉一段の
singular,a〉1_単一の 2_奇妙な、奇異な 3_<[文法]>単数の
sinoatrial,a〉洞房の
sinobronchial,a〉副鼻腔気管支の
sinogram,副鼻腔造影図、副鼻腔造影像
sinography,副鼻腔造影(法)
sinopulmonary,a〉副鼻腔肺の
sintered,a〉焼結の
sintering,《理化》焼結
sinus,洞
sinusitis,洞炎
sinusoid,類洞
sinusoidal,a〉類洞の
siriasis,1_日射病 2_(治療のための)日光浴
site,部位
sitology,食品学、食物学
sitomania,病的飢餓、暴食症
sitophobia,食物恐怖(症)、摂食恐怖(症)
sitting,a〉座位の
skelalgia,脚痛
skeletal,a〉骨格の
skeletogenous,a〉骨格生成の
skeletomuscular,a〉骨格筋の
skeleton,骨格
skeletonic,a〉骨格の
skin,皮膚
skull,頭蓋骨
sleep,睡眠
slice,切片、スライス
sliding,a〉滑走の
sling,三角巾
slit,1_スリット、細隙 2_(臓器の)裂孔
small,a〉小さな
smallpox,天然痘、痘瘡
smoke,煙
smokeless,a〉無煙の
smoker,喫煙者
smoking,喫煙
smooth,a〉平滑な
snail,カタツムリ=蝸牛=
snake,蛇
social,a〉社会の、群居性の、群生の
socialization,社会化
society,1_社会、社交界 2_学会、協会、団体
sociobiologist,社会生物学者
sociobiology,社会生物学
socioeconomic,a〉社会経済の、社会経済的な
sociolinguistics,社会言語学
sociomedical,a〉社会医学的な
sociopath,社会病質者
socket,窩、槽、腔、ソケット
soda,ソーダ
sodium,<[元素]>ナトリウム
soft,軟らかい、柔軟な
soil,土壌
solar,a〉太陽(性)の
solid,a〉1_固体の 2_充実性の 3_<[数]>立体の
solidification,1_固形化 2_《理化》固体化
solitary,a〉孤立性の
solubility,溶解性、可溶性、溶解度
solubilization,可溶化
solute,a〉1_溶けた 2_〔植〕遊離した n〉溶質
solution,1_解決 2_溶液
solvation,溶媒和
solvent,溶媒、溶剤
soma,1_体幹、身体 2_体細胞 3_<[組]>細胞体<神経細胞の>
somatic,a〉身体の、肉体の、体腔の、体壁の、体性の
somatomegaly,巨人症
somatometry,身体計測
somatoscopy,生体観察、体格検査
somatosensation,体性感覚
somatosensory,a〉体性感覚の
somatostatin,ソマトスタチン
somite,体節
somitic,a〉体節の
somnifacient,催眠薬
somniloquence,寝言
somniloquism,寝言
somniloquist,寝言をいう人
somnipathy,1_睡眠障害 2_催眠状態
somnolence,傾眠
somnolency,傾眠
somnolent,a〉傾眠の
somnolentia,1_傾眠(somnolence  somnolency) 2_宿酔(sleep drunkness｢半覚醒状態｣)
somnolism,催眠状態
sonar,水中音波探知機、ソナー
sonication,音波破砕、音波処理
sonogram,音波検査図、ソノグラム
sonographic,a〉超音波検査(法)の
sonography,超音波検査(法)
sonohysterography,超音波子宮検査
sonolucent,a〉超音波透過の、無響の
sonometer,聴力計
sopor,昏眠
sore,糜爛、潰瘍<皮膚･粘膜の>
sound absorbing,a〉吸音の
sound proof,a〉防音の
source,1_源、源泉、根源 2_水源、水源地 3_出所、出典、典拠
space,1_空間 2_間隙、空隙、腔 3_宇宙
spaced,a〉空隙のある
spacer,《歯》スぺーサー
spasm,痙攣、痙縮、攣縮
spasmodic,a〉痙攣性の
spasmogen,痙攣原物質
spasmogenic,a〉痙攣原性の n〉痙縮薬、攣縮薬
spasmology,痙攣学
spasmolytic,a〉鎮痙(性)の n〉鎮痙薬
spasmophile,a〉易痙攣性の
spasmophilia,易痙攣性
spasmophilic,a〉易痙攣性の
spastic,a〉痙攣(性)の、痙性の、痙縮(性)の
spatial,a〉空間の
spatula,スパチューラ
special,a〉特殊な
specialist,専門家、専門医
specialized,a〉特殊な
species,種
species specific,a〉種特異性の
specific,a〉特異的な、特異性をもつ
specificity,特異性、特異度、限定性
specimen,1_標本、切片標本 2_試料、検体、標品
spectral,a〉分光の
spectrographic,a〉分光写真(術)の
spectrometer,分光計
spectrometric,a〉分光計の、分光術の
spectrometry,分光測定(法)、分光術
spectrophotofluorometer,分光蛍光光度計
spectrophotometer,分光光度計
spectropolarimeter,分光旋光計
spectroscope,分光器
spectroscopic,a〉分光の、分光法による
spectroscopy,分光学、分光法
spectrum,《理化》スペクトル、分光
speed,速度
sperm,精子
spermatic,a〉1_精子の 2_輸精の 3_輸精管の
spermatid,精子、精子細胞
spermatitis,精管炎、精索炎
spermatoblast,精芽細胞
spermatocele,精液瘤
spermatocyst,1_精嚢 2_精液瘤
spermatocystitis,精嚢炎
spermatocyte,精母細胞
spermatogenesis,精子形成
spermatogenic,a〉精子形成の
spermatogonium,精祖細胞
spermatology,精液学
spermatolysis,精子溶解
spermatopathia,精液病、精子病
spermatophyte,種子植物
spermatozoon,精子、精虫
spermaturia,精液尿(症)
spermectomy,精索切除(術)
spermiogenesis,精子完成、精子変態、精子形成
spermolith,精管結石
spermoloropexis,精索固定(術)
spermoneuralgia,精索神経痛
spermophlebectasia,精索静脈瘤
sphenofrontal,a〉蝶前頭の
sphenoid,a〉蝶形の n〉《解》蝶形骨
sphenoidal,a〉蝶形の
sphenomandibular,a〉蝶下顎の
sphenomaxillary,a〉蝶上顎の
sphenopalatine,a〉蝶口蓋の
sphenoparietal,a〉蝶頭頂の
sphenosquamosal,a〉蝶鱗の
sphenozygomatic,a〉蝶頬骨の
spherical,a〉球の、球体の、球状の
spherocyte,球状赤血球
spherocytosis,球状赤血球症
spheroidal,a〉球状の
spheroma,球状腫
spherometer,球面計
spherule,小球
spherulite,球晶
sphincter,括約筋
sphincteral,a〉括約筋の
sphincteric,a〉括約筋の
sphincteritis,括約筋炎
sphincterotomy,括約筋切開(術)
sphingolipidosis,スフィゴリピドシス、スフィゴリピド症、スフィゴ脂質症
sphingomyelin,スフィンゴミエリン
sphingomyelinosis,スフィンゴミエリン症
sphygmic,a〉脈波の
sphygmodynamometer,脈圧計
sphygmogram,脈波図
sphygmograph,脈波計
sphygmographic,a〉脈波記録(法)の
sphygmography,脈波記録(法)
sphygmoid,a〉脈波様の
sphygmomanometer,血圧計、脈圧計
sphygmomanometry,血圧測定
sphygmometer,脈拍計
sphygmometeric,a〉脈拍計の、脈拍計による
sphygmophone,脈音器
sphygmoscope,脈拍記録計
sphygmotonometer,動脈壁弾力計
sphygmus,脈拍 [L]
sphyrectomy,槌骨切除(術) つち
sphyrotomy,槌骨切開(術) つち
spicule,針状骨、骨片、スピクラ
spider,〔昆虫〕クモ
spike,スパイク
spike like,a〉拍車状の
spina,《解》1_棘 2_脊椎、脊柱
spinal,a〉脊髄の、脊椎の、脊柱の
spinalgia,脊髄痛
spindle,1_紡錘 2_(有糸分裂の)紡錐体 3_(脳波の)紡錐
spindle shaped,a〉紡錘形の
spine,《解》1_棘 2_脊椎、脊柱
spinobulbar,a〉脊髄延髄の
spinocerebellar,a〉脊髄小脳の
spinothalamic,a〉脊髄視床の
spinous,a〉棘の、棘状の、有棘の
spiradema,汗腺腫
spirillosis,らせん菌[感染]症
spirillum,〔菌〕スピリウム属 〈らせん菌鼠咬症など〉
spirit,精神
spirochetemia,スピロヘータ血症
spirogram,呼吸曲線、肺容量曲線、スパイログラム
spirograph,呼吸機能記録器
spirography,呼吸機能記録(法)
spirometer,肺活量計
spirometry,肺活量測定(法)
splanchnic,a〉内臓の
splanchnicectomy,内臓神経切除(術)
splanchnocele,内臓ヘルニア
splanchnocoele,内臓腔
splanchnodiastasis,内臓分離、内臓転位
splanchnolith,内臓結石
splanchnology,内臓学
splanchnomegaly,内臓巨大症
splanchnopathy,内臓疾患、内臓障害
splayfoot,開張足
spleen,《解》脾、脾臓
splen,《解》脾、脾臓 [L]
splenalgia,脾臓痛
splenectasis,脾腫大
splenial,a〉板状筋の
splenic,a〉脾臓の
splenitis,脾炎
splenius,《解》板状筋
splenocyte,脾細胞
splenodynia,脾臓痛
splenography,脾造影(法)
splenomalacia,脾軟化(症)
splenomegaly,脾腫大、巨脾症
splenoptosis,脾下垂(症)
splenorrhagia,脾出血
splenosis,脾症
splenotomy,脾切開(術)
splint,副子
spluttery,a〉泡沫の
spondylalgia,脊椎痛
spondylarthritis,脊椎関節炎、脊椎炎
spondylarthrosis,脊椎関節症
spondylectomy,脊椎切除(術)
spondylitic,a〉脊椎炎の
spondylitis,脊椎炎
spondylizema,脊椎陥没(症)
spondyloarthropathy,脊椎関節症
spondylarthropathy,脊椎関節症
spondylocace,脊椎結核、脊椎カリエス
spondylodynia,脊椎痛
spondyloepimetaphyseal,a〉脊椎骨端骨幹端の
spondyloepiphyseal,a〉脊椎骨端の
spondylolisthesis,脊椎すべり症
spondylolysis,脊椎分離(症)
spondylomalacia,脊椎軟化(症)
spondylometaphyseal,a〉脊椎骨幹端の
spondylomyelitis,脊椎脊髄炎
spondylopathy,脊椎症
spondyloptosis,脊椎下垂(症)
spondylopyosis,脊椎化膿(症)
spondyloschisis,脊椎[披]裂、二分脊椎(症)
spondylosis,脊椎症、脊椎強直
spondylosyndesis,脊椎癒着
spondylotic,a〉脊椎症(性)の
spondylotomy,脊椎骨切り(術)
spondylous,a〉脊椎の、脊柱の
sponge,海綿
spongiosum,海綿状の
spongy,a〉海綿状の
spontaneity,自発性
spontaneous,a〉自発の
sporadic,a〉散在性の、散発性の
spore,胞子
spore forming,a〉胞子形成の
sporicide,殺胞子剤
sporogenous,a〉胞子産生の、胞子による増殖の
sporotrichosis,スポロトリコーシス、スポロトリクム症
sporozoite,種虫、スポロゾイト
sporozoan,a〉胞子虫類の n〉胞子虫
sporozoon,胞子虫
spot,斑
spouse,配偶者
sprayer,噴霧器
spraying,a〉噴霧の
springing,a〉跳躍(性)の
sprue,(歯) 湯道、スプルー
sputum,痰
squama,《解》鱗 [L]
squamosal,#NAME?
squamous,a〉1_鱗状の 2_(上皮が)扁平の
squint,斜視
stability,安定性
stable,a〉安定の
stage,期、時期 病期
stagnation,《歯》停滞、貯留
stalagmometer,滴数計
staling,《生物》減衰成長
stalked,a〉有柄の
standard,標準
standardized,a〉標準化した
standing,a〉直立の
stannic,a〉第二錫の、第二スズの、錫(IV)の、スズ(IV)の
stannous,a〉第一錫の、第一スズの、錫(II)の、スズ(II)の
stapedectomy,アブミ骨摘出(術) 鐙骨
stapedial,a〉アブミ骨の
stapedius,アブミ骨筋=鐙骨筋=
stapes,《解》アブミ骨=鐙骨=
staphylitis,口蓋垂炎
staphylococcal,a〉黄色ブドウ球菌(性)の
staphylococcemia,葡萄球菌血症、ブドウ球菌血症
staphylococcus,葡萄球菌、ブドウ球菌
staphyloma,葡萄腫、葡萄膜腫
staphyloptosis,口蓋垂下垂(症)
staphylorrhaphy,軟口蓋縫合術
starch,澱粉
starchy,a〉澱粉の
starvation,飢餓
stasi basophobia,起立歩行恐怖(症)
stasis,停滞
state,状態
static,a〉静止(性)の
stationary,a〉定常の
statistic(al),a〉統計の
statistics,統計学
statoconium,《解》平衡砂
statocyst,平衡胞、平衡嚢
statokinetic,a〉平衡運動の
statometer,眼突出計
statosphere,中心球
staxis,出血
steam,蒸気
steatitis,脂肪組織炎
steatocele,脂肪瘤
steatogenesis,脂肪生成、脂肪産生
steatohepatitis,脂肪性肝炎
steatopygia,殿部脂肪過多(症)、殿部脂肪蓄積
steatopygous,a〉殿部脂肪過多(症)、殿部脂肪蓄積
steatolysis,脂肪融解
steatonecrosis,脂肪壊死
steatorrhea,1_皮脂漏 2_脂肪便 漏=ろう
steatosis,1_脂肪症 2_皮脂分泌異常
stegma,恥垢
stellate,a〉星形の、星状の
stelliform,a〉星形の、星状の
stem,幹
stenoinsufficiency,狭窄不全、閉鎖不全
stenophobia,狭所恐怖(症)
stenosis,狭窄(症)
stenotic,a〉狭窄(症)の
step,ステップ
stepped,a〉段階的な
stercolith,糞石、腸石、腸結石
stercoraceous,a〉糞の、糞便[状]の
stercoral,a〉糞の、糞便[状]の
stereoagnosis,立体認知不能
stereocampimeter,立体視野計
stereochemistry,立体化学
stereoencephalometry,立体脳測定法
stereognosis,立体認知
stereognostic,a〉立体認知の
stereograph,立体描写器
stereoisomer,立体異性体
stereoisomerism,立体異性
stereomicroscope,実体顕微鏡
stereoselectivity,立体選択性
stereospecificity,立体特異性
stereotaxic,a〉定位の
stereotype,紋切り型
stereotyped,a〉常同の
stereotypy,常同症
steric,a〉立体化学の
sterile,a〉1_不妊(症)の 2_無菌(性)の
sterility,1_不妊(症) 2_滅菌、無菌(性)
sterilization,1_滅菌(法) 2_不妊手術、不妊(法)
sterilizer,消毒器、滅菌器
sternal,a〉胸骨の
sternalgia,胸骨痛
sternoclavicular,a〉胸鎖の
sternocleidal,a〉胸骨鎖骨の
sternocleidomastoid,a〉胸鎖乳突の
sternocostal,a〉胸肋の、胸骨肋骨の
sternohyoid,a〉胸骨舌骨の
sternopericardial,a〉胸骨心膜の
sternothyroid,a〉胸骨甲状の
sternotomy,胸骨切開(術)
sternum,《解》胸骨
steroid,ステロイド
steroidogenic,a〉ステロイド産生の、ステロイド生成の
stertorous,a〉狭窄音の
stethalgia,胸痛
stethogoniometer,胸部彎曲計
stethometer,胸部測定器
stethoscope,聴診器
stethoscopic,a〉聴診器の、聴診法の、聴診による
stillbirth,死産
stimulant,刺激薬、興奮薬、覚醒剤
stimulation,刺激をあたえること
stimulatory,a〉刺激(性)の
stimulus,刺激
stimulus conducting,a〉刺激伝導の
stitch,縫合(術)、縫合法
stoichiometry,化学量論
stoma,〔植〕気孔
stomach,胃
stomachache,胃痛
stomatitis,口内炎
stomatognathic,a〉顎口腔の
stomatologic(al),a〉口腔科学の、口腔科学的な
stomatology,《歯》口腔科学
stomatomycosis,《歯》口腔真菌症
stone,結石
stool,糞便
storage,貯蔵、蓄積
storiform,a〉花むしろ様の
strabism,斜視
strabismus,斜視
strabometer,〔眼〕斜視測定計、斜視計
strabismometer,〔眼〕斜視測定計、斜視計
straight,a〉真っ直ぐな
strangulation,1_絞殺 2_絞扼(症) こうやく
strategy,戦略
stratified,a〉1_(上皮の)重層の 2_層別の
strength,強さ、強度
streptococcaceae,〔菌〕連鎖球菌科、ストレプトコッカス科
streptococcal,a〉連鎖球菌(性)の
streptococcemia,連鎖球菌血(症)
streptococcic,a〉連鎖球菌(性)の
streptococcosis,連鎖球菌症
streptococcus,1_[Cap] 連鎖球菌属 2_[pl] 連鎖球菌
streptozotocin,ストレプトゾトシン
stress,応力、ストレス
stressor,ストレッサー
stretch,1_伸展 2_緊張 3_広がり、連続 4_範囲、限界
stretcher,ストレッチャー、担架
striatal,a〉線条体の
striated,a〉1_(平行に走る)線･すじ･溝のある 2_横紋筋の
striatum,線条体
stricture,1_狭窄(症) 2_収縮
stroma,《解》支質
stromal,a〉間質(性)の
structural,a〉構造の、構造的な
structure,構造
struma,甲状腺腫
study,1_学習 2_研究、調査 3_書斎
stupor,昏迷･昏迷状態、昏睡、人事不省
stuporous,a〉昏迷の･昏迷状態の、昏睡の、人事不省の
styloglossal,a〉茎突舌の
styloglossus,《解》茎突舌筋
stylohyoid,a〉茎突舌骨の
stylohyoideus,《解》茎突舌骨筋
styloid,a〉茎状の
stylomandibular,a〉茎突下顎の
stylomastoid,a〉茎乳突の
stylomaxillary,a〉茎突上顎の
stylopharyngeus,《解》茎突咽頭筋
subacidity,酸減少症
subacromial,a〉肩峰下の
subacute,a〉亜急性の
subalimantation,低栄養
subarachnoid,a〉蜘蛛膜下の、クモ膜下の
subarcuate,a〉弓下の
subareolar,a〉乳輪下の
subaural,a〉耳下の
subauricular,a〉耳介下の
subcallosal,a〉梁下の
subcapital,a〉骨頭下の
subcapsular,a〉被膜下の
subcecal,a〉盲腸下の
subcellular,a〉細胞レベル下の、亜細胞の
subchondral,a〉軟骨下の
subchoroidal,a〉脈絡膜下の
subcilial,a〉睫毛下の
subclass,亜綱
subclavian,a〉鎖骨下の
subclavicular,a〉鎖骨下の
subclinical,a〉亜臨床的な、無症状の、潜在性の
subcollateral,a〉側副下の
subcondylar,a〉顆頭下の
subcortical,a〉皮質下の
subcostal,a〉肋下の
subcranial,a〉頭蓋下の
subcutaneous,a〉皮下の
subcuticular,a〉表皮下の
subdermal,a〉皮下の
subdominant,a〉〔植〕亜優占の
subdural,a〉硬膜下の
subendocardial,a〉心内膜下の
subendocardium,心内膜下組織、心内膜下層、心内膜下心筋
subendymal,a〉上衣下の
subependymal,a〉上衣下の
subependymoma,上衣下腫
subepidermal,a〉表皮下
subepithelial,a〉上皮下の、上皮直下の
subfamily,亜科
subfascial,a〉筋膜下の
subgenual,a〉膝下の
subgenus,亜属
subgingival,a〉歯肉縁下の
subglenoid,a〉関節窩下の
subglossal,a〉舌下の
subglottal,a〉声門下の
subglottic,a〉声門下の
subgroup,亜群
subgrouping,亜群化
subhepatic,a〉肝下の、肝臓下の
subiculum,《解》海馬台、海馬支脚
subileus,亜イレウス、部分腸閉塞、スブイレウス
subiliac,a〉腸骨下部の
subinfection,亜感染症
subintimal,a〉内膜下の
subject,1_題目、題名 2_科目、学科 3_被検者、被験者
subjective,a〉主観的な; (症状が)自覚の
sublemmal,a〉膜下の
sublimation,昇華
sublimatum,昇汞
subliminal,a〉閾下の、閾値下の、限界下の
sublingual,a〉舌下の
sublobular,a〉小葉下の
sublumbar,a〉腰下(部)の
subluxation,亜脱臼、不完全脱臼
submammary,a〉乳腺下の
submandibular,a〉顎下の
submarginal,a〉辺縁下の
submarine,a〉海底の
submaximal,a〉最大下の
submeningeal,a〉髄膜下の
submental,a〉オトガイ下の
submerged,a〉1_沈下の 2_《歯》低位の
submersion,沈下
submucosa,粘膜下層
submucosal,a〉粘膜下の
submucous,a〉粘膜下の
subnutrition,低栄養
suboccipital,a〉後頭下の
subocclusal,a〉咬合面下の
subodontoblastic,a〉象牙芽細胞下の
suboptimal,a〉最適値以下の
suboptimum,a〉最適下限の
suborbital,a〉眼窩下(部)の
suborder,亜目
suboxide,亜酸化物
subperiosteal,a〉骨膜下の
subperitoneal,a〉腹膜下の
subphrenic,a〉横隔[膜]下の
subpopliteal,a〉膝窩筋下の
subpopulation,亜母集団
subpubic,a〉恥骨下の
subpulmonary,a〉肺下の
subpulpal,a〉歯髄下の、髄下の
subrenal,a〉腎臓下の
subretinal,a〉網膜下の
subscapular,a〉肩甲下の
subserosal,a〉漿膜下の、漿膜下組織の
subset,細胞亜集団、サブセット
subspecies,亜種
substance,物質
substantia,《解》質
substantiation,証拠固め、実証; 具体化; 緊密化
substernal,a〉胸骨下の
substitute,代替品、代用品
substitution,置換
substrain,亜種、亜系
substrate,基質
subsynaptic,a〉シナプス下の
subsyndromal,a〉亜症候群の
subtendinea,腱下の
subtendinous,a〉腱下の
subthreshold,a〉閾下の
subtrochanteric,a〉転子下の
subtympanic,a〉鼓膜下の
subtype,サブタイプ
suburb,郊外
suburban,a〉郊外の
subxiphoid,a〉剣状突起下の
succinic,a〉コハク酸の
sucrose,蔗糖
suction,吸引(法)
sudaminal,a〉汗疹の あせも
sudden,a〉突発(性)の
sudor,汗、発汗
sudoral,a〉汗の、発汗の
sudoresis,発汗過多(症)、過剰発汗、多汗(症)
sudoriferous,a〉発汗する
sudorific,a〉発汗させる、発汗(性)の n〉発汗薬
sudoriparous,a〉発汗する
sufficient,a〉十分な
suffocation,窒息
suffusion,1_潅水療法 2_皮下溢血
sugar,糖
suggestibility,被暗示性
suggillation,皮下溢血
suicide,自殺
suicidal,自殺
suicidal,a〉自殺の
sulcus,《解》溝
sulfate,硫酸塩
sulfation,硫酸化
sulfide,硫化物
sulfite,亜硫酸塩
sulfonamide,スルホンアミド
sulfur containing,a〉含硫の
sulfuric,a〉硫酸の
summary,抄録、摘要
sun,太陽
sunburn,日焼け
sundial,日時計
sunlight,日光
superciliary,a〉眉毛の、眉の
supercilium,眉毛、眉、まゆげ
superconductivity,超伝導、超電導
superconscious,a〉超意識の
superficial,a〉表在(性)の、表層(性)の、浅在性の
superior,a〉上の、上方の
supermotility,運動過剰
supernatant,上清
supernormal,a〉過常の
supernumerary,a〉過剰の
supernutrition,過栄養、栄養過多
superoxide,過酸化物、超酸化物
superpigmentation,#NAME?
supination,回外
supinator,《解》回外筋
suppine,a〉あおむけになった、上向きの、仰臥の
supporting,a〉支持の
suppression,抑圧
suppressive,a〉1_抑制の 2_鎮静の、鎮痛の
suppressor,抑制子、サプレッサー
suppuration,化膿
suppurative,a〉化膿(性)の
supraaddition,《歯》相乗作用
suprabasal,a〉基底上の
suprabony,a〉骨縁上の
suprachiasmatic,a〉視交叉上の
supraclavicular,a〉鎖骨上の
supracondylar,a〉顆上の
supracostal,a〉肋骨上の
supracrestal,a〉骨縁上の
supracristal,a〉稜上の
supraepicondylar,a〉顆上の
supragingival,a〉歯肉縁上の
supraglottal,a〉声門上の
supraglottic,a〉声門上の
suprahepatic,a〉肝臓上の
suprahyoid,a〉舌骨上の
supralumbar,a〉腰上の
supramammary,a〉乳腺上の
supramarginal,a〉縁上の
suprameatal,a〉道上の
suprameatum,道上の
supranasal,a〉鼻上の
supranuclear,a〉核上の
supraoptic,a〉視索上の
supraoptimal,a〉最適上の
supraorbital,a〉眼窩上の
supraorbitalis,眼窩上の [Ｌ属格]
suprapatellar,a〉膝蓋上の
suprapelvic,a〉骨盤上の
suprapubic,a〉恥骨上の、陰部上の
suprapyloric,a〉幽門上の
suprarenal,a〉副腎の
suprascapular,a〉肩甲上の
suprascleral,a〉強膜上の
supraspinal,a〉脊柱上の
supraspinatus,《解》棘上筋
supraspinous,a〉棘上の
suprasternal,a〉胸骨上の
suprastyloid,a〉茎突上の
supratemporal,a〉側頭骨上の
supratentorial,a〉小脳テント上の、テント上の
suprathreshold,a〉閾上の
supratonsillar,a〉扁桃上の
supratragic,a〉珠上の
supratrochlear,a〉滑車上の
supratympanic,a〉鼓室上の
supravaginal,a〉膣上の
supravalvular,a〉弁上の
supraventricular,a〉上室(性)の、室上の、心室上方(性)の
supraxiphoid,a〉剣状突起上の
sura,《解》腓腹
surface,表面
surfactant,界面活性剤、界面活性物質
surgeon,外科医
surgery,外科
surgical,a〉外科の、外科的な、外科用の、手術の
survey,調査
survival,生存
susceptibility,感受性
susceptible,a〉(〜を)受けやすい、(〜に)影響されやすい、感染しやすい; 感じやすい、敏感な、多感な; (〜が)できる･可能な
suspension,1_浮遊、浮遊状態 2_浮遊液、浮遊物 3_《理化》懸濁 4_懸濁液
suspensory,a〉懸吊の、提挙する
sutural,a〉縫合の
suture,1_《解》縫合 2_(外科の)縫合、縫合術、縫合法 3_(外科の)縫合糸、縫合線、縫合材
swaged,a〉圧印の
swallowing,嚥下
sweat,1_汗 2_発汗、発汗状態
sweating,発汗
sweetener,甘味料
swelling,a〉腫大(性)の n〉腫大、腫脹
swimmer,水泳者
sycosis,毛瘡
symbiosis,共生
symbiotic,a〉共生の
symblepharon,眼瞼癒着
symbol,1_象徴 2_記号
symmelia,合肢症、人魚体症、下肢癒着症
symmelus,合肢体、人魚体、下肢癒着体
symmetric(al),a〉対称(性)の
symmetry,対称
sympathectomy,交感神経切除(術)
sympathetic,a〉交感神経の
sympathicotonia,交感神経活動亢進
sympatholytic,a〉交感神経遮断(性)の n〉交感神経遮断薬
sympathomimetic,a〉交感神経作用(性)の
symphysis,《解》結合
symptom,症状
symptom free,a〉症状のない、無症状の
symptomatic,a〉症状の
symptomless,a〉無症状の、症状のない
sympus,合足体、合脚体
synalgia,遠隔痛
synanthema,混合皮疹
synapse,シナプス
synapsis,対合、シナプシス
synaptic,a〉シナプスの
synaptogenesis,シナプス形成
synarthrosis,《解》不動関節
syncanthus,眼角眼球癒着
syncephalalus,頭部結合体
synchondrosis,《解》軟骨結合
synchronization,同期化
synchrony,同期性、同時性、同調性
synchronism,同期性、同時性、同調性
syncopal,a〉気絶の、失神の
syncope,失神
syncytium,合胞体、多核体、シンシチウム
syncytial,合胞体、多核体、シンシチウム
syndactyl,a〉合指症の
syndactylous,a〉合指症の
syndactylization,合指化、合指化手術
syndactyly,合指(症)
syndesis,1_接合 2_対合、シナプシス
syndesmitis,靭帯炎
syndesmosis,《解》靭帯結合
syndrome,症候群
syneresis,シネレシス、離液
synergic,a〉共力作用の、共同作用の、共働の
synergism,共同作用、相乗作用
synergism,共力作用、共同作用、協力作用、相乗作用
synergia,共力作用、共同作用、協力作用、相乗作用
synergy,共力作用、共同作用、協力作用、相乗作用
synergistic,a〉共同作用の、相乗作用の、協同作用の
synergy,共同作用、相乗作用
syngeneic,a〉1_同系の、同種の 2_同遺伝子型の
syngenesis,有性生殖
syngenetic,a〉有性生殖の
syngenic,a〉1_同系の、同種の 2_同遺伝子型の
syngraft,1_同系移植 2_同系移植片
synkaryon,《生物》合核、融合核
synkinesis,共同運動
synnecrosis,共死状態
synophthalmus,合眼体
synoscheos,陰茎陰嚢癒着(症)
synosteology,関節学
synosteotomy,骨癒合剥離(術)
synostosis,1_骨癒合(症) 2_《解》骨結合
synotia,合耳(症)
synovial,a〉滑液の、滑膜(性)の
synovitis,滑膜炎
synthase,シンターゼ、合成酵素
synthesis,合成
synthetase,シンテターゼ、合成酵素
synthetic,a〉合成の
syntropic,a〉並行性の
syphilid,梅毒疹
syphilis,梅毒
syphilitic,a〉梅毒(性)の
syringe,注射器
syringocele,脊髄瘤
syringoma,汗管腫
syringomyelia,脊髄空洞症
syringomyelocele,空洞状脊髄脱出
system,1_系、系統 2_〜器系
systemic,a〉全身(性)の
systole,(心臓の)収縮、収縮期
systolic,a〉収縮期(性)の
tabes,〜癆、消耗
table,食卓、テーブル、〜台; (図表の)表
tache,F. 斑=はん、斑点
tachetic,a〉斑点の
tachogram,1_タコグラム、速度曲線、速度図 2_血流速度図
tachograph,タコグラフ、速度記録器
tachometer,回転速度計
tachyarrhythmia,頻脈性不整脈、頻拍性不整脈
tachycardia,頻脈
tachylalia,速語症、早語症
tachymeter,速度計
tachyphagia,速食症
tachyphrasia,速語症
tachyphylaxis,タキフィラキシー、速成耐性
tachypnea,頻呼吸、多呼吸
tachypneic,a〉頻呼吸の、多呼吸の
tackiness,粘着性
tactile,a〉触覚の
tactometer,触覚計、触覚測定器
taenia,《解》ヒモ
taeniasis,条虫症
taking,《歯》採得
talc,滑石、タルク
talcosis,滑石沈着(症)
talipes,彎足、彎曲足
talipomanus,彎曲手
talocalcaneal,a〉距踵の
tamponade,タンポナーデ
tangential,a〉1_接線の 2_脱線的な
tangibility,触知できること、触知性
tangible,a〉触知できる
tapedum,内面層
target,標的、ターゲット
targetting,標的化
tarsal,a〉1_瞼板の 2_足根、足根骨の
tarsalgia,足根痛
tarsitis,眼瞼炎
tarsoplasty,瞼板形成(術)
tarsorraphy,眼瞼板縫合(術)
tarsotomy,足根切開(術)
tautomerism,互変異性
technical,a〉技術の
technician,技師
technique,技術、〜法
technologist,技術者
tectopontine,a〉視蓋橋の
tectospinal,a〉視蓋脊髄の
tectum,《解》蓋 例「中脳蓋」１例のみ
tegmen,《解》蓋、天蓋、被蓋
tegmental,《解》蓋、天蓋、被蓋
tela,《解》組織
telalgia,投射痛、関連痛
telangiectasia,毛細血管拡張(症)
telangiectasis,毛細血管拡張(症)
telangiectatic,a〉毛細血管拡張性の
telangiitis,毛細血管炎
telangioma,毛細血管腫
telangiosis,毛細血管症
telecanthus,眼角離開
telecytology,遠隔細胞診
telegnosis,遠隔診断法
telegram,電信、電報
telegraph,電信、電報
telemetry,遠隔測定、テレメトリ
telencephalic,a〉終脳の
telencephalon,終脳
teleneuron,〔組織〕神経終末
teleology,目的論
teleorganic,a〉生命に必要な、生気ある
telepathology,遠隔病理診断
telepathy,テレパシー
telephone,電話
teleradiology,遠隔画像診断
telergy,遠隔精神作用
teleroentgentherapy,遠隔Ｘ線照射療法
telescope,望遠鏡
telesurgery,遠隔外科
telesystolic,a〉収縮末期の
teleomitosis,完全有糸分裂
television,テレビ
telomerase,テロメアーゼ
telomere,終末体、テロメア
telophase,終期<細胞周期の>
temperate,a〉節度のある、節制する
temperature,温度
temperature regulatory,a〉温度調節の、体温調節の
temperature sensitive,a〉温度感受性の
temple,《解》側頭
tempora,《解》側頭
temporal,a〉側頭の、側頭骨の
temporary,a〉1_一時の、臨時の、一過性の 2_《歯》暫間の
temporolimbic,a〉側頭辺縁の
temporomandibular,a〉側頭下顎の
temporoparietal,a〉側頭頭頂の
tendency,1_傾向 2_性癖、性向
tenderness,圧痛
tendinitis,腱炎
tendinous,a〉腱の
tendon,腱
tendovaginitis,腱鞘炎
tennist,テニス選手
tenosynovectomy,腱鞘切開(術)
tensin,テンシン
tentacle,1_<[動]>触手 2_<[植]>触毛
tentorial,a〉テントの、天幕の
tentorium,《解》テント、天幕 [L]
teratocarcinoma,奇形癌
teratogenetic,a〉催奇形(性)の、催奇性の
teratogenic,a〉催奇形(性)の、催奇性の
teratogenous,a〉胚子残遺性の
teratology,奇形学
teratoma,奇形腫
term,1_期間、任期 2_用語
terminal,a〉1_終末の、終端の、境界の 2_末端の 3_致命的な疾患が末期の<肺炎･癌など> 4_《理化》(分子鎖の)末端の 5_<[植]>頂生の
termination,1_終結 2_《理化》停止反応
terminological,a〉術語の、用語上の
terminology,術語、専門用語; 術語学
terminus,終末、終点、末端
tertiary,a〉1_第三の、第三位･級･層･段階の 2_〔生化〕三次の
test,試験、検査、テスト
testalgia,精巣痛、睾丸痛
tester,テスター、診断器
testicle,精巣、睾丸
testicular,a〉精巣の、睾丸の
testis,性巣、睾丸
testitis,精巣炎
testosterone,テストステロン
tetanic,a〉破傷風の; 強直(性)の
tetanization,強直誘発
tetanus,破傷風; 強直痙攣
tetany,強直、テタニー
tetrabrachius,四腕奇形児
tetrachloride,四塩化物
tetracoccus,四連球菌
tetracycline,テトラサイクリン
tetrad,四つ組
tetragon,四角形
tetragonal,a〉四角形の
tetrahedral,a〉四面体の
tetrahedron,四面体
tetrahydrate,四水和物
tetralogy,四徴症
tetramazia,二重乳房
tetramer,四量体
tetraplegia,四肢麻痺
tetraploid,a〉四倍性の
tetraploidy,四倍性
tetrapus,四足体
tetrotus,四耳体
tetroxide,四酸化物
thalamencephalon,視床脳
thalamic,a〉視床の
thalamostriate,a〉視床線条体の
thalamotomy,視床切開(術)
thalamus,視床
thalassemia,地中海貧血、サラセミア
thalassophobia,海洋恐怖(症)
thalassotherapy,海治療法、海洋療法
thallophyte,葉状植物
thallospore,葉状体胞子、菌糸性胞子
thallotoxicosis,タリウム中毒(症)
thallus,葉状体
thanatism,霊魂死滅説
thanatography,1_死生論 2_死徴学
thanatoid,a〉死期の、仮死の
thanatology,死亡学、サナトロジー
thanatophobia,死恐怖(症)
thanatophoric,a〉致死(性)の、致命的な
thanatopsis,死観
thecal,a〉1_包膜の 2_卵胞膜の、莢膜の
thelitis,乳頭炎
thelorrhagia,乳頭出血
thenal,a〉母指球の
thenar,a〉手掌の n〉1_手掌 2_母指球
theomania,神狂症
theophobia,神恐怖(症)
theorem,定理
theorist,理論家
theory,理論、学説
therapist,療法士
therapy,療法、治療
thermal,a〉熱の、温度の
thermalgia,灼熱痛
thermesthesia,温度感覚、温覚、温度覚
thermionic,a〉熱イオンの
thermochemistry,熱化学
thermoduric,a〉(微生物の)耐熱性の
thermodynamic,a〉熱力学の、熱力学的な
thermodynamics,熱力学
thermoelectric,a〉熱電流の
thermoesthesiometer,温度感覚計
thermograph,温度記録計、サーモグラフ
thermography,温度記録(法)、サーモグラフィー
thermoinhibitory,a〉体温発生抑制の
thermokeratoplasty,熱角膜形成(術)
thermolabile,a〉熱不安定の、熱に弱い
thermology,熱学、熱科学
thermolysis,熱分解
thermometer,温度計、寒暖計、体温計
thermometric,a〉1_体温計の 2_温度測定の、検温の
thermometry,温度測定、検温
thermonuclear,a〉熱核の
thermophilic,a〉好熱性の、高温好性の
thermoplastic,a〉熱可塑性の
thermoplasticity,熱可塑性
thermoplegia,1_熱射病(heat stroke) 2_日射病(sunstroke)
thermopolymerization,熱重合
thermoradiotherapy,熱照射療法
thermoreceptor,温度感覚受容器
thermoregulator,温度調節器
thermoregulatory,a〉温度調節の、体温調節の
thermostability,熱安定性、耐熱性
thermostable,a〉熱安定(性)の、耐熱(性)の
thermostage,感温期
thermostat,サーモスタット
thermosystaltic,a〉熱性収縮の
thermotactic,a〉走熱性の
thermotaxic,a〉走熱性の
thermotaxis,温度走性、走熱性
thermotherapy,温熱療法
thermotolerant,a〉耐熱(性)の、熱安定(性)の
thermotonometer,熱攣縮計
thermotropism,熱向性、温度屈性
therology,哺乳動物学
thickening,肥厚
thickness,厚さ、太さ、厚径
thighbone,大腿骨
thinning,菲薄化
thiosulfate,チオ硫酸塩
thixotropic,a〉(ゲルの)揺変性の、チキソトロピーの、シキソトロピーの
thoracic,a〉胸の、胸部の
thoracoabdominal,a〉胸腹の、胸腹部の
thoracoacromial,a〉胸肩峰の
thoracodorsal,a〉胸背の
thoracoepigastric,a〉胸腹壁の
thoracolumbar,a〉胸腰部の
thoracometer,胸部測定器
thoracopathy,胸部疾患
thoracoplasty,胸郭形成(術)
thoracoschisis,胸郭披裂(症)、胸郭裂(症)、胸裂(症)
thoracoscope,胸腔鏡
thoracoscopy,胸腔鏡検査(法)、胸腔鏡(法)
thoracostenosis,胸郭狭窄
thoracostomy,胸部造瘻(術)
thoracotomy,開胸(術)
thorax,胸郭
thread,糸
thrombectomy,血栓除去(術)
thrombin,トロンビン
thrombocyte,血小板、栓球
thrombocythemia,血小板血症、栓球血症
thrombocytopenia,血小板減少(症)
thrombocytopenic,a〉血小板減少(性)の
thrombocytosis,血小板増加(症)、血小板血症、栓球血症
thromboembolic,a〉血栓塞栓(症)の
thromboembolism,血栓塞栓症
thromboendarterectomy,血栓内膜摘出(術)
thromboendarteritis,血栓性動脈内膜炎
thrombogenesis,血餅形成
thrombokinetics,血栓形成動態
thrombolysis,血栓溶解
thrombolytic,a〉血栓溶解(性)の、血栓融解(性)の
thrombophlebitis,血栓性静脈炎
thrombopoiesis,血餅形成
thrombosis,血栓症、血栓形成
thrombostasis,血小板鬱滞(症)
thrombotic,a〉血栓(性)の、血栓症の
thrombus,血栓
thrypsis,粉砕骨折
thymic,a〉胸腺の
thymitis,胸腺炎
thymoanaleptic,感情賦活薬
thymocentric,a〉心情中心の、心情志向の
thymocyte,胸腺細胞
thymokinetic,a〉胸腺刺激の
thymoleptic,感情抑制薬
thymoma,胸腺腫
thymoprivous,a〉胸腺欠損の
thymus,胸腺
thymus dependent,a〉胸腺依存の
thyroactive,a〉甲状腺活性の
thyrocervical,a〉甲状頚動脈の
thyrochondrotomy,甲状軟骨切開(術)
thyroglobulin,サイログロブリン
thyroglossal,a〉甲状舌の
thyroid,a〉1_甲状腺の 2_甲状軟骨の n〉甲状腺
thyroid stimulating,a〉甲状腺刺激の
thyroiditis,甲状腺炎
thyroidologist,甲状腺学者
thyrotoxicosis,甲状腺中毒(症)
thyroxin(e),チロキシン(サイロキシン)、甲状腺ホルモン
tibia,《解》脛骨
tibiad,adv〉脛骨側へ
tibial,a〉脛骨の、脛側の
tibiofemoral,a〉脛大腿[骨]の
tibiofibular,a〉脛腓[骨]の
tibioperoneal,a〉脛腓[骨]の
tibiotarsal,a〉脛足根骨の
tidal,a〉１回換気の
tilt,傾くこと、傾斜、斜位
time,時間
time spatial,a〉時空間の
tinea,白癬
tinnitus,耳鳴り、耳鳴
tint,色合い
tinted,a〉着色の
tiredness,倦怠感
tissue,組織
titer,1_滴定量、滴定濃度、力価 2_脂肪酸の凝固点
titration,滴定
titre,1_滴定量、滴定濃度、力価 2_脂肪酸の凝固点
titrimetry,滴定測定(法)、滴定分析(法)
titubation,1_よろめき歩行 2_動揺
tocodynamometer,陣痛計
tocograph,陣痛記録図
tocography,陣痛記録法、トコグラフィ
tocology,産科学
tocolysis,陣痛抑制
tocolytic,a〉陣痛抑制の n〉陣痛抑制薬、子宮収縮抑制薬
tolerability,耐性
tolerance,1_寛容、許容度、耐性 2_《理化》公差
tolerogenic,a〉寛容原(性)の
tomogram,Ｘ線断層写真
tomograph,断層撮影装置
tomographic,a〉断層撮影(法)の
tomography,断層撮影(法)、Ｘ線断層写真法、トモグラフィー
tongue,舌
tonic,a〉緊張(性)の、強直(性)の
tonofilament,張細線維、張細糸
tonometer,1_眼圧計(ophthalmotonometer) 2_圧力計、張力計
tonometry,1_緊張力測定 2_眼内圧測定
tonsil,扁桃
tonsilla,扁桃
tonsillar,a〉扁桃の
tonsillectomy,扁桃摘出(術)、扁摘
tonsillitis,扁桃炎
tonsillolith,扁桃結石
tonsillopathy,扁桃疾患
tonsillopharyngitis,扁桃咽頭炎
tonsilloscopy,扁桃検査(法)
tonsillotome,扁桃切除刀
tonsillotomy,扁桃切除(術)
tonus,緊張、緊張度、トーヌス
tool,道具、ツール
tooth,《歯》歯、歯牙
toothache,歯痛
toothless,a〉歯のない、無歯の
topalgia,局所疼痛、局所痛
tophus,痛風結節
topical,a〉局所(性)の、局所的な
topoanesthesia,部位感覚消失
topographic(al),a〉局所解剖学の、局所解剖学的な
topography,局所解剖学
toponarcosis,局所麻酔
torque,トルク
torsion,捻転(症)
torticollis,斜頚
torus,《解》隆起
total,a〉全部の、総〜、全〜 n〉合計、総計
toxemia,毒血症
toxemic,a〉毒血症の
toxic,a〉1_毒の、毒物の 2_毒性の、中毒(性)の
toxicity,毒性
toxicological,a〉毒物学の、毒性学の、中毒学の
toxicologist,毒物学者
toxicology,毒物学、毒性学、中毒学、毒理学、トキシコロジー
toxicopathic,a〉中毒性疾患の、毒物性疾患の
toxicopathy,中毒性疾患、毒物性疾患
toxicophobia,毒物恐怖(症)
toxicosis,中毒(症)、中毒状態
toxiferous,a〉毒物産生の
toxigenic,a〉毒素産生の
toxigenicity,毒素産生能
toxin,毒素
toxinology,毒素学
toxoplasmosis,トキソプラスマ症
trabecula,小梁
trabeculectomy,線維柱帯切除(術)
trabeculotomy,線維柱帯切開(術)
trachea,《解》気管
tracheal,a〉気管の
trachealis,《解》気管筋
tracheitis,気管炎
trachelectomy,子宮頚部切除(術)
trachelematoma,胸鎖乳突筋血腫; 頚部血腫
trachelism,頚筋痙攣
trachelismus,頚筋痙攣
trachelitis,子宮頚炎
trachelodynia,頚痛、項部痛
trachelology,頚学
trachelopanus,1_頚部リンパ管拡張 2_子宮頚部リンパ管怒張
tracheloplasty,子宮頚形成(術)
trachelorrhaphy,子宮頚縫合(術)
tracheoarterial,a〉気管動脈の
tracheobronchial,a〉気管気管支の
tracheobronchomalacia,気管気管支軟化(症)
tracheobronchomegaly,気管気管支拡大(肥大)
tracheomalacia,気管軟化(症)
tracheostoma,気管瘻、気管フィステル
tracheostomal,a〉気管瘻の、気管フィステルの
tracheostomy,気管開口術、気管切開(術)
tracheotomy,気管切開(術)
tract,1_道 2_《解》路、索
traction,牽引(法)
tractus,《解》路、索
tragus,《解》耳珠
training,訓練
trait,1_特質、特性 2_形質
transactivation,トランス活性化
transalveolar,a〉経歯槽骨の
transamination,アミノ基転移
transcalent,a〉熱伝導(性)の
transcalvarial,a〉経頭蓋冠の
transcapillary,a〉経毛細血管の
transcarpal,a〉経手根の
transcellular,a〉経細胞の
transcervical,a〉経頚部の
transcranial,a〉経頭蓋の
transcript,転写物
transcription,転写
transcriptional,a〉転写の
transcutaneous,a〉経皮(性)の、経皮的な
transdermal,a〉経皮(性)の、経皮的な
transdermic,a〉経皮(性)の、経皮的な
transducer,変換器
transduction,形質導入
transepithelial,a〉経上皮の
transesophageal,a〉経食道の
transfection,トランスフェクション
transfer,1_転移 2_移入、運搬、伝達
transformation,1_変態 2_変換 3_変質 4_形質転換、転換 5_成分置換
transformer,変圧器、トランす
transfusion,1_輸血 2_輸液、輸注
transfusional,a〉1_輸血の 2_輸液の、輸注の
transgenic,a〉導入遺伝子の、トランスジーンの
transgingival,a〉移行歯肉の
transhepatic,a〉経肝の、経肝的な
transiliac,a〉腸骨間の
transitional,a〉移行の
transitory,a〉一過性の
transjugular,a〉経頚静脈の、経頚静脈的な
translaryngeal,a〉経喉頭の
translation,翻訳
translational,a〉翻訳の
translatory,a〉直進の、並進の
translucence,半透明
translucency,半透明
translucent,a〉半透明の
transmissible,a〉1_伝播性の、伝染性の 2_遺伝性の
transmission,1_透過 2_(神経の)伝達 3_(疾患の)伝染、感染
transmucosal,a〉経粘膜の
transmucous,a〉経粘膜の
transmural,a〉経壁の、通壁性の、貫壁性の
transocular,a〉経眼的な
transorbital,a〉経眼窩の
transovarial,a〉経卵巣の
transparency,透明性、透明度
transparent,a〉透明な、透明体の
transpeptidase,[[酵素]]トランスペプチダーゼ、ペプチド転移酵素
transperitoneal,a〉経腹膜の
transplacental,a〉経胎盤の
transplantable,a〉移植できる、移植可能な
transplantation,移植
transport,輸送
transportation,輸送
transposition,転位(DNAの)
transposon,動く遺伝子、トランスポゾン
transpubic,a〉経恥骨の
transpulmonary,a〉肺内外の
transpyloric,a〉幽門横断の
transrectal,a〉経直腸の
transsacral,a〉経仙骨孔の
transsegmental,a〉分節を超えて広がる
transseptal,a〉経中隔の
transsexual,a〉1_性倒錯の 2_性転換の n〉1_性倒錯者 2_性転換者
transsphenoidal,a〉経蝶形骨の
transsynaptic,a〉経シナプスの
transthalamic,a〉経視床の
transthoracic,a〉経胸腔の、胸腔通過の
transtracheal,a〉経気管の
transudatory,a〉漏出(性)の、浸出(性)の
transvaginal,a〉経膣の
transverse,a〉横行の、横走の
trapezoid,《解》小菱形骨
trauma,外傷、創傷、トラウマ
traumatic,a〉外傷(性)の
traumatism,外傷状態
traumatology,外傷学
traumatonesis,創傷縫合
traumatopathy,外傷性疾患
traumatopnea,外傷性呼吸困難
traumatopyra,創傷熱
traumatotherapy,外傷療法、創傷外科
travel,旅行
tray,《歯》トレー
treatment,1_治療 2_処理
tremor,振戦
tremulous,a〉震顫(性)の
triad,1_三つ組、三主徴、三徴候、三連構造 2_《理化》３価 3_《理化》三つ組元素
trial,1_試行、試験 2_《歯》試適
triangle,三角
trichiasis,睫毛乱生(症)
trichitis,毛根炎
trichloride,三塩化物
trichloroacetic,a〉トリクロール酢酸の
trichocryptosis,毛包病
trichoepithelioma,毛包上皮腫
trichoglossia,毛舌(症)
trichologia,抜毛癖
trichology,毛髪学
trichophytosis,白癬(症)
trichopoliodystrophy,白髪ジストロフィー
trichotilomania,抜毛癖、トリコチロマニー
trichotilomanic,a〉抜毛癖の
tricrotic,a〉三拍脈の
tricuspid,a〉1_三つの尖端のある、三尖弁の 2_《歯》三咬頭の n〉三尖構造物
tricuspidal,a〉1_三つの尖端のある、三尖弁の 2_《歯》三咬頭の
tricyclic,a〉三環の
trigeminal,a〉三叉神経の n〉三叉神経
trigeminy,三段脈
trigger,引き金
triglyceridemia,トリグリセリド血(症)
trigonal,a〉1_三角の 2_《理化》三方の
trigone,《解》三角
trigonocephaly,三角頭
trigonum,三角
trihydrate,三水和物
trilaminar,a〉三層の
trimester,1_３か月の期間 2_(３学期の)１学期
triopathy,トリオパチー、三症
trioxide,三酸化物
triphasic,a〉三相(性)の
triplegia,三肢麻痺
triplets,三つ子
triplex,a〉三つの部分からなる、三倍の、三重の
triplopia,三重視
tripod,三脚
triquestrum,《解》三角骨
triquetral,a〉(手の)三角骨の
trismus,開口障害、牙関緊急
trisomy,トリソミー
triticeous,a〉麦粒の
trivial,a〉1_些細な、重要でない 2_普通の、平凡な
trochanter,転子
trochanteric,a〉転子の
trochlea,《解》滑車
trochlear,a〉滑車神経の
trochocephaly,円形頭蓋(症)
trophic,a〉栄養の
trophology,栄養学
tropical,a〉熱帯(性)の
troubleshooting,トラブル対策
trough,(調剤･現像の)水槽
true,a〉真性の
trueness,真度
trunk,〜幹、体幹
trypsin,トリプシン
trypsinization,トリプシン処理
tryptase,トリプターゼ
tryptic,a〉トリプシンの
tuba,管
tubal,a〉卵管の
tubatorsion,卵管捻転
tube,1_管、チューブ 2_管球
tube shift,a〉管球移動の
tubectomy,卵管切除(術)、卵管摘出(術)
tuber,《解》結節、隆起
tubercle,《解》結節
tubercular,a〉結節状の
tuberculation,結核形成
tuberculoma,結核腫
tuberculophobia,結核恐怖(症)
tuberculosis,結核(症)
tuberculous,a〉結核(症)の
tuberomammillary,a〉隆起乳頭体の
tuberositas,《解》粗面
tuberosity,《解》粗面、結節
tubo abdominal,a〉卵管腹腔の
tuboligamentous,a〉卵管靭帯の
tubo ovarian,a〉卵管卵巣の
tuboperitoneal,a〉卵管腹膜の
tubouterine,a〉卵管子宮の
tubovaginal,a〉卵管膣の
tubular,a〉管状の、細管の、細管状の
tubule,細管、尿細管、小管
tubuloacinar,a〉管状房状の
tubuloacinous,a〉管状房状の
tubuloalveolar,a〉管状房状の
tubulointerstitial,a〉尿細管間質性の
tubulorrhexia,尿細管破裂
tubulovillous,a〉管状絨毛状の
tuft,房状分岐、叢
tularemia,野兎病
tumor,腫瘍
tumoral,a〉腫瘍(性)の
tumoricidal,a〉腫瘍破壊の、殺腫瘍の
tumorigenesis,発癌、腫瘍形成
tumorigenic,a〉腫瘍形成の、腫瘍発生の
tumorigenicity,腫瘍形成性、発癌性
tumorous,a〉腫瘍(性)の
tunica,《解》膜、層
tunnel,1_トンネル 2_管
turbid,a〉濁った
turbidimeter,濁度計
turbidimetry,濁り測定、濁度測定
turbidity,濁り度、混濁度
turbinal,a〉鼻口介の
turbinate,a〉鼻口介の
turbinated,a〉鼻口介の
turbine,タービン
turbulent,a〉乱流の
tussiculation,短い空咳、頻発軽咳
tussive,a〉咳性の
twilight,《理化》薄明
twin,1_双子 2_双胎*
twitch,単収縮
tyloma,胼胝、皮膚肥厚
tympanic,a〉1_鼓膜の 2_鼓室の
tympanitis,鼓室炎
tympanocentesis,鼓膜穿刺(術)
tympanometry,鼓膜聴力検査
tympanosclerosis,鼓膜硬化(症)
tympanous,a〉腹部膨満の、鼓腸の
type,型、タイプ
type specific,a〉型特異の
typhlatony,盲腸弛緩(症)
typhlectasis,盲腸拡張(症)
typhlocolitis,盲腸結腸炎
typhlodicliditis,回盲弁炎
typhlology,盲目学
typhlomegaly,盲腸巨大(症)
typhlopexy,盲腸固定(術)
typhloptosis,盲腸下垂(症)
typhlosis,盲目
typhlostenosis,盲腸狭窄(症)
typhoid,a〉チフスの
typhus,チフス
typical,a〉典型の･的な
typosis,周期性疾患
tyrosine,チロシン
ubiquitin,ユビキチン
ubiquitylation,ユビキチン化
ulcer,潰瘍
ulceration,潰瘍化、潰瘍形成
ulcerative,a〉潰瘍(性)の
ulcerogenesis,潰瘍形成、潰瘍発生
ulcerogenic,a〉潰瘍形成の、潰瘍発生の
ulegyria,瘢痕脳回(症)
ulerythema,瘢痕性紅斑
ulna,《解》尺骨
ulnar,a〉尺骨の
ulnocarpal,a〉尺骨手根の
ulnoradial,a〉尺橈骨の
ulodermatitis,瘢痕皮膚炎
ultrabrachycephalic,a〉超短頭の
ultracentrifugation,超遠心、超遠心分離(法)
ultradolichocephalic,a〉超長頭の
ultrafiltration,限外濾過
ultramicroscope,限外顕微鏡
ultramicroscopical,a〉限外顕微鏡の、限外顕微鏡的な
ultrasonic,a〉超音波の
ultrasonics,超音波(学)
ultrasonogram,超音波検査図、超音波検査像
ultrasonograph,超音波検査器
ultrasonographic,a〉超音波検査(法)の
ultrasonography,超音波検査(法)、超音波診断(法)
ultrastructural,a〉超微構造の、超微構造的な
ultrastructure,超微構造、超微形態
ultrathin,a〉(電顕用切片の)超薄の
ultraviolet,a〉紫外線の n〉紫外線
umbilical,a〉臍の、臍帯の 臍=へそ_臍帯=さいたい
umbilicus,臍、臍帯 a〉-臍=へそ_臍帯=さいたい
umbrella,傘
unaffected,a〉非罹患の
unbiased,a〉先入観のない、偏見のない、公平な
uncertain,a〉不確実な
uncertainty,不確実
unciform,a〉鈎状の、鈎形の
uncinariasis,鈎虫症
uncinate,a〉鈎状の、鈎形の
uncomfortable,a〉不愉快な、不快な、不安な
uncompensated,a〉非代償性の
unconsciousness,意識消失、意識不明、人事不省
unction,軟膏
uncus,1_鉤 こう * 2_《解》海馬回鉤 [L]
undecalcified,a〉非脱灰の
undercut,《歯》アンダーカット
underdose,過少量
underestimation,過少評価
undergrown,a〉発育不充分な
underlying,a〉1_下にある、基礎にある 2_潜在的な、隠された
undermining,a〉穿下性
undernutrition,低栄養
underventilation,低換気、呼吸低下
underweight,a〉重量不足の n〉重量不足
undetectable,a〉検出できない、検出不可能な
undifferentiated,a〉未分化の
undulating,a〉波状の
undulatory,a〉波状の
unerupted,a〉未萌出の
unexplained,a〉原因不明の
unguentum,軟膏
unguent,軟膏
unicellular,a〉単細胞の
unicornous,a〉一角の、単角の
unicuspid,a〉一尖の
unicystic,a〉単嚢胞(性)の
unidirectional,a〉一方向の
uniform,a〉一様の、一定の n〉制服、ユニフォーム
unilateral,a〉一側性の、片側性の
unilobar,a〉単葉の
unilocular,a〉単房性の
unimolecular,a〉一分子の、単分子の
uninuclear,a〉単核の
uniocular,a〉一眼の、単眼の
unipara,初産婦
unipennatus,半羽状筋
unipolar,a〉単極の
unipotent,a〉単能性の
unit,単位
unitarian,a〉単位の、単一の
unity,1_単一、同一、統一 2_調和 3_<[数]>一個
univariate,a〉単変量の
universe,宇宙
unknown,a〉1_無名の 2_未知の、未発見の
unmyelinated,a〉無髄の
unoriginal,a〉独創的でない
unpaired,a〉無対の
unpleasant,a〉不愉快な、不快な
unprofessional,a〉本職のない、専門的でない、専門家らしくない、職業倫理に反する
unripe,a〉未成熟の、未熟の
unsanitary,a〉非衛生の、非衛生的な
unsaturated,a〉非飽和の
unscarred,a〉瘢痕のない、傷跡のない
unsolvable,a〉(診断が)不可解な
unstable,a〉不安定な
unstratified,a〉非重層の
untreated,a〉未治療の
upper,a〉1_上方の 2_《歯》上顎の
upregulation,上流調節
upset,1_転覆、転倒 2_不調
uracil,ウラシル
urarthritis,尿酸性関節炎
uratic,a〉尿酸(性)の
uratoma,尿酸塩腫
urea,尿素
uremia,尿毒症
uremic,a〉尿毒症の
ureometer,尿素測定器
ureosecretory,a〉尿素分泌の
ureotelic,a〉尿素排出の
ureotelism,尿素排出
ureter,《解》尿管
ureteral,a〉尿管の
ureteralgia,尿管痛
ureterectasis,尿管拡張(症)
ureterectomy,尿管切除(術)
ureteric,a〉尿管の
ureteritis,尿管炎
ureterocele,尿管瘤
ureterocelectomy,尿管瘤切除(術)
ureterocolonic,a〉尿管結腸の
ureterocystoscope,尿管膀胱鏡
ureterodialysis,尿管破裂
ureterolith,尿管結石
ureterolithiasis,尿管結石症
ureterolithotomy,尿管切石(術)
ureterolysis,1_尿管破裂 2_尿管麻痺 3_癒着尿管剥離
ureteroneocystostomy,尿管膀胱吻合(術)
ureteronephrectomy,尿管腎切除(術)
ureteropathy,尿管疾患
ureteropelvic,a〉尿管腎盂の
ureteropelvioplasty,尿管腎盂形成(術)
ureteroplasty,尿管形成(術)
ureteropyelitis,尿管腎盂炎
ureteropyelography,尿管腎盂造影(法)、尿管腎盂撮影(法)
ureteropyeloneostomy,尿管腎盂吻合(術)
ureteropyelonephritis,尿管腎盂腎炎
ureteropyeloplasty,尿管腎盂形成(術)
ureteropyosis,尿管化膿(症)
ureterorenoscope,尿管腎鏡
ureterorenoscopy,尿管腎鏡検査(法)
ureterorrhagia,尿管出血
ureterorrhaphy,尿管縫合(術)
ureteroscopy,尿管内視鏡検査
ureterosigmoidostomy,尿管Ｓ状結腸吻合(術)
ureterostenosis,尿管狭窄(症)
ureterostomy,尿管造瘻(術)
ureterotomy,尿管切開(術)
ureterovaginal,a〉尿管膣の
ureterovesical,a〉尿管膀胱の
urethra,尿道
urethral,a〉尿道の
urethralgia,尿道痛
urethritis,尿道炎
urethrodynia,尿道痛
urethrogram,尿道造影図、尿道撮影図
urethrography,尿道造影(法)、尿道撮影(法)
urethrometry,尿道抵抗測定、尿道測定
urethropenile,a〉尿道陰茎の
urethroperineal,a〉尿道会陰の
uric,a〉尿の、尿からの
uricemia,尿酸血症
uricolysis,尿酸分解
uricolytic,a〉尿酸分解の
uricometer,尿酸計
uricosuria,尿酸尿症
uricosuric,a〉尿酸排泄の
uridine,ウリジン
urinalysis,尿検査、検尿
urinary,a〉尿の、尿性の、泌尿器の
urination,排尿
urine,尿
uriniferous,a〉輸尿の、尿輸送の
urinogenous,a〉尿起源の
urinometer,尿比重計
urinometeric,a〉尿比重測定(法)の
urinometry,尿比重測定(法)
urinoscopic(al),a〉尿検査の、検尿の
urinoscopy,尿検査、検尿
urinothorax,尿胸
urobilinemia,ウロビリン血(症)
urobilinogen,ウロビリノゲン
urocyst,膀胱
urocystic,a〉膀胱の
urocystitis,膀胱炎
urodynamics,尿路力学、尿流体力学
urodynia,排尿痛
uroepithelial,a〉尿路上皮の
uroflowmetry,尿流測定(法)
urogenital,a〉尿生殖の、尿生殖器の、泌尿生殖器の
urogenous,a〉尿生成の
urogram,尿路造影図、ウログラム
urography,尿路造影(法)
urogravimeter,尿比重計
urolith,尿石、尿結石
urolithiasis,尿石症、尿路結石症
urolithic,a〉尿石(症)の
urolithology,尿石学
urologist,泌尿器科医
urology,泌尿器科学
uropathy,尿路疾患
urophobia,排尿恐怖(症)
uropoiesis,尿生成、尿産生
uropoietic,a〉尿生成の、尿産生の
urorrhea,尿失禁
uroschesis,尿貯留、尿閉
uroscopy,尿検査、検尿
urosemiologic(al),a〉尿診断学の、尿診断学的な
urosemiology,尿診断学
urosepsis,尿路性敗血症
uroseptic,a〉尿路性敗血症の
urothelial,a〉尿路上皮の
urothelium,《解》尿路上皮
urticaria,蕁麻疹
urticarial,a〉蕁麻疹の、蕁麻疹様の
usage,1_使用 2_用法、使用法 3_慣例、慣用
use,1_使用 2_効用 3_用法、使用法
usefulness,有用性
user,利用者、ユーザ
uteralgia,子宮痛
uterine,a〉子宮の
uteritis,子宮炎
uteroabdominal,a〉子宮腹部の
uterocervical,a〉子宮頚部の
uterodynia,子宮痛
uteroexposure,胎内被曝
uterogestation,子宮内妊娠
uterogram,子宮造影図
uterographic,a〉子宮造影(法)の
uterography,子宮造影(法)
uterolith,子宮結石
uterolithiasis,子宮結石症
uterometer,子宮計
utero ovarian,a〉子宮卵巣の
uteroplacental,a〉子宮胎盤の
uterorectal,a〉子宮直腸の
uterosacral,a〉子宮仙骨の
uteroscope,子宮鏡
uterotonic,a〉子宮収縮(性)の n〉子宮収縮薬
uterotubal,a〉子宮卵管の
uterovaginal,a〉子宮膣の
uteroventral,a〉子宮腹腔(部)の
uterovesical,a〉子宮膀胱の
uterus,子宮
utility,利用、応用
utilization,利用
utricular,a〉1_小嚢の、小胞の 2_(内耳の)卵形嚢の
utriculitis,1_(内耳の)卵形嚢炎 2_前立腺小室炎
utriculoplasty,子宮縮小形成(術)
utriculosaccular,a〉卵形嚢の
uveitis,ブドウ膜炎
uveoparotitic,a〉ぶどう膜耳下腺性の
uvula,口蓋垂
uvular,a〉口蓋垂の
uvulitis,口蓋垂炎
uvulopalatopharyngoplasty,口蓋垂口蓋咽頭形成(術)
uvuloptosis,口蓋垂下垂(症)
vaccine,痘瘡ワクチン、ワクチン
vaccinia,牛痘(cowpox)、痘疹、ワクシニア
vacciniform,a〉痘瘡状の、痘疱状の
vaccinogenous,a〉ワクチンの
vaccinoid,a〉仮痘の、仮牛痘の
vaccinostyle,種痘刀、種痘針
vacuolar,a〉空胞の、空胞状の、液胞の
vacuolate,a〉空胞のある
vacuolation,空胞化
vacuole,液胞、空胞
vacuolization,空胞化
vacuolation,空胞化
vacuum,真空
vagal,a〉迷走神経の
vagina,1_《解》膣 2_莢膜、鞘膜
vaginal,a〉1_膣の 2_鞘の
vaginitis,膣炎
vaginofixation,膣固定(術)
vaginogram,膣造影図
vaginography,膣造影(法)
vaginolabial,a〉膣陰唇の
vaginoplasty,膣形成(術)
vaginotomy,膣切開(術)
vaginovesical,a〉膣膀胱の
vaginovulvar,a〉膣外陰の
vagitis,迷走神経炎
vagotolytic,a〉1_迷走神経剥離(術)の 2_迷走神経抑制[薬]の
vagotomy,迷走神経切断(術)
valgus,外反(症)
vallate,a〉有郭の、有壁の
value,値
valva,弁
valve,弁
valveless,a〉無弁の
valvotomy,弁切開(術)
valvula,弁 [L]
valvular,a〉弁の、心弁膜の、弁膜の
valvulitis,心弁膜炎、弁膜炎
valvulotome,弁切開刀
valvulotomy,弁膜切開(術)、弁切開(術)
variable,a〉可変(性)の、変異の n〉変数
variant,1_変異体 2_変種、変株 3_変異型
variation,変異
variceal,a〉静脈瘤(性)の
varicella,水痘
varicellation,水痘予防接種
variciform,a〉静脈瘤様の
varicocele,精索静脈瘤、陰嚢静脈瘤
varicocelectomy,精索静脈瘤切除(術)
varicose,a〉静脈瘤(性)の
varicosis,1_静脈瘤症 2_静脈怒張(phlebismus)
varicosity,静脈瘤様腫脹
variola,天然痘、痘瘡
varix,静脈瘤
varus,内反(症)
vascular,a〉血管(性)の、脈管の、血管分布性の
vasculitis,血管炎、脈管炎
vasculogenesis,脈管形成
vasculogenetic,a〉脈管形成の
vasoactive,a〉血管作用性の
vasoconstriction,血管収縮
vasoconstrictive,a〉血管収縮の
vasoconstrictor,1_血管収縮薬 2_血管収縮神経、昇圧神経 3_血管収縮因子
vasodentin,《歯》血管性象牙質
vasodilatation,血管拡張
vasodilating,a〉血管拡張の
vasodilation,血管拡張
vasodilator,1_血管拡張薬 2_血管拡張神経
vasodilatory,a〉血管拡張の
vasomotion,血管運動
vasomotor,a〉血管運動の
vasoneurosis,血管神経症
vasoneurotic,a〉血管神経症の
vasopermeability,血管浸透性、脈管浸透性
vasoplegia,血管麻痺
vasopressor,昇圧薬
vasoreactivity,血管反応性
vasoreflex,血管反射
vasorelaxant,a〉血管弛緩の n〉血管弛緩薬
vasorelaxation,血管弛緩
vasospasm,血管攣縮
vasospastic,a〉血管攣縮(性)の
vasovagal,a〉血管迷走神経性の
vector,ベクター、媒介者、媒介体、媒介動物
vectorcardiography,ベクトル心電図法
vegetal,a〉植物(性)の
vegetative,a〉1_栄養体の、植物性の 2_増殖性の
vein,《解》静脈
veinlet,小静脈
velocity,速度
velopharyngeal,a〉口蓋咽頭帆の
velosynthesis,口蓋帆縫合(術)
velum,帆
vena,静脈
venereal,a〉性病の、性病による
venereologic(al),a〉性病学の、性病学的な
venereology,性病学
venipuncture,静脈穿刺
venisection,静脈切開
venisuture,静脈縫合(術)
veno occlusive,a〉静脈閉塞の
venoarterial,a〉静脈動脈の
venoclysis,静脈注射
venoconstriction,静脈収縮
venoconstrictor,静脈収縮薬
venofibrosis,静脈硬化(症)
venogram,静脈造影図
venography,静脈造影(法)、静脈撮影(法)
venology,静脈学
venom,(毒蛇･サソリ･ハチの)毒液 毒、毒物
venomology,毒液研究、毒研究
venomotor,a〉静脈運動の
venomous,a〉毒液の、蛇毒の 有毒の
venopressor,a〉静脈収縮の n〉静脈収縮薬、昇圧薬
venosclerosis,静脈硬化(症)
venose,a〉静脈(性)の
venostasis,静脈鬱血
venostomy,静脈吻合(術)
venotomy,静脈切開(術)
venous,a〉静脈(性)の
venovenostomy,静脈静脈吻合術
venovenous,a〉静脈静脈の、静脈から静脈への
vent,穴、抜け口、通気孔、通風孔
venter,1_腹 2_筋腹
ventilation,換気
ventilator,送風機、通風機、換気扇
ventilatory,a〉換気の、送風の、通風の、通気の
ventral,a〉1_ 腹の、腹部の、腹側の 2_〔植〕内面の、下面の
ventricle,1_室、小室 2_心室 3_脳室
ventricular,a〉1_脳室の 2_心室(性)の 3_胃の 4_喉室の
ventriculitis,脳室炎
ventriculoatrial,a〉1_脳室心房の 2_房室の
ventriculogram,脳室造影図
ventriculography,脳室造影法
ventriculoperitoneal,a〉脳室腹腔の
ventriculopleural,a〉脳室胸腔の
ventriculopuncture,脳室穿刺
ventriculotomy,心室切開(術)、脳室切開(術)
ventriculus,室
ventrodorsal,a〉腹背の
ventrolateral,a〉腹外側の
ventromedial,a〉腹内側の
ventromedian,a〉腹側正中の
ventroposterior,a〉腹側と後側の
ventroscopy,腹腔鏡検査法
ventrotomy,開腹(術)、腹腔切開(術)
venular,a〉細静脈の
venule,《解》細静脈
venulitis,細静脈炎
vermicide,殺寄生虫薬、駆虫薬
vermicular,a〉虫状の 虫のような動作の、蠕動の
vermiform,a〉虫状の
vermifugal,a〉駆虫(性)の
verminal,a〉寄生虫(性)の
verminous,a〉寄生虫(性)の
vermis,《解》虫部
vermix,虫垂
vermography,虫垂撮影(法)
verruca,疣、疣贅 疣=いぼ疣贅=ゆうぜい
verruciform,a〉疣贅型の
verrucous,a〉疣状の、疣贅性の 疣=いぼ疣贅=ゆうぜい
vertebra,《解》椎骨
vertebral,a〉脊椎の、椎骨の
vertebrata,〔動〕脊椎動物亜門
vertebrate,a〉脊椎のある、脊椎動物門に属する n〉脊椎動物
vertebration,椎骨形成
vertebrobasilar,a〉椎骨脳底の
vertebromediastinal,a〉椎骨縦隔の
vertebroplasty,椎骨形成術
vertex,1_(レンズ面の)中心 2_頂; 頭蓋頂、頭頂
vertical,a〉垂直の、鉛直の、直立の、縦の
vertigo,眩暈、めまい
verumontanitis,精丘炎
verumontanum,精丘
vesica,《解》膀胱 [L]
vesical,a〉膀胱の
vesicle,小胞
vesicorectal,a〉膀胱直腸の
vesicoureteral,a〉膀胱尿管の
vesicouterine,a〉膀胱子宮の
vesicouterovaginal,a〉膀胱子宮膣の
vesicovaginal,a〉膀胱膣の
vesicovaginalis,《解》直腸膣筋
vesicula,小胞、小嚢
vesicular,a〉小胞の、小嚢の
vessel,1_脈管、血管 2_容器 3_船舶
vestibular,a〉前庭の
vestibule,《解》前庭
vestibulitis,前庭炎
vestibulo ocular,a〉前庭眼の
vestibulocochlear,a〉前庭蝸牛の
vestibulospinal,a〉前庭脊髄の
vestibulotoxic,a〉前庭毒性の
vestibulourethral,a〉外陰前庭尿道の
veterinary,a〉獣医学の
vial,バイアル
vibration,振動
vibratory,a〉震動(性)の
vibrometer,振動計
vicarious,a〉代償性の
vigilance,1_覚醒[状態]、覚醒度 2_不眠症(insomnia)
vigilant,a〉覚醒[状態]の
villioma,絨毛腫
villoma,絨毛腫
villous,a〉絨毛の、絨毛のような
villus,絨毛
viral,a〉ウイルス(性)の
viremia,ウイルス血症
viremic,a〉ウイルス血症の
virilism,男性化、男性症
virilization,男性化
virion,ビリオン
virogene,ウイルス遺伝子(部)
viroid,ウイロイド
virologic(al),a〉ウイルス学の、ウイルス学的な
virologist,ウイルス学者
virology,ウイルス学
virucidal,a〉殺ウイルス(性)の、抗ウイルス(性)の
virus,ウイルス
viscera,内臓、臓器
visceral,a〉内臓の、臓器の
viscerography,内臓造影(法)、内臓撮影(法)
viscerotrophic,a〉内臓栄養の
viscometer,粘度計
viscometeric,a〉粘度計の、粘度測定の
viscometry,粘度測定(法)
viscosity,粘性率、粘度
viscous,a〉粘性の
visible,a〉可視(性)の
vision,1_視覚、視力 2_視野
visual,a〉視覚の
visual spatial,a〉視空間失認の
visuosensory,a〉視覚の
vital,a〉1_生命の 2_活力･活気･生気のある
vitamin,ビタミン
vitellary,a〉卵黄の
vitelline,a〉卵黄の
vitellogenesis,卵黄形成
vitiliginous,a〉白斑の
vitrectomy,硝子体摘出(術)
vitreous,a〉ガラスの、ガラスのような、ガラス状の、硝子体液の
vitreum,《解》硝子体
vitrification,ガラス化、硝子化
viviparous,a〉胎生の
viviperception,生体観察
vivisection,生体実験、動物実験
vocabulary,語彙、用語、用語全体
vocal,a〉音声の
vocation,職業
vocational,a〉職業の
voiced,a〉《歯》有声の
voiding,a〉排尿時の n〉排尿
volar,a〉1_手掌の 2_足底の、足蹠の
volatile,a〉揮発性の
volt,ボルト
voltage,電圧
volume,1_容積 2_雑誌の巻
volumetric,a〉容積測定の、体積測定の
voluntary,a〉随意の
volunteer,志願者
volvulus,腸捻転
vomer,鋤骨 じょこつ
vomerine,a〉鋤骨の じょこつ
vomeronasal,a〉鋤鼻の
vomerorostral,a〉鋤骨吻の
vomit,吐物
vomiting,嘔吐
vomitive,a〉嘔吐の
vomiturition,空吐、頻回嘔吐
vomitus,1_嘔吐 2_吐物
vortex,《解》渦
voyeuristic,a〉窃視症の
vulcanization,加硫
vulgar,a〉尋常性の
vulgaris,尋常性の
vulnerability,易損性、脆弱性
vulnerable,a〉傷つきやすい、非難･攻撃をうけやすい、弱みのある; 敏感な
vulva,《解》外陰
vulval,a〉外陰の
vulvar,a〉外陰の
vulvectomy,外陰切除(術)
vulvitis,外陰炎
vulvocrural,a〉外陰大腿の
vulvouterine,a〉外陰子宮の
wakefulness,覚醒[状態]
wall,壁
wandering,a〉遊走(性)の
war,戦争
ward,病室、病棟
warehouse,倉庫
warning,注意、勧告、警告
wart,疣、疣贅 疣=いぼ_疣贅=ゆうぜい
washout,流失
waste,1_廃棄物 2_消耗
wastewater,汚水、廃水
water,水、水分
water borne,a〉水系感染の
water free,a〉無水の、水を含まない
water miscible,a〉水溶性の
water proof,a〉防水性の
water tight,a〉1_防水の、耐水性の 2_《理化》水密の
water soluble,a〉水溶性の
wave,波
wavelength,波長
wax,《歯》蝋、ワックス
wax added,a〉《歯》塗蝋(法)の
weak,a〉弱い、衰弱な、微弱な
weakness,衰弱
wear,摩耗[量]、摩損、摩滅
weather,天気
weathering,風化
wedge,楔、楔状の物 くさび
week,週
weekly,週刊誌
weight,重さ、重量
weight bearing,a〉荷重の、負荷の
weight loss,a〉減量の
welding,溶接
well defined,a〉境界明瞭な
well established,a〉確立･定着した
well fed,a〉栄養のよい
well leg,健肢
well nourished,a〉栄養良好な
wheal,膨疹、丘疹
wheelchair,車椅子
wheezing,喘鳴音
whiplash,1_鞭打ち 2_鞭打ち症*
white,白色
whitening,《歯》漂白、ホワイトニング
whoop,レプリーゼ
whorl,渦
width,幅
wild,a〉野生の
wild type,a〉野生型の
will,意志
window,窓
wing,翼
wire,《歯》針金、ワイヤー
wiring,《歯》結紮(法)
withdrawal,1_投与中止、離脱 2_禁断症状 3_消退
work,仕事、作業 作品
world,世界
wound,創傷
wrinkle,皺 しわ
wristdrop,下垂手
x ray,Ｘ線
xanthofibroma,黄色線維腫
xanthogranuloma,黄色肉芽腫
xanthogranulomatous,a〉黄色肉芽腫の
xanthoma,黄色腫
xanthomatosis,黄色腫症
xanthomatous,a〉黄色腫の
xenoantigen,異種抗原
xenobiotic,a〉生体異物の
xenogeneic,a〉異種間の
xenogenic,a〉異種間の
xenogenous,a〉外因性の、異物によって起きる
xenograft,異種移植片
xenophilia,外国[人]好き、異国好み
xenophilic,a〉外国[人]好きの、異国好みの
xenophobia,他人恐怖(症)、外国人嫌い
xenotransplantation,異種移植
xeransis,乾燥症
xerasia,毛髪乾燥症
xeroderma,乾皮症
xeromammography,乾式乳房Ｘ線撮影(法)
xerophasia,乾燥食摂取
xerophthalmia,眼球乾燥症
xerostomia,口腔乾燥症
xerotic,a〉乾性の
xiphisternum,剣状突起
xiphocostal,a〉剣状突起肋骨の
xiphoiditis,剣状突起炎
xiphopagus,剣状突起結合体
yaw,イチゴ腫
yeast,酵母
yellow,黄色
yellowish,a〉黄色がかった
yield,収量
yohimbine,ヨヒンビン
yolk,卵黄
zero,零
zero order,a〉ゼロ次の
zinc,<[元素]>亜鉛
zona,帯
zonal,a〉帯の、帯状の
zone,1_帯、層、ゾーン 2_《解》帯
zonula,小帯
zonular,a〉小帯の
zonule,小帯
zoo,動物園
zoodynamics,動物力学、動物生理学
zoogamete,<[遺伝]>運動配偶子
zoogony,動物発生
zoologic(al),a〉動物学の、動物学的な
zoologist,動物学者
zoology,動物学
zoomania,動物マニア
zoonosis,人畜共通感染症
zoonotic,a〉人畜共通感染症の
zoopathologic(al),a〉動物病理学の･的な
zoopathology,動物病理学
zoophilia,動物性愛、動物愛
zoophilic,a〉動物性愛の、動物愛の
zoophobia,動物恐怖(症)
zoosadism,動物虐待(症)
zoospermia,運動精子
zoster,帯状の
zwitterion,両性イオン、双性イオン
zygapophysial,a〉椎間の
zygapophyseal,a〉椎間の
zygoma,《解》頬骨弓、頬骨
zygomatic,a〉頬骨の、頬部の
zygomaticofacial,a〉頬骨顔面の
zygomatico orbital,a〉頬骨眼窩の
zygomaticotemporal,a〉頬骨側頭の
zygomycetes,接合菌類
zygomycosis,接合菌症
zygosis,《生物》接合、接合生殖
zygosity,《生物》接合状態
zygospore,《生物》接合胞子
zygote,《生物》接合体
zygotene,接合期
zygotic,a〉接合の
zymocyte,発酵菌
zymogen,酵素原、チモーゲン
zymogram,酵素電気泳動像、ザイモグラム
zymoid,類酵素
zymologic(al),a〉醸造学の･的な
zymology,発酵学
zymolysis,発酵作用
zymolytic,a〉酵素分解の
zymosis,1_発酵 2_チモーシス
zymotic,a〉発酵(性)の
